num_colors,H1,S1,L1,H2,S2,L2,H3,S3,L3,H4,S4,L4,H5,S5,L5,harmony_score
4,206,54,55,199,65,41,208,81,42,199,54,59,-1,-1,-1,9.18
5,348,40,43,346,68,52,342,85,43,348,85,64,346,56,54,9.37
5,116,41,39,85,53,61,304,73,61,69,73,35,283,52,66,8.97
4,46,40,73,173,47,44,287,89,53,63,55,73,-1,-1,-1,8.81
4,319,78,76,73,76,40,202,70,51,313,71,31,-1,-1,-1,9.2
5,53,48,71,78,89,33,33,86,60,69,42,36,71,55,75,9.22
4,207,58,39,348,76,55,158,51,66,350,79,41,-1,-1,-1,3.58
3,262,60,65,268,56,32,270,74,73,-1,-1,-1,-1,-1,-1,9.54
3,231,68,40,244,58,31,65,56,50,-1,-1,-1,-1,-1,-1,8.83
3,6,84,52,43,83,47,47,58,61,-1,-1,-1,-1,-1,-1,8.23
3,129,60,44,152,45,78,148,61,79,-1,-1,-1,-1,-1,-1,9.27
3,63,47,38,63,51,46,64,54,47,-1,-1,-1,-1,-1,-1,9.11
5,7,70,62,359,41,74,334,63,52,310,80,39,334,83,69,8.45
4,326,40,43,93,87,52,198,53,47,329,64,32,-1,-1,-1,8.85
4,290,46,77,47,55,77,171,73,69,281,51,66,-1,-1,-1,8.53
5,215,71,59,4,43,57,86,42,74,79,88,49,328,79,32,8.97
3,328,72,31,101,43,62,111,54,79,-1,-1,-1,-1,-1,-1,5.45
5,315,90,64,130,81,33,247,78,76,128,62,57,147,44,36,10.0
4,306,50,79,14,47,61,50,62,49,351,42,52,-1,-1,-1,3.67
3,36,64,56,18,69,52,343,41,76,-1,-1,-1,-1,-1,-1,8.5
3,79,86,54,288,70,46,327,61,77,-1,-1,-1,-1,-1,-1,8.41
5,117,82,45,116,88,48,116,52,72,116,66,62,112,49,39,8.62
4,16,47,51,132,65,48,255,50,59,18,52,37,-1,-1,-1,8.66
4,73,49,73,12,83,70,321,88,30,40,82,35,-1,-1,-1,5.43
5,135,44,33,196,69,78,290,46,63,109,60,41,145,73,77,9.51
3,156,51,34,278,50,69,39,87,35,-1,-1,-1,-1,-1,-1,9.28
4,63,86,47,52,75,53,4,90,51,31,60,41,-1,-1,-1,8.9
3,69,58,80,56,43,58,305,82,63,-1,-1,-1,-1,-1,-1,8.95
3,288,58,70,74,68,55,118,63,38,-1,-1,-1,-1,-1,-1,9.16
4,96,56,37,276,88,70,97,45,78,291,74,70,-1,-1,-1,10.0
5,240,81,59,244,52,58,191,76,31,342,44,52,15,89,59,8.51
3,283,48,53,39,87,67,168,41,71,-1,-1,-1,-1,-1,-1,8.88
4,319,86,53,347,51,63,334,47,64,9,87,33,-1,-1,-1,8.04
3,18,54,39,212,77,69,352,47,32,-1,-1,-1,-1,-1,-1,5.0
3,275,56,57,271,66,70,274,63,79,-1,-1,-1,-1,-1,-1,8.76
3,252,51,61,244,72,64,253,52,31,-1,-1,-1,-1,-1,-1,8.87
5,193,75,42,286,43,45,204,46,71,285,83,55,218,78,33,4.38
5,67,64,44,86,75,57,157,48,76,33,46,59,261,59,56,4.32
3,306,60,67,305,80,36,308,64,60,-1,-1,-1,-1,-1,-1,9.13
4,142,47,35,131,40,63,132,69,38,188,51,51,-1,-1,-1,8.18
4,92,72,38,202,84,60,339,50,66,87,40,69,-1,-1,-1,8.72
5,187,77,71,186,87,79,186,79,65,184,53,69,183,60,43,8.85
4,284,46,33,284,70,70,285,57,78,289,73,57,-1,-1,-1,10.0
5,7,48,50,169,58,37,60,90,73,285,40,72,300,71,76,9.23
5,247,41,40,187,69,42,283,65,72,149,86,66,175,87,73,4.11
4,282,51,72,122,83,54,209,47,54,129,81,36,-1,-1,-1,4.33
5,246,90,39,238,51,48,241,56,70,242,52,49,247,88,34,9.05
5,287,88,49,36,82,56,159,61,51,294,81,78,45,59,72,8.32
4,102,89,57,219,51,55,352,66,76,96,72,68,-1,-1,-1,8.93
4,128,59,64,250,64,61,4,79,61,125,83,58,-1,-1,-1,8.57
4,149,80,80,205,88,45,62,51,77,38,52,36,-1,-1,-1,5.45
4,282,57,45,188,70,61,335,42,69,294,79,33,-1,-1,-1,3.98
4,350,82,72,357,79,57,4,57,69,272,90,58,-1,-1,-1,3.52
5,63,69,75,345,45,46,101,74,57,228,48,45,155,84,37,8.39
3,170,75,43,165,65,55,163,63,79,-1,-1,-1,-1,-1,-1,8.64
4,80,85,73,94,88,71,258,64,78,90,43,44,-1,-1,-1,8.75
4,44,90,38,158,71,79,283,55,42,43,71,65,-1,-1,-1,9.85
4,192,58,34,222,60,70,247,84,33,212,87,79,-1,-1,-1,9.61
4,295,57,54,121,67,32,157,52,32,44,79,37,-1,-1,-1,3.78
3,302,81,44,273,60,47,283,57,69,-1,-1,-1,-1,-1,-1,8.13
3,30,80,45,32,47,35,62,74,56,-1,-1,-1,-1,-1,-1,8.4
5,32,77,76,146,42,39,268,73,35,32,86,72,146,67,52,9.87
5,304,42,68,308,74,61,264,61,76,311,54,79,319,61,71,8.36
3,320,88,45,276,68,36,306,58,32,-1,-1,-1,-1,-1,-1,8.57
4,248,73,71,263,63,49,258,89,52,272,77,36,-1,-1,-1,8.16
5,174,86,55,175,57,63,179,77,64,174,55,61,175,54,79,9.27
4,136,40,61,253,87,71,331,89,74,256,84,46,-1,-1,-1,8.59
5,123,70,78,116,58,69,120,65,36,115,80,74,117,89,69,9.45
4,194,64,42,164,43,31,174,75,71,192,88,75,-1,-1,-1,9.52
3,34,43,71,202,86,42,270,77,42,-1,-1,-1,-1,-1,-1,8.28
5,228,71,55,352,79,34,95,53,77,233,65,80,348,67,37,9.8
3,180,62,48,146,59,68,139,51,78,-1,-1,-1,-1,-1,-1,8.17
4,118,65,72,97,66,38,44,65,79,43,65,67,-1,-1,-1,9.44
5,343,72,39,61,77,34,181,64,42,50,77,54,296,90,65,8.13
4,123,88,71,125,90,52,127,49,52,124,81,49,-1,-1,-1,9.04
3,145,69,35,147,44,39,150,40,58,-1,-1,-1,-1,-1,-1,8.79
5,340,64,40,56,73,79,346,64,42,57,59,57,312,88,68,4.28
5,0,46,55,303,63,57,176,78,67,297,51,56,73,78,48,8.35
4,264,53,55,269,86,32,264,72,37,266,64,32,-1,-1,-1,8.58
5,25,70,65,168,50,54,162,43,69,177,71,39,234,54,41,3.89
3,146,83,68,83,58,76,166,85,49,-1,-1,-1,-1,-1,-1,8.29
3,245,67,49,3,58,52,110,82,72,-1,-1,-1,-1,-1,-1,8.68
3,139,43,42,206,82,39,204,60,45,-1,-1,-1,-1,-1,-1,8.23
5,258,48,47,166,41,57,243,90,68,13,83,34,22,44,75,8.82
3,97,70,30,97,84,43,202,42,63,-1,-1,-1,-1,-1,-1,3.9
4,160,61,77,153,90,58,151,65,33,159,55,65,-1,-1,-1,10.0
3,272,63,50,281,72,38,278,83,35,-1,-1,-1,-1,-1,-1,8.57
4,309,79,36,128,61,65,183,42,52,318,41,36,-1,-1,-1,9.05
3,101,82,67,113,67,51,147,85,68,-1,-1,-1,-1,-1,-1,8.34
4,29,48,38,331,54,61,41,44,79,193,90,40,-1,-1,-1,5.03
5,34,54,40,165,71,43,276,43,53,31,51,69,158,66,52,8.31
4,197,82,47,188,68,46,187,46,56,193,45,50,-1,-1,-1,8.93
5,3,46,33,8,54,64,9,89,54,4,82,51,11,57,50,8.64
5,287,44,40,41,70,57,303,74,39,16,75,37,122,81,75,4.19
4,158,79,39,11,58,75,222,68,65,218,62,75,-1,-1,-1,3.72
5,293,63,80,340,58,40,308,60,75,349,72,80,330,56,50,9.24
3,123,83,44,247,83,75,7,80,47,-1,-1,-1,-1,-1,-1,8.17
5,36,62,75,132,62,35,201,84,62,142,88,77,239,66,54,4.56
4,75,55,53,107,49,62,323,68,50,340,79,34,-1,-1,-1,3.75
4,89,87,47,91,87,71,88,51,58,97,48,66,-1,-1,-1,9.18
5,7,43,44,14,63,42,189,73,80,95,68,73,241,55,36,9.19
4,5,59,61,226,55,49,8,44,66,74,42,39,-1,-1,-1,3.53
3,133,85,57,122,50,51,159,57,59,-1,-1,-1,-1,-1,-1,8.24
4,77,60,72,79,85,50,77,68,44,81,85,67,-1,-1,-1,9.43
5,155,40,57,96,68,57,95,49,69,117,81,50,126,59,30,8.39
4,308,86,50,315,77,55,263,67,53,299,81,53,-1,-1,-1,8.18
3,326,81,32,1,55,39,240,44,42,-1,-1,-1,-1,-1,-1,3.9
5,325,56,50,86,88,48,198,43,72,321,48,66,91,70,30,8.47
4,160,86,34,153,77,50,163,57,78,161,41,37,-1,-1,-1,9.78
5,58,80,67,63,48,48,63,78,48,63,53,58,63,79,30,9.48
5,217,51,55,217,45,55,214,43,52,216,58,73,222,56,65,8.56
3,35,62,43,158,51,74,286,78,43,-1,-1,-1,-1,-1,-1,8.18
3,94,69,71,88,45,38,61,80,54,-1,-1,-1,-1,-1,-1,8.6
3,290,55,43,47,84,42,178,45,45,-1,-1,-1,-1,-1,-1,8.97
5,69,40,73,160,88,71,238,59,41,132,58,67,224,62,62,3.59
4,355,67,40,357,90,77,356,89,31,0,76,39,-1,-1,-1,10.0
3,196,88,30,319,76,71,85,61,72,-1,-1,-1,-1,-1,-1,9.03
3,117,75,64,239,83,70,134,90,51,-1,-1,-1,-1,-1,-1,3.66
4,253,58,58,205,66,40,226,41,72,222,69,42,-1,-1,-1,8.57
5,193,84,48,147,79,61,211,47,48,185,76,43,217,52,73,8.3
5,139,79,77,277,43,47,38,71,69,145,66,45,273,64,80,8.95
4,189,66,39,145,55,34,253,85,69,138,65,56,-1,-1,-1,4.47
3,150,54,46,127,45,38,68,74,61,-1,-1,-1,-1,-1,-1,8.1
3,83,63,55,28,54,66,79,42,62,-1,-1,-1,-1,-1,-1,8.61
5,264,41,72,292,75,35,352,57,69,285,86,31,22,81,60,4.88
3,97,85,37,179,65,62,173,59,46,-1,-1,-1,-1,-1,-1,8.25
4,155,75,67,282,44,35,46,71,32,146,42,55,-1,-1,-1,8.48
4,217,85,41,215,42,40,214,62,47,213,43,45,-1,-1,-1,8.68
3,131,44,31,130,66,36,133,82,75,-1,-1,-1,-1,-1,-1,9.72
4,183,87,38,180,43,65,174,78,46,181,42,55,-1,-1,-1,9.27
5,317,79,54,83,60,54,211,60,62,336,67,44,93,73,49,8.23
4,239,52,51,238,83,31,242,80,52,240,90,30,-1,-1,-1,8.83
5,208,60,48,243,42,33,10,75,54,222,42,46,194,87,74,8.8
4,231,88,49,335,65,30,106,73,77,225,86,75,-1,-1,-1,9.72
4,104,70,66,341,84,72,340,47,33,345,90,53,-1,-1,-1,8.87
4,111,71,38,238,77,30,351,80,66,103,56,61,-1,-1,-1,9.66
4,312,81,33,81,65,75,209,79,80,311,43,31,-1,-1,-1,9.05
5,163,66,42,285,60,65,40,57,69,170,47,56,290,61,34,8.01
3,68,71,73,199,78,78,321,83,79,-1,-1,-1,-1,-1,-1,8.6
5,14,58,50,63,46,37,54,45,79,64,51,71,45,42,32,9.0
4,143,71,48,325,68,57,102,68,50,8,40,61,-1,-1,-1,9.0
4,253,57,41,289,57,73,71,71,52,282,40,71,-1,-1,-1,9.44
4,182,82,45,186,77,42,182,82,71,177,62,66,-1,-1,-1,8.9
4,6,61,69,42,51,61,250,90,40,12,57,42,-1,-1,-1,8.9
3,219,42,35,206,90,51,221,45,56,-1,-1,-1,-1,-1,-1,9.43
4,220,80,74,353,41,73,116,74,73,220,76,39,-1,-1,-1,8.36
3,200,60,60,197,74,50,202,69,71,-1,-1,-1,-1,-1,-1,9.38
4,31,67,80,30,71,37,29,43,35,35,54,58,-1,-1,-1,10.0
5,323,69,72,99,57,35,193,62,73,31,81,38,238,42,49,5.35
4,186,70,54,178,86,43,185,55,77,176,88,77,-1,-1,-1,8.69
3,250,82,79,6,60,51,119,62,79,-1,-1,-1,-1,-1,-1,8.6
3,256,62,37,249,50,61,38,78,59,-1,-1,-1,-1,-1,-1,4.47
3,163,64,57,147,69,71,150,74,61,-1,-1,-1,-1,-1,-1,9.24
3,46,76,48,131,68,69,161,77,36,-1,-1,-1,-1,-1,-1,3.77
3,337,65,40,312,78,60,305,52,54,-1,-1,-1,-1,-1,-1,8.08
4,113,68,33,244,77,73,355,83,38,118,53,38,-1,-1,-1,9.32
4,319,41,33,307,74,62,240,63,65,299,72,73,-1,-1,-1,9.95
4,261,82,51,154,41,66,200,55,39,153,52,49,-1,-1,-1,4.3
4,319,83,78,164,58,66,57,88,77,67,47,67,-1,-1,-1,4.37
3,264,66,48,289,82,32,247,80,43,-1,-1,-1,-1,-1,-1,8.33
5,241,40,73,240,85,61,241,63,33,238,44,64,236,79,77,10.0
3,67,66,68,304,61,60,138,47,80,-1,-1,-1,-1,-1,-1,8.47
5,137,45,59,145,90,79,137,79,43,137,76,67,140,85,47,8.6
3,214,62,44,199,42,76,205,79,45,-1,-1,-1,-1,-1,-1,9.07
5,47,40,57,161,70,72,199,71,58,117,59,65,233,75,78,8.63
3,249,44,72,246,69,31,247,70,57,-1,-1,-1,-1,-1,-1,9.87
4,86,40,78,84,49,44,145,63,47,93,55,34,-1,-1,-1,9.21
5,156,89,64,142,64,58,360,75,65,15,84,56,294,66,58,8.5
4,156,49,61,265,45,56,21,59,52,142,87,41,-1,-1,-1,8.25
3,46,55,73,347,62,76,37,88,78,-1,-1,-1,-1,-1,-1,8.59
5,72,58,52,93,74,80,32,56,33,78,53,30,63,56,50,9.78
3,293,40,61,55,41,36,177,44,60,-1,-1,-1,-1,-1,-1,8.3
5,132,41,55,345,47,53,323,49,64,337,58,75,120,63,34,3.59
3,148,54,30,8,80,50,333,75,54,-1,-1,-1,-1,-1,-1,9.06
3,11,88,61,129,82,57,249,89,39,-1,-1,-1,-1,-1,-1,8.27
5,85,80,60,195,45,31,228,49,40,296,88,57,350,76,68,8.54
4,1,51,53,148,66,30,79,68,47,37,41,32,-1,-1,-1,3.97
4,95,54,51,148,65,58,163,52,42,31,58,61,-1,-1,-1,3.87
4,137,90,59,176,73,55,130,56,66,131,89,77,-1,-1,-1,8.4
4,256,58,72,241,67,65,340,88,31,142,71,47,-1,-1,-1,4.61
3,337,49,55,279,55,50,23,85,37,-1,-1,-1,-1,-1,-1,4.41
3,136,58,65,287,69,73,50,52,72,-1,-1,-1,-1,-1,-1,8.67
5,280,49,31,47,78,66,167,51,71,272,61,78,43,71,53,9.65
5,128,68,30,261,89,74,21,40,64,140,83,36,263,60,32,9.01
3,154,41,53,193,54,50,65,67,65,-1,-1,-1,-1,-1,-1,3.79
3,306,65,42,313,83,40,305,84,48,-1,-1,-1,-1,-1,-1,9.4
3,169,90,43,296,49,31,175,68,39,-1,-1,-1,-1,-1,-1,8.74
3,118,57,62,283,74,33,262,82,48,-1,-1,-1,-1,-1,-1,3.88
3,178,89,33,178,72,78,177,55,67,-1,-1,-1,-1,-1,-1,9.54
3,134,87,72,106,46,53,225,76,32,-1,-1,-1,-1,-1,-1,5.26
4,22,45,72,320,74,71,184,84,76,324,63,36,-1,-1,-1,5.36
4,129,70,50,132,76,78,135,78,51,135,79,66,-1,-1,-1,8.55
4,302,66,77,53,62,41,162,78,74,289,71,58,-1,-1,-1,8.97
5,105,84,66,106,44,34,129,50,54,103,44,59,261,51,78,3.75
4,243,67,34,9,47,54,236,73,46,7,86,31,-1,-1,-1,8.1
4,250,83,44,238,59,54,293,53,73,83,49,50,-1,-1,-1,3.56
4,11,83,71,15,58,73,19,77,64,14,63,48,-1,-1,-1,9.47
4,337,48,78,89,86,78,253,90,65,177,86,72,-1,-1,-1,8.69
5,81,89,42,125,43,56,59,78,52,79,59,41,124,67,34,8.53
4,352,56,49,352,80,65,349,42,43,346,65,68,-1,-1,-1,9.16
5,295,80,79,308,71,80,292,78,38,300,80,77,287,44,42,9.87
4,156,62,53,308,41,65,163,50,53,315,75,73,-1,-1,-1,3.61
3,96,79,66,128,89,63,120,48,56,-1,-1,-1,-1,-1,-1,8.93
5,99,59,69,222,46,43,327,82,32,104,59,72,223,40,39,9.12
4,113,61,46,130,58,42,188,83,46,176,56,72,-1,-1,-1,8.24
3,93,42,60,211,72,37,344,83,60,-1,-1,-1,-1,-1,-1,8.05
3,20,58,79,19,41,63,18,88,49,-1,-1,-1,-1,-1,-1,9.39
5,267,79,51,267,46,30,268,50,49,262,50,39,259,70,68,8.69
5,208,52,46,184,63,50,195,62,32,207,88,68,244,40,65,8.1
5,354,72,79,45,41,47,23,58,62,354,50,70,3,59,56,8.02
3,291,71,37,294,76,69,291,87,53,-1,-1,-1,-1,-1,-1,9.28
5,129,53,72,253,40,67,359,69,38,132,58,70,241,61,72,8.14
3,48,56,59,155,82,79,276,41,57,-1,-1,-1,-1,-1,-1,8.85
5,104,47,56,102,56,34,104,48,43,100,55,31,103,52,45,8.8
4,22,58,62,130,47,63,263,87,69,11,67,40,-1,-1,-1,3.85
3,64,90,46,61,69,69,61,76,37,-1,-1,-1,-1,-1,-1,9.19
5,206,44,40,214,53,75,210,46,80,211,43,69,205,54,70,9.28
4,58,51,44,170,87,40,298,53,63,54,64,75,-1,-1,-1,8.69
4,339,87,39,17,42,42,35,59,65,30,57,79,-1,-1,-1,9.53
3,329,64,57,220,63,49,217,68,58,-1,-1,-1,-1,-1,-1,3.7
5,22,75,80,95,73,75,17,41,49,90,76,43,277,74,47,9.92
4,123,71,76,152,62,66,247,47,77,30,87,41,-1,-1,-1,4.44
4,121,57,50,254,56,68,0,89,72,131,74,73,-1,-1,-1,8.95
5,0,64,54,275,87,54,9,66,56,344,45,52,236,45,37,3.52
5,61,71,65,234,90,76,31,42,76,226,80,66,249,54,34,4.68
5,176,55,77,301,58,78,50,41,67,165,42,55,293,89,30,9.61
3,70,44,78,73,48,50,111,88,31,-1,-1,-1,-1,-1,-1,9.66
5,134,41,71,137,61,63,138,74,74,131,65,45,128,54,73,9.34
3,172,72,46,167,49,80,165,61,31,-1,-1,-1,-1,-1,-1,10.0
5,46,55,70,161,73,67,286,55,42,31,43,78,159,57,33,9.42
5,145,80,61,145,62,68,137,88,41,145,58,64,145,41,52,9.26
4,157,42,38,159,55,71,153,74,78,157,48,46,-1,-1,-1,10.0
4,153,63,80,172,72,34,120,51,44,136,74,58,-1,-1,-1,9.63
4,78,64,59,205,48,71,319,75,41,80,85,56,-1,-1,-1,8.93
3,83,89,46,145,40,76,119,66,40,-1,-1,-1,-1,-1,-1,9.33
3,7,40,50,242,57,76,96,90,37,-1,-1,-1,-1,-1,-1,9.19
3,234,54,62,235,70,34,236,53,73,-1,-1,-1,-1,-1,-1,10.0
3,148,42,73,281,90,64,28,69,80,-1,-1,-1,-1,-1,-1,8.01
3,42,60,46,59,53,30,334,52,71,-1,-1,-1,-1,-1,-1,9.26
4,270,55,72,267,49,45,269,61,32,271,62,36,-1,-1,-1,10.0
5,246,58,36,0,80,31,129,53,55,250,57,55,11,45,62,8.86
4,249,82,48,161,72,45,201,84,31,311,78,37,-1,-1,-1,3.66
4,324,80,55,210,66,57,327,61,47,215,43,45,-1,-1,-1,4.18
4,129,80,66,137,43,37,19,59,40,140,53,78,-1,-1,-1,9.19
3,254,47,65,258,88,60,263,81,73,-1,-1,-1,-1,-1,-1,9.1
5,283,48,33,294,75,70,277,49,34,244,71,62,307,44,52,8.66
5,347,44,40,179,83,75,250,50,60,69,81,57,25,73,56,8.03
5,60,86,34,64,42,76,62,82,61,64,57,44,55,74,38,9.66
4,335,52,42,322,53,39,10,56,53,1,56,36,-1,-1,-1,8.97
5,0,54,60,7,43,33,12,42,69,348,47,70,27,80,48,8.74
3,105,70,33,108,73,36,100,76,52,-1,-1,-1,-1,-1,-1,8.72
5,132,53,49,108,68,79,157,66,54,136,79,70,96,59,50,8.86
3,251,83,68,334,48,37,47,73,35,-1,-1,-1,-1,-1,-1,5.02
4,286,75,60,294,54,40,274,53,78,310,74,52,-1,-1,-1,8.94
5,311,84,56,355,59,72,336,89,63,312,78,69,356,41,37,9.0
5,147,43,48,154,53,35,147,64,74,147,74,42,154,59,66,9.37
3,140,54,34,197,48,56,172,87,66,-1,-1,-1,-1,-1,-1,8.41
3,218,60,39,253,49,41,225,40,64,-1,-1,-1,-1,-1,-1,8.74
4,171,44,45,305,60,73,62,41,59,168,62,72,-1,-1,-1,8.42
5,188,57,30,177,49,64,152,82,54,190,75,55,198,70,46,8.92
5,4,77,46,342,54,61,169,43,37,0,43,73,288,50,72,8.17
3,152,56,50,146,82,54,148,74,51,-1,-1,-1,-1,-1,-1,8.56
5,324,87,55,322,87,42,346,53,55,24,87,69,31,86,45,8.98
3,348,62,79,4,77,75,147,49,63,-1,-1,-1,-1,-1,-1,4.24
4,109,78,30,216,41,47,297,53,37,347,59,53,-1,-1,-1,8.83
5,28,89,40,152,46,77,355,86,38,149,85,56,124,44,68,5.45
3,61,43,74,306,84,53,210,47,79,-1,-1,-1,-1,-1,-1,8.59
4,274,50,50,275,79,47,276,82,47,276,85,37,-1,-1,-1,8.5
3,356,80,30,254,65,43,177,43,54,-1,-1,-1,-1,-1,-1,8.83
4,296,44,35,19,60,64,284,62,67,23,79,52,-1,-1,-1,3.92
5,292,47,74,292,77,56,288,68,49,288,86,66,285,51,75,8.92
3,291,61,42,265,61,63,284,50,76,-1,-1,-1,-1,-1,-1,8.07
3,283,49,50,289,76,70,295,72,63,-1,-1,-1,-1,-1,-1,9.44
4,345,68,67,24,55,41,332,67,60,16,50,59,-1,-1,-1,8.67
5,300,58,69,298,83,58,304,88,77,300,83,52,300,87,80,9.35
4,271,51,53,33,71,67,157,86,48,279,71,57,-1,-1,-1,8.16
3,138,55,66,242,71,50,49,40,62,-1,-1,-1,-1,-1,-1,3.56
3,35,72,61,14,66,57,64,61,51,-1,-1,-1,-1,-1,-1,8.23
3,41,85,78,172,68,41,5,50,33,-1,-1,-1,-1,-1,-1,5.2
3,70,47,70,177,68,67,294,62,77,-1,-1,-1,-1,-1,-1,8.1
3,329,49,62,79,64,59,207,44,77,-1,-1,-1,-1,-1,-1,8.53
3,55,41,74,165,67,74,296,64,63,-1,-1,-1,-1,-1,-1,8.66
5,141,83,43,93,68,66,205,40,65,94,66,59,309,47,65,3.69
3,23,69,38,21,51,39,25,75,67,-1,-1,-1,-1,-1,-1,8.7
4,28,52,72,297,87,71,167,88,42,314,87,47,-1,-1,-1,8.06
4,5,59,39,311,75,40,264,51,56,169,66,66,-1,-1,-1,3.82
5,111,67,60,344,52,71,111,64,65,343,90,39,83,50,41,4.07
4,110,87,42,109,77,42,98,66,52,136,70,71,-1,-1,-1,8.54
5,318,51,44,313,54,46,270,69,57,240,69,40,107,57,71,3.62
4,49,70,54,170,67,66,290,86,73,58,55,77,-1,-1,-1,8.15
5,80,80,61,75,85,73,72,86,53,70,48,78,80,78,67,8.54
5,22,70,61,16,89,68,22,80,31,18,40,76,16,51,70,10.0
5,352,78,73,336,60,65,66,74,39,208,58,43,54,65,41,8.05
5,352,57,59,359,59,35,327,66,30,296,88,30,291,54,60,8.15
3,175,52,35,172,42,39,168,55,54,-1,-1,-1,-1,-1,-1,9.02
5,287,57,54,24,51,46,70,42,67,32,54,62,94,62,52,3.91
5,227,76,48,228,78,67,229,53,67,222,88,64,230,52,58,8.86
4,143,90,44,141,69,37,139,65,63,136,80,35,-1,-1,-1,9.05
3,127,46,51,232,40,55,8,72,63,-1,-1,-1,-1,-1,-1,8.01
5,86,53,71,210,71,55,332,85,36,93,43,57,206,84,30,8.38
3,125,62,79,333,75,42,70,53,61,-1,-1,-1,-1,-1,-1,4.9
4,123,75,36,128,90,75,126,56,75,124,88,62,-1,-1,-1,9.85
4,233,50,32,227,89,70,208,62,77,196,78,43,-1,-1,-1,9.32
3,357,75,47,106,48,63,317,87,78,-1,-1,-1,-1,-1,-1,4.12
3,286,71,55,45,67,77,42,73,66,-1,-1,-1,-1,-1,-1,8.61
4,310,56,46,68,71,49,179,56,36,304,57,63,-1,-1,-1,8.71
3,179,50,32,179,87,53,196,61,77,-1,-1,-1,-1,-1,-1,9.55
4,155,85,44,182,63,60,186,44,38,154,80,57,-1,-1,-1,8.75
4,323,79,49,326,62,34,335,82,37,307,41,56,-1,-1,-1,8.23
3,169,84,67,104,67,44,347,48,64,-1,-1,-1,-1,-1,-1,8.61
4,287,83,74,208,57,48,55,72,79,211,71,40,-1,-1,-1,9.05
4,321,59,60,281,79,47,279,65,49,264,70,48,-1,-1,-1,8.04
3,305,48,41,307,85,49,298,43,67,-1,-1,-1,-1,-1,-1,8.78
4,162,62,40,286,86,69,37,73,42,164,50,36,-1,-1,-1,8.34
5,153,69,65,32,75,60,159,73,40,164,41,75,134,41,79,3.62
4,31,84,75,267,87,78,13,84,68,341,64,57,-1,-1,-1,3.85
5,160,73,44,90,53,80,195,55,46,125,88,43,313,77,64,8.34
5,253,59,73,257,84,80,252,48,54,258,86,40,252,83,55,8.5
5,94,80,52,23,55,66,46,84,66,71,81,35,39,62,39,8.19
5,335,54,72,333,83,31,329,41,34,336,76,40,328,80,39,9.14
4,285,57,46,25,48,51,1,59,46,9,68,47,-1,-1,-1,4.46
5,39,51,57,130,59,77,311,81,68,313,42,47,94,56,50,9.09
4,3,72,54,121,47,30,244,45,69,9,68,70,-1,-1,-1,9.32
5,226,88,39,126,65,75,235,51,41,221,71,30,145,42,68,5.38
5,336,76,31,306,72,39,313,56,74,274,55,35,272,65,66,9.81
5,34,51,63,37,56,40,292,84,52,39,81,67,6,43,59,3.51
4,207,44,54,81,84,58,320,63,30,51,46,65,-1,-1,-1,8.27
3,297,83,38,303,62,52,303,62,33,-1,-1,-1,-1,-1,-1,8.98
3,189,90,66,120,75,54,144,59,78,-1,-1,-1,-1,-1,-1,8.15
5,192,54,38,298,79,42,114,51,51,210,43,76,13,85,42,3.89
3,239,72,56,241,75,39,245,41,34,-1,-1,-1,-1,-1,-1,8.63
5,153,41,39,189,73,78,169,43,47,173,90,68,109,76,31,10.0
3,172,41,76,197,51,45,136,82,41,-1,-1,-1,-1,-1,-1,9.92
5,60,69,57,346,57,63,268,45,43,149,41,72,173,80,48,4.33
4,104,41,48,218,45,38,342,44,73,113,55,46,-1,-1,-1,8.6
4,324,60,64,125,63,59,7,70,31,49,69,79,-1,-1,-1,4.77
5,100,83,36,89,55,61,47,64,49,89,67,66,110,61,40,8.21
3,349,64,66,100,70,75,62,41,64,-1,-1,-1,-1,-1,-1,3.77
3,143,43,53,140,75,64,137,56,67,-1,-1,-1,-1,-1,-1,9.48
5,145,65,40,36,80,37,52,83,44,30,73,48,157,63,51,3.87
3,262,77,55,164,60,57,334,52,42,-1,-1,-1,-1,-1,-1,9.19
3,262,83,56,268,83,41,281,62,44,-1,-1,-1,-1,-1,-1,9.09
3,168,66,68,174,43,77,172,53,73,-1,-1,-1,-1,-1,-1,9.44
4,306,41,31,139,84,78,75,78,40,94,44,44,-1,-1,-1,9.62
3,50,86,73,44,49,50,44,40,30,-1,-1,-1,-1,-1,-1,10.0
5,76,47,64,150,62,31,241,82,78,145,60,74,326,62,75,9.11
4,34,82,78,233,60,44,93,67,65,296,77,42,-1,-1,-1,4.02
5,232,46,79,350,55,35,109,56,51,229,57,30,345,86,51,9.97
3,213,84,31,227,69,51,355,76,68,-1,-1,-1,-1,-1,-1,9.19
3,212,88,79,126,61,53,94,75,61,-1,-1,-1,-1,-1,-1,4.05
5,205,74,37,330,61,34,88,47,66,217,87,58,325,76,50,8.84
5,7,64,31,316,89,42,17,67,40,142,61,30,172,54,64,8.57
3,347,82,76,47,73,43,124,45,59,-1,-1,-1,-1,-1,-1,3.59
5,133,53,74,31,50,32,341,81,80,103,89,35,126,47,79,4.72
5,240,76,54,180,71,69,119,78,51,197,81,79,181,57,43,4.17
4,306,63,63,5,54,79,270,83,48,5,47,77,-1,-1,-1,4.15
5,284,60,40,125,73,57,95,48,76,185,74,57,220,48,53,9.43
4,76,84,39,72,72,42,78,64,68,78,49,35,-1,-1,-1,9.02
5,156,61,38,158,41,80,166,40,71,175,50,59,210,88,77,9.32
3,254,75,40,63,41,69,148,55,31,-1,-1,-1,-1,-1,-1,4.61
3,346,41,59,290,85,47,287,56,48,-1,-1,-1,-1,-1,-1,8.01
4,264,75,74,50,86,48,43,77,31,56,68,39,-1,-1,-1,5.17
4,227,56,57,246,48,43,72,41,47,245,68,80,-1,-1,-1,9.11
5,265,42,34,41,45,48,132,86,30,81,80,56,20,60,56,8.83
3,34,82,42,148,75,40,277,47,33,-1,-1,-1,-1,-1,-1,8.21
3,255,62,53,0,63,51,124,44,63,-1,-1,-1,-1,-1,-1,8.84
3,89,83,56,194,85,80,164,89,48,-1,-1,-1,-1,-1,-1,4.12
3,195,52,62,129,48,78,88,78,50,-1,-1,-1,-1,-1,-1,3.78
3,278,41,79,272,87,78,269,79,58,-1,-1,-1,-1,-1,-1,8.52
3,212,86,39,203,41,48,206,46,37,-1,-1,-1,-1,-1,-1,8.51
3,97,78,50,239,79,60,188,40,63,-1,-1,-1,-1,-1,-1,3.97
5,354,53,51,15,90,57,241,80,60,314,53,30,91,76,78,4.82
4,281,47,57,197,56,66,195,74,37,192,56,78,-1,-1,-1,8.65
4,7,58,59,96,88,58,34,47,79,259,75,48,-1,-1,-1,4.12
5,243,70,61,184,86,45,240,44,40,237,79,36,228,72,58,8.85
4,6,83,55,59,56,78,9,82,31,55,61,47,-1,-1,-1,9.25
3,7,69,36,275,73,62,40,69,56,-1,-1,-1,-1,-1,-1,3.62
3,79,72,80,40,78,57,199,51,48,-1,-1,-1,-1,-1,-1,8.28
4,155,52,40,157,62,61,157,71,63,159,48,45,-1,-1,-1,9.14
5,30,57,44,26,74,59,325,78,80,353,46,40,341,84,33,9.14
3,18,47,51,139,61,35,250,78,61,-1,-1,-1,-1,-1,-1,8.54
5,138,63,42,117,66,77,276,58,69,115,84,45,211,88,30,4.93
5,172,72,79,213,86,45,146,80,51,205,84,32,213,43,74,9.63
3,70,42,31,117,67,49,0,76,62,-1,-1,-1,-1,-1,-1,4.46
3,335,89,37,90,55,75,208,68,48,-1,-1,-1,-1,-1,-1,9.12
3,176,76,40,310,90,41,60,79,58,-1,-1,-1,-1,-1,-1,8.69
5,261,64,60,264,68,36,260,76,40,269,74,47,268,65,43,9.07
3,275,66,60,37,86,33,142,61,44,-1,-1,-1,-1,-1,-1,8.95
4,247,58,31,12,63,78,180,79,67,88,70,33,-1,-1,-1,9.65
4,87,76,56,189,55,56,309,49,68,79,87,33,-1,-1,-1,8.94
5,182,71,57,56,72,34,258,66,75,163,89,75,192,56,61,4.61
3,80,57,45,84,56,38,192,41,59,-1,-1,-1,-1,-1,-1,3.7
3,240,75,54,241,53,73,233,57,72,-1,-1,-1,-1,-1,-1,9.21
4,121,82,55,79,42,52,84,81,76,72,64,75,-1,-1,-1,8.31
4,74,86,63,75,67,38,83,57,77,82,57,79,-1,-1,-1,9.75
3,186,85,46,50,42,58,260,64,61,-1,-1,-1,-1,-1,-1,3.57
4,139,58,34,121,49,50,100,64,55,129,49,59,-1,-1,-1,8.16
4,167,55,47,172,60,74,171,75,57,174,53,66,-1,-1,-1,9.44
3,11,48,43,113,59,32,237,65,77,-1,-1,-1,-1,-1,-1,9.65
4,263,65,77,32,44,48,214,73,74,19,85,74,-1,-1,-1,9.04
3,264,75,44,291,46,57,183,84,38,-1,-1,-1,-1,-1,-1,4.07
3,224,40,55,140,85,80,268,55,30,-1,-1,-1,-1,-1,-1,5.16
5,206,76,65,25,46,59,56,82,44,30,59,57,224,71,54,4.26
4,26,56,79,29,78,35,30,52,77,31,67,71,-1,-1,-1,10.0
3,15,82,47,282,90,41,112,82,48,-1,-1,-1,-1,-1,-1,9.23
4,104,45,68,32,85,68,288,45,39,32,47,49,-1,-1,-1,8.6
4,214,49,30,326,87,68,96,46,34,212,90,52,-1,-1,-1,9.37
5,323,88,59,328,55,69,44,64,58,336,69,63,57,47,54,4.01
3,155,59,78,105,40,40,136,90,79,-1,-1,-1,-1,-1,-1,9.03
4,218,79,34,212,59,80,220,46,77,221,56,48,-1,-1,-1,9.68
3,303,72,69,235,54,77,302,84,46,-1,-1,-1,-1,-1,-1,8.36
3,6,66,71,109,41,78,232,88,39,-1,-1,-1,-1,-1,-1,9.34
4,301,70,64,62,62,68,2,58,65,208,47,42,-1,-1,-1,4.1
5,332,77,52,92,73,57,202,67,57,319,44,74,93,67,51,8.5
5,96,65,42,111,78,66,134,44,48,353,77,48,331,43,77,4.32
3,73,41,76,70,74,37,68,55,49,-1,-1,-1,-1,-1,-1,10.0
5,343,70,70,91,73,72,209,90,65,337,75,43,93,52,53,8.98
3,42,58,30,314,44,30,129,62,53,-1,-1,-1,-1,-1,-1,8.51
5,66,90,32,64,60,47,63,58,33,59,83,65,67,84,75,10.0
5,242,86,75,233,64,53,236,52,55,240,66,38,233,72,37,8.82
5,268,68,40,267,90,78,263,87,45,261,65,80,265,43,52,9.76
5,77,67,62,83,76,72,232,60,35,2,64,47,147,69,39,8.4
3,304,83,51,61,66,52,187,88,30,-1,-1,-1,-1,-1,-1,8.01
3,354,69,49,1,51,41,357,89,40,-1,-1,-1,-1,-1,-1,9.14
5,155,46,68,105,50,75,53,51,31,294,56,75,9,89,54,4.94
3,151,81,53,164,73,39,175,73,54,-1,-1,-1,-1,-1,-1,8.24
4,102,83,72,103,43,34,104,53,63,104,85,49,-1,-1,-1,9.47
4,272,55,78,272,64,62,271,83,63,270,65,31,-1,-1,-1,9.99
4,124,86,69,262,83,80,3,56,57,142,82,33,-1,-1,-1,9.46
4,206,68,56,318,90,53,81,57,72,191,51,74,-1,-1,-1,8.73
3,282,88,32,0,78,74,86,88,78,-1,-1,-1,-1,-1,-1,4.58
3,131,85,77,247,52,47,8,59,44,-1,-1,-1,-1,-1,-1,8.88
5,44,87,32,58,62,33,9,44,80,48,62,59,42,50,51,9.01
3,291,54,64,336,73,56,326,64,74,-1,-1,-1,-1,-1,-1,8.26
4,29,44,64,40,66,60,18,72,74,18,80,61,-1,-1,-1,8.47
5,76,80,61,263,79,52,48,50,42,258,66,31,36,69,44,9.1
4,357,74,34,110,50,61,237,58,54,0,72,73,-1,-1,-1,8.58
5,102,57,32,321,54,41,350,52,57,233,85,69,268,79,30,9.51
4,130,70,42,89,55,73,103,46,65,145,70,34,-1,-1,-1,9.37
5,82,57,63,87,72,67,87,62,60,85,67,61,82,61,50,8.79
4,281,40,48,271,56,32,259,48,36,259,75,36,-1,-1,-1,8.94
4,197,42,72,120,64,42,163,58,47,192,87,32,-1,-1,-1,8.21
5,4,85,80,235,82,54,184,41,59,69,54,80,157,50,38,9.28
4,70,71,44,37,89,49,323,45,75,202,72,42,-1,-1,-1,8.97
4,66,60,57,340,41,76,38,63,52,169,86,54,-1,-1,-1,9.0
4,294,55,33,204,72,58,11,52,40,165,90,79,-1,-1,-1,4.56
3,359,41,64,104,66,67,300,42,39,-1,-1,-1,-1,-1,-1,4.34
4,357,70,80,36,58,45,147,67,46,217,67,68,-1,-1,-1,8.31
4,154,71,69,225,50,68,312,69,67,188,64,30,-1,-1,-1,5.29
5,337,58,44,332,72,33,336,62,65,337,56,80,337,49,34,10.0
5,181,76,52,177,80,37,182,82,60,180,58,52,175,55,61,8.79
5,240,86,56,8,87,40,122,70,72,249,58,71,2,40,54,8.18
3,87,76,45,211,40,44,326,41,39,-1,-1,-1,-1,-1,-1,8.73
3,266,65,62,231,78,63,253,48,55,-1,-1,-1,-1,-1,-1,8.2
4,92,71,59,101,73,78,66,71,58,27,80,56,-1,-1,-1,8.91
4,282,73,73,173,70,38,19,84,58,171,74,79,-1,-1,-1,5.39
3,186,66,62,181,57,42,181,53,47,-1,-1,-1,-1,-1,-1,8.63
3,110,65,57,313,72,70,225,73,66,-1,-1,-1,-1,-1,-1,8.32
4,175,88,67,9,49,34,272,80,59,203,76,39,-1,-1,-1,4.05
4,343,64,30,346,76,49,13,86,51,166,63,68,-1,-1,-1,8.8
3,92,60,69,313,88,54,247,66,30,-1,-1,-1,-1,-1,-1,5.18
4,210,78,36,135,47,69,11,74,76,138,85,38,-1,-1,-1,9.38
4,92,55,76,225,51,76,344,49,73,92,49,63,-1,-1,-1,8.38
3,163,77,61,354,57,37,21,75,33,-1,-1,-1,-1,-1,-1,4.02
5,97,47,57,223,57,73,326,71,44,87,65,66,210,87,68,8.43
5,143,62,78,261,50,43,13,49,79,130,71,74,263,90,37,9.3
4,73,51,36,83,47,37,34,54,66,60,68,71,-1,-1,-1,9.2
3,76,40,34,78,48,74,78,89,45,-1,-1,-1,-1,-1,-1,9.83
3,7,43,72,140,40,53,249,53,53,-1,-1,-1,-1,-1,-1,8.82
5,210,59,32,329,82,47,193,61,34,327,59,63,50,68,34,8.1
5,176,90,33,221,70,57,96,41,41,223,51,46,148,79,65,4.35
4,60,86,49,62,53,50,63,61,43,61,54,73,-1,-1,-1,8.52
4,110,63,53,291,68,70,202,87,70,352,87,37,-1,-1,-1,8.73
3,317,79,66,316,58,61,313,80,38,-1,-1,-1,-1,-1,-1,9.36
5,137,52,40,123,74,46,151,45,79,117,61,57,141,84,52,8.89
3,256,77,42,261,68,68,265,49,49,-1,-1,-1,-1,-1,-1,9.37
5,137,55,52,181,59,70,182,55,38,158,43,55,127,53,30,8.64
4,296,52,60,289,83,47,287,70,56,269,82,63,-1,-1,-1,8.78
3,22,70,30,138,83,80,266,70,35,-1,-1,-1,-1,-1,-1,9.06
4,173,73,58,116,85,59,247,80,30,117,69,59,-1,-1,-1,3.74
3,115,73,63,196,50,70,92,47,77,-1,-1,-1,-1,-1,-1,3.53
4,196,50,31,309,89,76,65,56,42,204,89,56,-1,-1,-1,9.58
5,129,41,62,193,60,68,125,80,31,180,80,79,251,76,59,5.15
4,157,87,59,163,78,57,91,51,75,81,44,35,-1,-1,-1,8.07
4,0,46,50,54,45,72,19,59,35,72,70,79,-1,-1,-1,9.56
3,102,42,57,173,70,44,107,69,38,-1,-1,-1,-1,-1,-1,8.39
5,16,86,72,262,49,58,294,46,42,34,79,80,220,63,30,10.0
3,22,45,48,181,89,56,84,81,34,-1,-1,-1,-1,-1,-1,4.26
5,87,41,62,214,79,42,211,43,58,216,65,72,16,59,78,8.41
4,309,54,70,243,67,51,107,55,40,83,50,79,-1,-1,-1,4.79
5,360,79,74,199,66,46,358,84,32,201,87,50,218,48,63,3.5
4,264,46,68,277,86,74,245,60,41,242,89,74,-1,-1,-1,8.96
5,104,89,50,306,66,52,148,47,42,292,81,63,188,81,70,4.07
5,76,86,72,75,81,40,69,58,45,74,72,53,77,42,74,8.96
3,33,72,68,39,68,49,39,56,72,-1,-1,-1,-1,-1,-1,9.31
5,91,50,44,119,59,72,338,52,70,90,85,52,20,83,70,3.88
5,64,85,75,242,63,71,159,58,50,244,51,34,31,44,50,4.88
5,130,78,57,258,49,69,10,79,55,124,70,72,258,82,42,8.25
5,293,51,70,52,80,56,166,88,34,286,83,59,47,42,75,8.11
5,202,73,43,90,51,56,42,87,54,83,65,49,281,72,75,8.16
3,288,50,46,289,86,45,286,85,39,-1,-1,-1,-1,-1,-1,8.91
3,37,47,73,148,71,61,276,72,57,-1,-1,-1,-1,-1,-1,8.69
5,232,72,70,20,58,61,67,90,52,8,86,44,231,83,46,4.3
4,352,56,60,330,81,35,9,56,39,6,59,58,-1,-1,-1,8.35
4,91,43,44,101,54,30,119,59,53,120,51,63,-1,-1,-1,8.89
4,273,46,51,291,70,75,343,86,53,326,62,36,-1,-1,-1,8.27
4,300,43,52,295,77,71,281,56,30,313,57,65,-1,-1,-1,9.26
5,327,57,40,171,42,42,210,65,70,184,43,43,14,90,62,8.86
3,67,42,68,193,88,58,319,53,69,-1,-1,-1,-1,-1,-1,8.03
5,311,90,39,300,89,47,168,83,40,118,42,62,50,40,35,4.07
4,125,86,49,243,58,58,19,90,71,125,80,70,-1,-1,-1,8.75
3,314,63,55,329,83,69,31,60,79,-1,-1,-1,-1,-1,-1,8.49
5,125,44,56,123,42,75,125,75,42,117,69,77,126,78,55,8.65
3,173,83,54,180,48,55,170,71,70,-1,-1,-1,-1,-1,-1,8.73
5,283,71,38,286,89,75,204,59,34,286,83,60,14,47,39,10.0
5,347,59,69,209,60,71,137,59,72,263,45,78,294,55,43,3.59
3,269,43,60,24,88,31,11,78,36,-1,-1,-1,-1,-1,-1,3.94
5,200,79,74,311,59,71,83,80,79,191,46,46,313,49,55,8.1
5,102,87,40,153,81,58,103,69,79,152,64,62,144,86,71,8.77
4,154,47,80,116,79,34,169,89,63,120,90,47,-1,-1,-1,9.64
3,159,52,76,182,82,33,201,49,51,-1,-1,-1,-1,-1,-1,9.09
3,56,59,56,159,64,35,292,63,30,-1,-1,-1,-1,-1,-1,8.71
4,32,51,30,145,47,36,257,40,43,276,81,77,-1,-1,-1,9.86
4,186,69,62,195,62,67,196,82,37,189,88,76,-1,-1,-1,8.76
4,288,63,56,284,69,65,279,40,31,279,80,58,-1,-1,-1,8.66
4,70,86,44,269,67,49,321,59,44,271,88,42,-1,-1,-1,4.38
5,160,66,70,65,89,63,39,73,61,32,79,65,157,44,49,4.04
5,101,48,43,235,78,33,345,85,31,115,79,36,218,77,30,8.91
4,230,52,41,231,70,68,231,87,46,228,68,52,-1,-1,-1,9.34
5,67,53,40,294,59,78,239,78,79,164,53,74,139,73,50,5.02
4,303,50,67,75,79,54,194,53,31,319,55,52,-1,-1,-1,8.19
5,216,67,31,59,78,56,115,80,48,223,41,44,255,42,51,4.37
4,75,74,49,189,77,72,311,40,53,79,62,75,-1,-1,-1,8.86
5,96,59,47,112,84,64,143,47,41,114,80,61,87,88,65,8.97
5,351,55,77,90,42,77,141,86,49,291,48,74,180,47,40,9.24
5,243,78,58,11,76,50,130,55,70,247,50,66,4,59,56,8.73
5,337,52,74,172,43,52,89,41,45,165,57,45,102,77,69,8.87
5,265,48,43,264,76,73,258,66,38,256,59,71,257,81,42,10.0
4,154,62,78,279,67,53,31,70,79,145,63,56,-1,-1,-1,8.83
4,210,59,66,196,78,40,144,84,58,177,57,52,-1,-1,-1,8.56
4,37,71,71,45,61,63,10,75,38,22,83,66,-1,-1,-1,8.57
4,32,73,59,245,83,41,69,60,32,150,46,33,-1,-1,-1,3.95
5,243,74,65,264,77,76,78,77,34,145,42,56,182,69,59,8.85
4,353,64,63,109,41,72,219,86,63,355,73,41,-1,-1,-1,8.33
5,138,66,47,200,57,55,119,61,61,191,85,79,321,45,68,8.82
3,110,76,37,215,83,78,337,71,78,-1,-1,-1,-1,-1,-1,9.86
3,178,68,57,176,64,67,174,72,35,-1,-1,-1,-1,-1,-1,8.94
5,213,84,44,333,86,67,101,67,68,211,87,70,341,88,49,8.58
3,286,55,32,286,71,37,295,71,63,-1,-1,-1,-1,-1,-1,9.49
4,38,59,79,267,44,73,219,48,36,262,65,67,-1,-1,-1,10.0
3,54,78,60,357,80,49,37,49,35,-1,-1,-1,-1,-1,-1,8.47
5,240,62,76,359,68,34,117,44,70,232,57,47,353,65,80,9.87
4,265,43,39,202,88,43,278,67,34,127,86,79,-1,-1,-1,5.05
3,52,40,62,74,84,63,74,51,53,-1,-1,-1,-1,-1,-1,8.73
4,208,55,51,209,83,35,211,68,58,210,85,63,-1,-1,-1,9.31
3,54,58,35,49,42,43,52,80,67,-1,-1,-1,-1,-1,-1,8.75
5,230,41,77,162,54,37,80,40,33,215,69,32,83,70,39,5.06
3,118,41,64,229,77,39,179,70,47,-1,-1,-1,-1,-1,-1,3.55
3,211,63,36,145,90,48,141,63,61,-1,-1,-1,-1,-1,-1,8.26
5,352,69,39,243,51,36,346,69,75,310,88,75,19,71,56,4.58
4,127,67,37,27,49,58,226,73,69,19,54,79,-1,-1,-1,4.91
3,273,61,35,186,86,61,294,83,59,-1,-1,-1,-1,-1,-1,3.73
4,115,53,45,166,90,62,187,83,35,165,90,62,-1,-1,-1,8.42
3,345,65,63,328,87,50,73,75,79,-1,-1,-1,-1,-1,-1,3.6
3,133,60,80,231,58,34,86,49,47,-1,-1,-1,-1,-1,-1,4.94
5,298,68,59,297,79,62,291,88,53,293,59,38,296,60,65,8.72
4,233,46,65,232,43,64,230,73,37,231,53,38,-1,-1,-1,9.0
4,225,65,52,220,63,34,219,73,33,215,49,49,-1,-1,-1,8.76
4,346,80,77,29,52,65,30,47,37,355,47,35,-1,-1,-1,9.04
4,64,66,66,110,67,70,104,58,43,94,59,43,-1,-1,-1,8.79
3,259,74,40,154,87,51,122,88,51,-1,-1,-1,-1,-1,-1,4.47
3,318,42,78,12,70,57,316,84,43,-1,-1,-1,-1,-1,-1,8.59
3,336,54,54,106,79,73,215,81,76,-1,-1,-1,-1,-1,-1,8.82
5,206,53,56,323,79,57,80,79,31,195,83,63,324,56,80,9.63
3,306,86,61,7,44,62,326,86,37,-1,-1,-1,-1,-1,-1,8.8
3,169,80,40,162,64,65,116,77,73,-1,-1,-1,-1,-1,-1,8.73
5,279,59,54,34,62,80,157,53,74,288,68,47,47,81,60,8.47
3,13,84,43,10,71,59,12,69,54,-1,-1,-1,-1,-1,-1,8.74
5,319,52,59,89,82,78,217,70,75,329,90,80,92,86,36,9.48
4,286,69,80,263,62,51,305,84,45,265,64,43,-1,-1,-1,8.38
3,164,47,72,291,52,64,53,65,66,-1,-1,-1,-1,-1,-1,8.09
4,174,83,36,172,42,61,182,41,54,180,78,68,-1,-1,-1,8.58
5,196,82,68,262,54,31,8,62,68,343,71,59,274,87,40,9.87
5,80,40,59,100,58,35,66,60,69,134,49,48,3,49,40,3.9
3,323,73,41,359,45,49,302,47,34,-1,-1,-1,-1,-1,-1,8.11
3,351,43,62,97,45,46,219,69,39,-1,-1,-1,-1,-1,-1,8.63
5,87,48,54,143,81,38,104,45,47,90,41,31,124,40,75,9.86
3,242,65,60,356,54,43,118,84,79,-1,-1,-1,-1,-1,-1,8.22
3,9,63,49,115,75,63,230,58,77,-1,-1,-1,-1,-1,-1,8.12
3,151,72,54,300,70,78,38,64,48,-1,-1,-1,-1,-1,-1,8.61
3,25,48,56,28,87,34,25,64,32,-1,-1,-1,-1,-1,-1,9.25
4,171,88,44,330,60,55,124,47,74,346,83,48,-1,-1,-1,4.48
5,155,44,69,28,86,41,324,53,52,61,54,63,26,77,45,4.02
3,258,58,65,258,55,40,258,86,39,-1,-1,-1,-1,-1,-1,8.55
5,27,67,38,27,90,51,12,64,41,24,82,37,358,59,50,8.99
5,24,44,66,95,76,36,293,47,33,103,77,51,315,85,65,9.44
3,4,65,74,248,77,34,147,79,43,-1,-1,-1,-1,-1,-1,9.97
3,23,42,38,337,62,50,276,84,44,-1,-1,-1,-1,-1,-1,4.47
4,117,44,36,116,75,70,115,40,45,111,58,33,-1,-1,-1,9.24
5,301,44,30,91,42,71,36,49,49,87,44,46,125,61,54,9.15
4,167,83,38,149,65,50,109,41,39,162,73,49,-1,-1,-1,8.3
3,76,40,32,0,45,56,231,59,65,-1,-1,-1,-1,-1,-1,8.91
5,126,69,65,214,73,65,322,76,43,230,73,45,198,75,71,4.11
5,76,89,78,192,53,58,320,50,58,67,63,36,188,41,47,8.84
5,242,57,36,346,72,35,236,48,59,355,86,60,245,82,56,3.85
5,344,87,78,146,65,57,167,50,67,143,68,30,340,82,40,10.0
5,160,62,80,197,89,53,137,66,38,123,81,41,156,75,48,8.53
3,111,51,66,338,41,30,292,40,53,-1,-1,-1,-1,-1,-1,9.09
4,131,72,61,304,75,31,207,82,78,310,67,47,-1,-1,-1,10.0
3,151,56,72,142,79,49,147,58,43,-1,-1,-1,-1,-1,-1,9.08
3,253,54,59,257,76,38,249,68,75,-1,-1,-1,-1,-1,-1,9.72
5,270,41,58,128,74,40,169,79,54,125,82,78,247,49,74,4.4
3,154,53,38,1,65,57,210,42,50,-1,-1,-1,-1,-1,-1,4.18
3,343,41,37,59,71,32,9,80,51,-1,-1,-1,-1,-1,-1,8.7
5,318,48,58,310,56,37,309,50,44,310,50,53,312,84,32,9.11
4,162,58,54,183,80,45,141,73,50,178,80,35,-1,-1,-1,8.2
5,103,54,71,212,53,76,335,84,79,108,45,56,223,64,75,8.11
3,237,48,33,356,89,50,140,83,58,-1,-1,-1,-1,-1,-1,8.35
4,249,49,74,227,60,34,204,88,43,228,82,74,-1,-1,-1,9.84
5,167,83,30,280,49,46,53,70,45,164,44,72,291,85,64,8.68
4,150,50,32,96,55,59,360,89,35,93,63,51,-1,-1,-1,4.42
3,45,75,35,14,85,40,69,81,52,-1,-1,-1,-1,-1,-1,8.96
5,231,69,57,270,54,78,239,66,32,229,62,39,223,88,48,9.34
4,330,63,55,108,82,48,227,57,30,343,48,55,-1,-1,-1,8.84
5,256,62,64,110,84,61,247,82,43,248,73,58,205,60,35,4.28
5,278,69,73,206,66,49,137,78,50,148,81,69,52,51,38,4.24
4,262,42,67,79,62,54,116,46,49,85,50,67,-1,-1,-1,8.88
5,352,79,63,112,81,79,217,87,66,350,65,45,113,62,61,8.21
4,123,52,38,246,90,44,2,68,35,115,62,67,-1,-1,-1,8.22
3,55,70,47,321,88,73,268,77,78,-1,-1,-1,-1,-1,-1,4.27
3,128,64,64,219,87,43,277,50,50,-1,-1,-1,-1,-1,-1,3.64
5,121,58,30,166,68,47,221,83,32,183,89,58,22,53,76,4.54
4,134,47,51,110,86,64,157,63,69,132,81,39,-1,-1,-1,8.28
5,162,42,45,47,76,35,250,46,47,52,61,54,278,72,45,8.53
4,168,72,36,162,45,36,167,42,48,167,82,79,-1,-1,-1,9.56
5,64,60,48,282,68,34,16,53,34,285,63,71,0,44,37,4.16
3,203,53,38,341,45,63,88,61,65,-1,-1,-1,-1,-1,-1,8.06
5,302,85,48,76,42,33,186,89,57,297,52,62,61,77,68,8.13
4,168,56,51,12,67,71,308,90,70,35,59,77,-1,-1,-1,3.56
4,39,73,74,38,40,48,238,44,78,112,51,50,-1,-1,-1,8.9
5,229,76,74,98,69,72,235,73,55,83,44,75,316,41,38,8.73
4,172,55,75,145,75,63,96,82,67,153,59,52,-1,-1,-1,8.84
3,195,55,33,201,77,62,190,41,48,-1,-1,-1,-1,-1,-1,8.7
4,105,63,38,84,84,61,58,86,65,108,79,39,-1,-1,-1,8.41
4,32,52,73,160,41,48,268,76,66,44,59,67,-1,-1,-1,8.23
5,121,44,49,211,77,35,323,53,57,304,57,48,305,81,51,4.23
5,127,55,75,251,49,75,8,69,47,134,88,48,236,40,65,8.44
5,189,61,80,191,49,65,197,90,50,191,72,67,187,47,53,9.17
4,235,82,30,248,84,69,189,42,73,245,45,69,-1,-1,-1,9.38
5,224,75,56,43,62,66,311,71,48,56,64,33,340,57,61,4.08
5,205,40,38,222,87,78,205,67,72,234,76,43,223,66,77,9.73
5,175,85,69,81,88,53,178,56,69,88,88,67,100,40,68,3.68
4,143,58,67,62,80,65,290,57,74,206,69,59,-1,-1,-1,4.49
5,78,56,78,187,49,53,303,79,36,77,40,44,196,56,61,4.11
5,107,53,49,227,80,33,349,66,59,100,67,35,239,73,76,9.41
5,81,40,45,209,69,76,332,48,64,96,76,65,200,77,71,8.84
3,50,68,30,176,73,53,303,44,50,-1,-1,-1,-1,-1,-1,8.56
5,342,84,38,110,85,39,131,67,47,117,64,79,264,68,66,9.75
5,241,78,58,189,86,42,233,50,31,184,90,56,208,73,66,8.76
3,224,80,71,228,82,64,64,81,48,-1,-1,-1,-1,-1,-1,3.5
3,279,41,54,189,43,48,174,62,69,-1,-1,-1,-1,-1,-1,4.4
3,159,50,41,290,44,43,39,73,69,-1,-1,-1,-1,-1,-1,8.6
3,55,76,51,173,52,56,289,76,64,-1,-1,-1,-1,-1,-1,8.54
4,301,62,70,298,55,72,316,47,53,285,61,75,-1,-1,-1,8.45
4,226,46,71,163,75,80,22,50,61,160,64,44,-1,-1,-1,4.21
5,140,67,70,248,44,43,13,86,49,121,50,45,247,66,59,8.17
4,327,80,57,340,72,80,256,71,60,146,45,65,-1,-1,-1,8.28
5,357,89,47,308,49,35,305,47,53,353,40,62,340,78,32,8.73
5,315,58,62,209,58,75,232,60,80,43,57,69,132,82,50,4.04
5,264,64,64,22,72,34,136,69,67,259,83,48,25,79,79,9.01
4,18,77,75,21,46,53,19,60,39,20,69,31,-1,-1,-1,10.0
4,4,45,32,99,52,53,229,74,69,188,71,50,-1,-1,-1,3.78
3,340,62,51,343,69,49,341,82,46,-1,-1,-1,-1,-1,-1,9.26
4,314,82,69,85,61,69,195,68,48,319,53,37,-1,-1,-1,8.71
4,94,53,40,91,65,52,96,42,70,91,61,42,-1,-1,-1,8.92
4,205,52,68,132,83,68,211,59,63,139,57,52,-1,-1,-1,8.18
4,288,60,63,287,73,44,285,42,33,290,42,36,-1,-1,-1,8.8
5,294,77,34,276,83,59,261,88,54,270,58,48,103,84,41,3.96
3,174,48,79,202,76,53,255,78,48,-1,-1,-1,-1,-1,-1,8.51
4,75,47,76,191,51,41,317,58,56,85,68,40,-1,-1,-1,8.49
3,315,60,64,313,70,58,312,65,54,-1,-1,-1,-1,-1,-1,9.49
4,216,72,55,209,90,33,208,47,37,210,68,35,-1,-1,-1,8.93
4,51,54,72,173,50,41,122,44,36,181,44,49,-1,-1,-1,4.47
3,283,44,56,311,85,34,327,64,71,-1,-1,-1,-1,-1,-1,9.6
3,34,54,74,228,64,60,10,42,76,-1,-1,-1,-1,-1,-1,4.2
4,161,56,45,278,65,42,78,90,45,268,52,31,-1,-1,-1,4.15
4,234,65,62,344,40,36,264,60,51,338,66,43,-1,-1,-1,4.48
4,166,67,61,334,46,46,204,46,42,339,90,40,-1,-1,-1,8.92
4,213,82,80,321,72,51,89,45,60,220,80,46,-1,-1,-1,8.36
4,348,62,44,170,75,76,127,63,63,176,68,58,-1,-1,-1,8.97
4,78,82,49,56,60,37,232,90,36,54,86,31,-1,-1,-1,9.12
3,286,42,47,45,70,60,166,59,57,-1,-1,-1,-1,-1,-1,8.06
3,343,66,56,343,50,42,348,84,66,-1,-1,-1,-1,-1,-1,8.94
3,184,74,63,285,61,60,214,46,31,-1,-1,-1,-1,-1,-1,4.43
4,342,76,65,95,62,72,223,66,63,333,68,36,-1,-1,-1,8.55
3,174,67,73,351,90,40,109,52,48,-1,-1,-1,-1,-1,-1,9.02
5,332,72,58,101,66,49,218,53,67,330,40,79,109,89,30,9.26
3,82,72,58,11,74,33,324,75,47,-1,-1,-1,-1,-1,-1,4.23
3,210,59,68,81,77,40,21,53,62,-1,-1,-1,-1,-1,-1,9.48
4,268,50,40,185,60,45,5,40,47,187,60,69,-1,-1,-1,8.9
4,215,61,49,232,67,67,222,64,66,138,59,30,-1,-1,-1,5.16
5,58,49,53,261,72,30,81,81,41,245,41,63,105,72,40,4.08
3,63,84,75,68,67,71,67,59,60,-1,-1,-1,-1,-1,-1,8.52
4,204,65,78,174,84,30,284,64,78,345,44,45,-1,-1,-1,10.0
5,133,90,52,339,78,51,281,84,43,339,83,72,52,60,49,3.71
3,105,64,79,107,74,48,98,62,70,-1,-1,-1,-1,-1,-1,8.64
5,138,69,59,249,62,72,137,51,69,257,61,36,296,89,37,9.68
4,282,46,52,27,72,63,221,51,31,149,45,59,-1,-1,-1,8.15
4,19,75,37,273,48,72,255,57,79,308,44,74,-1,-1,-1,4.86
3,280,53,63,121,88,57,354,55,61,-1,-1,-1,-1,-1,-1,8.66
5,85,86,31,85,71,32,26,44,30,23,63,47,10,84,44,8.69
4,238,45,61,357,55,71,119,85,37,223,79,68,-1,-1,-1,8.24
3,5,59,58,356,87,68,357,68,52,-1,-1,-1,-1,-1,-1,9.25
5,153,82,69,176,70,36,165,57,75,146,52,62,189,68,39,9.51
5,166,85,31,198,71,49,145,88,70,139,55,36,203,58,31,8.26
4,209,80,54,206,54,57,207,46,74,210,71,79,-1,-1,-1,8.98
3,210,63,55,331,79,47,97,80,56,-1,-1,-1,-1,-1,-1,8.59
4,276,66,69,258,70,46,267,53,71,270,88,33,-1,-1,-1,10.0
4,226,62,32,65,65,51,9,90,30,5,43,42,-1,-1,-1,4.42
5,180,85,73,175,76,50,223,64,78,243,43,80,202,42,58,8.69
5,227,90,75,263,48,45,52,43,70,265,54,47,309,56,53,9.14
3,19,83,72,349,43,43,24,53,65,-1,-1,-1,-1,-1,-1,8.86
4,292,61,75,289,56,36,30,82,73,292,48,50,-1,-1,-1,5.13
5,332,71,78,346,41,65,347,50,51,12,53,54,325,45,35,8.46
4,196,48,39,158,80,35,221,87,56,207,90,66,-1,-1,-1,8.7
5,198,49,63,330,56,49,93,63,74,210,51,43,321,90,72,8.75
5,44,84,66,162,42,48,271,78,65,50,41,52,162,88,43,8.5
5,268,71,50,266,63,43,248,58,79,272,84,40,258,75,49,8.49
3,238,81,72,232,68,48,186,84,31,-1,-1,-1,-1,-1,-1,9.88
5,229,54,60,146,55,58,224,67,61,147,75,44,321,69,50,9.03
5,170,80,66,176,59,54,179,85,73,178,50,48,176,78,41,8.93
4,140,56,69,251,44,34,11,50,59,128,49,47,-1,-1,-1,8.8
3,249,65,38,248,71,78,246,79,74,-1,-1,-1,-1,-1,-1,9.81
4,4,87,51,245,73,78,22,85,55,198,72,76,-1,-1,-1,8.72
4,250,42,80,68,44,36,281,45,77,270,84,34,-1,-1,-1,9.89
4,271,82,53,190,52,34,131,67,64,186,80,71,-1,-1,-1,3.55
4,159,59,79,257,78,43,90,40,63,244,44,44,-1,-1,-1,4.5
3,177,80,57,298,77,54,61,62,47,-1,-1,-1,-1,-1,-1,8.21
5,326,68,36,23,44,60,123,76,71,9,42,54,297,68,34,9.23
3,272,67,48,263,85,51,269,47,67,-1,-1,-1,-1,-1,-1,9.06
5,298,71,75,273,44,66,289,49,76,259,59,60,263,86,33,9.96
5,278,69,65,237,78,50,228,84,44,291,74,67,38,80,58,9.05
3,136,51,77,78,85,72,82,77,52,-1,-1,-1,-1,-1,-1,8.28
3,353,55,75,191,82,30,336,74,60,-1,-1,-1,-1,-1,-1,5.45
4,348,75,63,104,89,49,229,43,79,0,58,56,-1,-1,-1,9.0
4,178,69,64,281,68,79,53,54,39,176,74,45,-1,-1,-1,9.22
3,97,77,55,221,59,43,230,65,40,-1,-1,-1,-1,-1,-1,8.17
4,217,63,37,284,69,80,359,77,79,356,67,43,-1,-1,-1,5.13
4,230,79,50,338,87,71,99,84,30,237,50,30,-1,-1,-1,9.84
3,277,45,39,275,53,80,280,84,52,-1,-1,-1,-1,-1,-1,10.0
5,8,47,49,124,56,52,244,48,56,357,67,49,126,84,45,8.29
4,211,80,67,221,74,57,150,89,50,281,69,55,-1,-1,-1,4.24
3,192,66,48,192,61,52,190,68,58,-1,-1,-1,-1,-1,-1,9.14
5,303,76,40,306,53,67,309,55,80,306,71,39,312,61,69,10.0
3,265,69,75,79,50,39,211,66,63,-1,-1,-1,-1,-1,-1,9.08
4,190,63,64,190,84,63,197,57,66,191,60,64,-1,-1,-1,9.22
3,245,65,72,256,88,57,266,70,80,-1,-1,-1,-1,-1,-1,8.14
5,9,63,75,139,77,63,247,47,37,17,72,79,126,56,37,9.02
5,240,48,46,321,76,75,214,64,58,77,78,34,44,86,62,3.91
5,17,57,36,23,89,54,24,60,34,24,68,48,16,79,40,9.19
4,200,84,48,327,56,63,81,57,35,208,60,30,-1,-1,-1,8.52
4,207,83,52,57,71,56,338,73,69,181,64,48,-1,-1,-1,8.87
5,274,47,36,271,87,43,273,76,60,274,66,71,270,64,35,8.69
3,211,49,67,224,68,76,239,69,68,-1,-1,-1,-1,-1,-1,8.32
3,122,63,50,250,86,30,13,63,48,-1,-1,-1,-1,-1,-1,8.8
4,150,74,65,162,67,74,167,45,53,158,86,51,-1,-1,-1,8.86
4,3,88,59,72,78,56,48,63,68,63,50,47,-1,-1,-1,8.79
3,245,57,45,349,76,80,353,48,73,-1,-1,-1,-1,-1,-1,5.44
5,292,59,58,100,60,64,43,75,48,100,56,72,215,63,59,8.83
3,162,66,34,64,48,30,113,40,64,-1,-1,-1,-1,-1,-1,5.36
3,162,49,62,166,60,53,158,64,72,-1,-1,-1,-1,-1,-1,9.09
3,185,41,73,306,68,44,55,79,56,-1,-1,-1,-1,-1,-1,8.85
3,332,65,69,279,65,64,207,41,47,-1,-1,-1,-1,-1,-1,3.58
3,298,63,71,134,57,62,55,83,68,-1,-1,-1,-1,-1,-1,8.3
3,259,54,39,16,70,54,133,46,45,-1,-1,-1,-1,-1,-1,8.9
4,151,69,60,276,61,49,30,54,80,159,51,77,-1,-1,-1,8.09
5,307,70,33,174,61,34,39,85,54,201,80,69,344,70,58,3.97
5,169,54,71,143,86,38,94,81,73,137,78,73,256,59,75,3.53
3,78,66,40,164,77,30,230,81,35,-1,-1,-1,-1,-1,-1,4.34
3,9,84,64,15,47,40,15,73,71,-1,-1,-1,-1,-1,-1,8.95
4,195,78,41,196,65,76,198,82,53,191,72,33,-1,-1,-1,10.0
5,16,50,36,9,45,31,352,84,47,310,60,64,350,89,59,8.15
3,99,40,40,97,75,38,92,86,41,-1,-1,-1,-1,-1,-1,9.35
5,1,47,53,112,90,67,243,74,60,9,54,39,122,71,31,8.72
3,82,72,75,138,46,47,152,63,60,-1,-1,-1,-1,-1,-1,8.89
4,15,71,35,216,60,70,308,63,78,214,59,30,-1,-1,-1,4.62
4,68,71,70,198,72,69,307,63,75,80,52,76,-1,-1,-1,8.57
5,179,80,48,173,54,31,181,82,34,176,77,41,177,49,66,9.23
3,62,53,58,128,77,37,291,78,56,-1,-1,-1,-1,-1,-1,4.13
4,195,45,69,61,41,40,285,65,79,68,88,55,-1,-1,-1,8.73
5,315,49,37,5,85,50,8,89,58,330,43,37,339,41,68,8.55
5,156,47,48,158,44,49,158,60,75,163,63,48,154,55,31,9.07
4,174,57,46,169,61,65,130,41,78,157,51,31,-1,-1,-1,9.09
5,43,40,65,208,82,55,322,68,35,163,42,68,73,78,36,8.66
4,40,67,78,253,48,77,246,71,52,248,89,69,-1,-1,-1,4.29
4,100,47,33,79,44,75,51,59,45,59,57,80,-1,-1,-1,9.56
3,148,51,68,353,70,80,60,56,37,-1,-1,-1,-1,-1,-1,4.79
3,196,69,72,248,75,76,22,58,42,-1,-1,-1,-1,-1,-1,10.0
5,342,40,62,35,46,79,340,72,75,331,49,35,18,52,50,9.93
5,200,52,63,235,63,68,14,55,76,235,82,80,78,58,80,8.72
3,162,71,34,129,48,67,218,50,69,-1,-1,-1,-1,-1,-1,9.48
4,317,87,38,320,63,73,313,52,47,310,53,76,-1,-1,-1,9.63
4,141,67,44,50,49,34,176,71,59,18,52,31,-1,-1,-1,4.43
4,164,79,42,300,58,80,111,74,60,284,49,52,-1,-1,-1,9.16
4,360,77,79,148,42,32,339,51,72,126,53,46,-1,-1,-1,9.26
4,271,48,34,38,75,44,165,90,48,272,87,30,-1,-1,-1,8.81
4,284,75,30,282,49,60,278,77,77,279,67,53,-1,-1,-1,10.0
3,141,50,32,157,79,54,194,45,30,-1,-1,-1,-1,-1,-1,8.94
3,298,80,55,63,78,54,183,41,51,-1,-1,-1,-1,-1,-1,8.71
3,124,69,30,300,58,47,292,89,44,-1,-1,-1,-1,-1,-1,9.47
3,160,41,45,167,42,47,159,68,39,-1,-1,-1,-1,-1,-1,9.32
3,75,54,55,327,86,43,320,49,41,-1,-1,-1,-1,-1,-1,4.34
3,230,40,37,32,47,75,201,71,75,-1,-1,-1,-1,-1,-1,5.32
3,189,45,32,137,65,73,157,54,54,-1,-1,-1,-1,-1,-1,9.97
5,129,49,79,130,77,32,133,78,63,129,87,79,125,87,57,9.6
3,161,82,75,314,42,51,179,42,72,-1,-1,-1,-1,-1,-1,3.98
3,187,90,48,309,61,79,56,80,39,-1,-1,-1,-1,-1,-1,9.06
5,151,82,79,276,58,63,32,89,40,142,45,59,267,56,33,9.56
3,29,75,57,7,70,68,351,66,58,-1,-1,-1,-1,-1,-1,8.37
4,85,76,52,203,87,73,321,81,46,95,47,47,-1,-1,-1,8.18
5,172,68,63,176,41,74,177,89,55,180,63,44,177,86,74,9.34
5,196,56,59,88,43,77,177,47,77,356,52,67,103,56,58,4.08
5,306,61,78,78,63,58,190,84,71,309,49,50,79,69,41,8.95
5,269,60,52,300,79,35,258,48,30,263,46,68,225,41,67,9.72
3,113,60,38,94,50,33,53,63,63,-1,-1,-1,-1,-1,-1,8.01
5,88,71,61,201,54,39,335,57,46,81,46,35,203,49,62,8.17
3,77,67,57,178,58,67,352,88,58,-1,-1,-1,-1,-1,-1,8.83
4,269,69,52,273,87,80,266,58,68,273,62,40,-1,-1,-1,9.7
5,335,53,49,83,79,38,198,81,46,321,78,77,92,82,35,8.33
5,97,86,51,230,67,53,342,77,32,112,65,37,221,80,58,8.41
5,29,77,58,36,88,30,28,75,62,30,61,34,28,70,40,9.15
4,358,56,71,69,55,54,337,40,57,3,43,44,-1,-1,-1,3.8
3,66,65,41,72,69,43,67,41,59,-1,-1,-1,-1,-1,-1,8.64
4,207,46,36,316,84,75,83,58,73,202,72,55,-1,-1,-1,9.29
5,156,80,66,63,72,36,47,79,79,76,51,40,180,55,52,4.76
3,43,61,45,162,52,80,272,62,40,-1,-1,-1,-1,-1,-1,9.78
5,104,55,65,92,59,62,343,78,39,86,70,39,64,74,67,3.76
4,287,42,56,235,82,78,270,64,31,233,44,45,-1,-1,-1,9.99
4,323,72,56,95,59,37,218,83,67,332,87,33,-1,-1,-1,8.97
3,222,41,71,23,62,34,337,84,58,-1,-1,-1,-1,-1,-1,9.81
5,314,51,35,129,78,64,266,65,47,43,76,62,156,71,36,8.14
4,192,80,33,191,77,35,198,75,35,207,53,44,-1,-1,-1,8.89
4,6,56,37,3,89,73,88,46,69,2,65,40,-1,-1,-1,9.48
3,359,69,73,124,61,37,229,75,71,-1,-1,-1,-1,-1,-1,9.68
4,190,61,76,195,90,72,194,40,35,200,62,30,-1,-1,-1,9.53
3,248,81,62,124,40,73,229,43,73,-1,-1,-1,-1,-1,-1,3.67
5,168,53,66,277,89,55,37,83,54,277,57,70,231,73,68,8.72
5,326,72,68,333,53,57,323,73,78,325,50,43,328,75,70,8.77
3,210,89,45,267,49,34,122,60,34,-1,-1,-1,-1,-1,-1,4.48
3,57,90,32,12,69,44,38,67,55,-1,-1,-1,-1,-1,-1,8.33
3,250,56,45,264,70,75,228,88,53,-1,-1,-1,-1,-1,-1,8.92
5,134,40,67,172,67,41,135,87,38,208,61,64,191,66,62,8.65
3,336,61,51,171,85,47,331,41,51,-1,-1,-1,-1,-1,-1,3.79
5,146,53,59,128,77,51,128,47,30,140,41,46,147,73,80,10.0
5,356,68,30,85,56,54,177,55,48,137,81,79,77,84,79,9.52
3,205,69,45,306,56,69,81,66,68,-1,-1,-1,-1,-1,-1,8.49
3,209,45,68,204,43,52,200,67,58,-1,-1,-1,-1,-1,-1,8.58
5,306,89,80,307,43,60,308,49,43,303,62,63,307,79,44,9.48
5,356,86,46,118,42,37,231,74,71,4,55,55,121,72,43,8.75
5,160,78,64,178,56,66,145,42,41,194,88,68,163,90,31,9.15
4,91,76,65,200,75,70,54,79,61,207,67,50,-1,-1,-1,3.53
3,265,70,51,233,80,33,233,45,60,-1,-1,-1,-1,-1,-1,8.76
5,98,68,62,116,84,76,104,41,50,111,40,33,65,57,44,8.49
4,256,64,58,15,53,63,136,78,71,265,66,46,-1,-1,-1,8.41
3,93,47,56,83,87,65,87,72,73,-1,-1,-1,-1,-1,-1,9.04
4,119,41,71,234,76,65,355,83,32,106,42,36,-1,-1,-1,9.69
3,274,61,63,39,76,52,170,67,67,-1,-1,-1,-1,-1,-1,8.19
4,227,53,46,228,84,30,224,90,60,222,78,31,-1,-1,-1,8.76
3,128,82,40,87,83,75,204,74,65,-1,-1,-1,-1,-1,-1,3.56
4,26,64,65,136,41,73,252,72,33,20,41,69,-1,-1,-1,9.58
3,38,67,80,87,90,44,235,87,62,-1,-1,-1,-1,-1,-1,4.17
5,187,52,52,126,68,64,147,43,49,132,49,80,170,59,50,8.04
5,81,83,69,81,75,79,77,65,79,82,60,48,75,84,53,9.03
4,204,71,39,202,90,43,211,68,71,205,69,41,-1,-1,-1,9.44
3,215,60,44,273,50,65,233,87,35,-1,-1,-1,-1,-1,-1,8.63
3,332,65,51,1,77,46,258,76,38,-1,-1,-1,-1,-1,-1,3.81
5,188,49,46,181,79,53,182,43,39,189,46,73,184,73,54,9.28
5,335,45,39,170,77,48,319,40,31,173,62,49,34,80,69,3.57
4,220,80,50,222,90,56,223,44,45,219,52,50,-1,-1,-1,9.43
3,111,80,31,69,56,63,76,51,59,-1,-1,-1,-1,-1,-1,8.33
5,28,88,79,29,45,76,27,64,50,29,51,67,23,60,55,8.94
5,213,51,77,318,67,61,90,73,53,211,86,76,333,70,37,8.72
5,300,80,61,152,64,57,146,61,50,152,88,52,4,42,51,3.62
5,315,41,37,339,40,79,297,86,69,323,76,74,302,56,52,9.15
4,145,79,64,153,44,69,149,58,53,180,49,59,-1,-1,-1,8.79
4,243,72,75,3,71,37,138,89,64,253,58,54,-1,-1,-1,8.78
3,296,58,43,51,59,59,175,42,58,-1,-1,-1,-1,-1,-1,8.23
4,205,71,43,102,88,41,257,59,34,103,61,61,-1,-1,-1,3.68
5,332,42,45,338,62,57,335,73,38,333,48,48,341,80,75,8.69
3,354,46,54,85,46,66,322,71,59,-1,-1,-1,-1,-1,-1,3.93
5,294,86,70,296,74,76,288,57,31,290,73,74,294,84,44,9.64
4,235,43,63,0,58,46,115,42,63,229,63,66,-1,-1,-1,8.5
3,102,86,70,202,59,78,332,84,71,-1,-1,-1,-1,-1,-1,8.16
4,295,51,31,295,52,38,301,55,70,303,87,44,-1,-1,-1,9.49
5,264,83,47,265,53,60,229,40,68,196,81,33,245,76,74,8.58
3,60,88,73,173,83,63,306,71,63,-1,-1,-1,-1,-1,-1,8.42
4,16,60,50,18,41,36,24,89,38,24,46,38,-1,-1,-1,9.47
4,339,70,40,336,73,42,344,52,58,343,85,58,-1,-1,-1,8.75
3,15,67,68,223,78,52,254,61,55,-1,-1,-1,-1,-1,-1,8.47
4,46,84,46,13,49,63,30,44,67,20,81,58,-1,-1,-1,8.64
5,140,65,66,271,46,57,30,83,33,150,67,42,270,70,39,8.01
4,212,49,45,215,60,56,213,77,55,211,43,58,-1,-1,-1,9.12
5,293,76,37,43,48,54,162,51,47,287,70,67,43,40,50,8.39
5,341,81,36,88,64,52,224,49,45,330,84,65,103,43,55,8.11
3,42,90,54,154,49,33,278,55,30,-1,-1,-1,-1,-1,-1,8.87
3,201,74,61,311,60,36,346,71,54,-1,-1,-1,-1,-1,-1,8.82
5,2,67,71,3,76,40,359,60,45,3,43,41,356,50,37,9.47
5,182,50,54,210,69,38,155,87,59,152,42,47,185,69,41,8.23
4,80,64,63,89,50,30,199,86,32,289,46,73,-1,-1,-1,9.78
5,226,73,33,275,63,41,287,65,60,259,46,46,276,65,78,9.39
5,324,86,32,71,64,46,68,52,47,51,60,35,297,75,44,3.97
4,347,41,47,112,48,78,170,46,58,118,78,78,-1,-1,-1,9.19
3,198,82,77,324,63,51,78,68,46,-1,-1,-1,-1,-1,-1,8.46
3,232,54,77,2,67,75,163,51,47,-1,-1,-1,-1,-1,-1,8.84
5,295,83,38,338,63,48,297,48,79,245,70,63,40,52,31,5.41
4,129,55,65,218,40,43,292,69,62,36,82,45,-1,-1,-1,3.81
4,165,51,68,23,84,57,203,46,55,70,44,40,-1,-1,-1,8.91
4,90,75,53,49,42,73,123,58,42,272,82,65,-1,-1,-1,4.27
3,112,84,32,205,52,39,316,51,69,-1,-1,-1,-1,-1,-1,9.75
3,3,43,61,103,82,30,154,52,33,-1,-1,-1,-1,-1,-1,4.18
3,69,62,76,72,84,66,70,46,33,-1,-1,-1,-1,-1,-1,10.0
3,36,68,34,161,77,60,287,40,63,-1,-1,-1,-1,-1,-1,8.94
5,77,82,53,330,55,36,63,77,50,325,90,58,109,44,63,3.73
4,73,82,65,71,42,33,73,74,62,70,77,61,-1,-1,-1,8.85
4,100,71,77,100,51,75,105,69,45,100,59,70,-1,-1,-1,8.76
3,295,65,63,263,66,43,262,52,40,-1,-1,-1,-1,-1,-1,8.88
3,211,81,65,208,86,41,98,70,43,-1,-1,-1,-1,-1,-1,8.13
4,235,61,32,239,67,69,233,49,35,236,49,35,-1,-1,-1,9.83
5,92,46,70,21,54,34,68,50,71,195,90,45,235,77,65,3.73
5,7,80,54,238,90,34,183,46,73,244,47,57,200,66,32,10.0
3,179,40,70,164,84,39,177,65,64,-1,-1,-1,-1,-1,-1,8.63
4,148,49,44,180,51,72,137,76,52,182,59,42,-1,-1,-1,8.9
3,304,69,62,51,76,59,182,66,64,-1,-1,-1,-1,-1,-1,8.12
4,8,62,42,175,75,33,129,84,32,121,62,31,-1,-1,-1,8.59
3,283,69,58,302,65,57,288,44,42,-1,-1,-1,-1,-1,-1,9.44
4,224,85,56,226,62,39,279,49,66,258,60,33,-1,-1,-1,8.57
5,194,40,35,300,56,68,61,62,42,193,82,37,312,41,56,4.46
4,232,42,69,231,50,68,229,50,36,233,40,71,-1,-1,-1,9.25
3,203,75,50,138,66,50,260,43,50,-1,-1,-1,-1,-1,-1,4.23
5,185,43,50,129,86,49,179,72,67,196,82,62,174,43,63,8.73
3,27,63,45,206,87,43,280,53,63,-1,-1,-1,-1,-1,-1,8.71
4,112,78,62,235,40,38,9,58,64,115,55,39,-1,-1,-1,8.42
4,51,59,55,313,88,54,159,78,70,312,84,80,-1,-1,-1,3.78
5,152,53,41,267,83,41,33,65,52,137,54,61,255,78,30,8.25
3,73,90,66,70,75,79,79,40,46,-1,-1,-1,-1,-1,-1,8.77
5,291,54,41,265,87,76,262,81,73,281,52,67,283,90,54,8.09
4,214,76,62,346,73,72,109,56,44,214,46,57,-1,-1,-1,8.57
5,225,56,31,157,52,42,46,46,79,172,74,38,236,80,49,9.59
5,54,59,51,166,52,62,336,41,60,41,74,42,4,81,32,8.62
5,36,64,58,127,90,77,7,65,51,120,79,73,222,58,66,3.97
4,67,56,75,56,81,78,54,64,57,66,73,41,-1,-1,-1,8.63
3,179,58,41,289,78,74,40,84,33,-1,-1,-1,-1,-1,-1,9.77
5,157,52,40,114,88,52,122,76,38,159,64,59,170,65,72,8.87
3,14,44,79,326,62,39,327,69,31,-1,-1,-1,-1,-1,-1,9.6
5,294,65,71,95,87,68,53,66,49,81,41,41,105,90,36,8.62
5,36,71,61,164,52,39,209,57,76,166,84,48,40,57,73,9.21
4,66,85,35,231,61,65,2,47,47,236,55,32,-1,-1,-1,8.92
3,111,43,76,110,88,36,110,85,45,-1,-1,-1,-1,-1,-1,9.55
3,233,80,63,342,48,73,98,55,70,-1,-1,-1,-1,-1,-1,8.99
4,215,59,66,214,48,60,212,57,32,213,77,68,-1,-1,-1,8.95
5,163,69,58,162,56,69,157,76,44,156,41,37,157,49,44,9.08
3,73,88,80,187,72,76,288,50,64,-1,-1,-1,-1,-1,-1,8.29
3,14,88,76,113,58,36,345,81,34,-1,-1,-1,-1,-1,-1,5.44
4,42,53,43,155,66,41,67,68,33,141,44,56,-1,-1,-1,4.04
4,282,73,47,285,75,42,280,88,64,277,58,38,-1,-1,-1,9.13
4,42,51,66,48,74,66,50,62,74,48,56,72,-1,-1,-1,8.63
5,196,74,76,323,44,50,91,40,34,210,70,64,320,44,45,8.07
4,321,45,41,260,41,39,274,67,50,301,80,64,-1,-1,-1,8.81
3,125,61,70,249,78,45,351,73,73,-1,-1,-1,-1,-1,-1,8.14
4,164,40,39,203,59,37,165,50,53,194,78,62,-1,-1,-1,8.05
4,342,82,60,337,44,66,335,72,65,335,86,35,-1,-1,-1,9.2
4,147,58,59,345,72,62,77,67,60,310,77,54,-1,-1,-1,3.75
5,230,88,52,202,46,39,290,86,68,16,40,73,218,75,50,9.22
5,62,53,57,155,50,69,54,82,54,252,56,66,75,59,61,3.82
5,12,42,69,14,90,70,21,90,78,17,42,77,13,90,68,8.88
4,249,80,66,23,43,32,129,61,30,251,44,72,-1,-1,-1,9.92
5,207,60,61,277,71,57,30,65,44,268,62,35,123,67,71,8.11
5,286,87,56,285,60,55,288,47,50,281,89,44,288,41,78,9.05
3,189,80,75,282,76,59,341,86,68,-1,-1,-1,-1,-1,-1,4.33
5,74,59,36,123,89,32,47,60,48,129,50,65,117,76,38,8.23
4,273,65,35,271,75,57,272,80,49,276,40,60,-1,-1,-1,9.31
4,263,58,64,262,86,51,252,69,66,204,88,78,-1,-1,-1,8.79
5,249,62,55,248,57,57,250,47,31,250,62,46,246,52,48,9.17
3,327,51,75,214,59,55,266,63,80,-1,-1,-1,-1,-1,-1,3.72
4,307,83,45,340,78,40,302,69,43,345,83,78,-1,-1,-1,9.39
4,188,65,66,150,44,65,189,83,38,194,56,37,-1,-1,-1,8.62
4,253,67,45,315,40,32,262,45,48,248,48,60,-1,-1,-1,8.6
4,340,51,59,8,67,40,7,79,51,22,83,58,-1,-1,-1,8.4
3,234,75,56,258,40,33,254,47,36,-1,-1,-1,-1,-1,-1,8.61
3,327,58,73,82,48,32,202,62,60,-1,-1,-1,-1,-1,-1,9.29
5,74,83,52,70,85,58,92,83,37,88,86,50,38,85,62,8.1
5,26,52,49,130,65,55,248,80,63,13,61,32,135,65,59,8.52
4,79,76,44,81,41,47,80,56,55,80,48,32,-1,-1,-1,8.71
3,95,80,58,155,48,67,151,60,41,-1,-1,-1,-1,-1,-1,8.34
3,329,48,72,126,80,31,78,62,80,-1,-1,-1,-1,-1,-1,5.24
5,236,85,76,327,79,68,75,54,53,75,68,37,220,83,32,4.94
5,196,41,39,335,64,80,354,78,77,349,82,69,300,44,38,5.16
4,199,61,40,248,51,34,23,87,53,251,60,64,-1,-1,-1,8.88
3,20,54,32,147,49,65,257,69,80,-1,-1,-1,-1,-1,-1,9.61
3,164,86,35,343,72,75,314,58,59,-1,-1,-1,-1,-1,-1,9.67
3,120,67,31,124,67,52,127,56,59,-1,-1,-1,-1,-1,-1,8.53
3,168,68,33,166,50,61,166,58,68,-1,-1,-1,-1,-1,-1,10.0
5,80,78,51,204,47,37,312,54,47,81,56,67,195,68,66,8.5
5,229,45,37,63,45,37,289,73,64,145,79,55,150,46,38,3.61
3,70,66,36,302,61,45,302,44,50,-1,-1,-1,-1,-1,-1,8.21
4,333,49,43,339,40,69,340,49,32,341,55,80,-1,-1,-1,9.74
4,95,80,71,101,59,60,98,43,39,95,68,34,-1,-1,-1,9.92
3,349,73,32,333,85,48,6,47,68,-1,-1,-1,-1,-1,-1,8.62
5,227,42,38,350,83,30,125,76,64,246,59,41,0,90,43,8.16
4,145,89,77,93,47,53,318,81,53,113,50,40,-1,-1,-1,8.62
5,90,88,47,92,62,56,92,80,45,85,63,77,91,74,45,8.92
4,239,40,78,73,57,70,181,84,70,83,48,75,-1,-1,-1,4.13
5,35,75,54,18,61,31,172,78,62,14,78,49,200,49,64,8.71
5,297,69,54,326,49,66,354,89,58,318,69,58,346,85,65,8.39
4,333,77,35,6,84,43,120,64,61,68,77,36,-1,-1,-1,3.54
5,52,89,67,183,58,40,299,57,39,67,57,44,185,54,74,8.76
4,338,45,80,240,68,46,132,84,54,232,43,44,-1,-1,-1,3.92
3,159,81,53,171,64,41,168,50,57,-1,-1,-1,-1,-1,-1,8.8
3,68,57,68,186,89,46,272,71,43,-1,-1,-1,-1,-1,-1,8.95
3,35,40,45,63,48,41,41,51,79,-1,-1,-1,-1,-1,-1,9.53
4,255,69,33,208,64,56,253,88,34,276,85,48,-1,-1,-1,8.0
3,243,71,31,354,50,31,131,67,68,-1,-1,-1,-1,-1,-1,9.1
4,113,76,72,359,77,40,184,66,60,357,64,52,-1,-1,-1,9.47
5,57,88,30,59,52,37,59,88,79,63,55,32,60,78,79,9.7
3,258,84,35,138,67,31,147,75,39,-1,-1,-1,-1,-1,-1,8.26
3,177,45,51,195,62,56,167,45,62,-1,-1,-1,-1,-1,-1,8.2
5,133,40,44,162,66,34,165,46,32,154,41,61,149,77,50,8.68
4,167,78,39,45,61,43,115,77,41,129,46,51,-1,-1,-1,4.31
4,17,88,35,17,51,66,12,87,59,10,62,56,-1,-1,-1,8.83
3,218,60,73,224,66,53,230,81,73,-1,-1,-1,-1,-1,-1,9.22
3,20,67,62,152,62,31,267,40,72,-1,-1,-1,-1,-1,-1,10.0
5,290,65,38,159,56,56,333,47,38,231,72,49,274,66,70,8.83
5,79,40,69,97,89,39,113,44,64,69,55,65,96,82,42,8.0
3,37,69,60,37,67,80,43,80,52,-1,-1,-1,-1,-1,-1,9.48
5,158,70,38,292,89,54,39,89,67,157,62,65,292,87,56,8.03
5,333,74,42,330,63,55,329,57,58,337,63,68,332,46,68,8.75
4,91,73,60,50,72,41,317,75,74,42,53,55,-1,-1,-1,4.17
4,330,57,50,45,67,59,266,55,70,327,75,73,-1,-1,-1,4.12
3,254,61,35,181,82,64,282,73,55,-1,-1,-1,-1,-1,-1,4.27
5,138,80,56,53,68,68,97,66,68,55,46,48,87,58,71,8.51
4,212,90,48,193,88,79,197,83,49,194,83,56,-1,-1,-1,9.04
3,161,65,54,114,88,60,120,48,65,-1,-1,-1,-1,-1,-1,9.0
3,86,54,64,239,69,50,2,81,41,-1,-1,-1,-1,-1,-1,8.23
4,88,60,50,84,89,71,88,76,40,90,46,55,-1,-1,-1,8.8
3,165,72,58,296,57,59,54,86,45,-1,-1,-1,-1,-1,-1,8.29
4,297,79,76,315,84,43,263,58,40,315,64,58,-1,-1,-1,8.95
4,220,68,76,208,67,37,223,58,62,227,63,77,-1,-1,-1,9.75
3,151,75,51,179,61,37,272,70,78,-1,-1,-1,-1,-1,-1,5.2
4,306,85,72,143,72,45,350,57,53,98,51,36,-1,-1,-1,4.15
3,30,72,74,159,76,59,277,40,63,-1,-1,-1,-1,-1,-1,8.23
3,193,67,58,192,63,35,198,43,52,-1,-1,-1,-1,-1,-1,8.59
5,346,89,40,204,88,43,312,77,62,98,76,46,352,42,74,4.1
5,262,60,55,264,58,39,260,86,67,263,72,44,262,81,43,9.42
3,331,45,63,310,79,59,315,53,58,-1,-1,-1,-1,-1,-1,8.45
4,235,47,70,230,45,79,226,88,35,227,45,39,-1,-1,-1,9.5
3,218,66,62,113,88,62,179,67,67,-1,-1,-1,-1,-1,-1,3.9
3,319,58,36,321,51,33,320,57,53,-1,-1,-1,-1,-1,-1,9.42
5,66,64,53,84,70,69,93,78,44,88,67,50,18,47,68,8.29
4,219,69,77,340,56,42,82,55,33,210,68,36,-1,-1,-1,9.95
3,127,61,78,121,61,37,122,49,71,-1,-1,-1,-1,-1,-1,9.51
5,126,48,45,262,58,73,12,58,76,139,90,70,260,42,40,9.26
5,53,54,36,173,62,44,301,73,60,63,83,40,170,52,37,8.66
4,220,44,32,344,40,58,114,59,34,229,74,68,-1,-1,-1,9.66
4,326,53,55,207,54,71,273,79,43,282,84,31,-1,-1,-1,4.44
4,26,82,54,350,48,77,29,86,73,141,63,41,-1,-1,-1,8.56
3,255,80,31,258,76,35,257,63,35,-1,-1,-1,-1,-1,-1,9.42
3,88,65,54,91,67,48,98,49,61,-1,-1,-1,-1,-1,-1,8.79
5,294,53,36,162,66,66,340,85,67,159,76,54,18,68,75,4.17
5,95,43,40,1,76,58,278,69,40,60,57,52,171,72,34,3.91
5,37,58,32,149,48,33,207,65,74,347,70,70,206,69,73,9.46
4,138,59,32,252,61,36,11,66,46,121,50,31,-1,-1,-1,8.96
5,186,69,48,142,55,62,66,45,63,134,41,73,261,48,48,4.29
3,250,75,55,26,59,35,184,80,44,-1,-1,-1,-1,-1,-1,3.51
4,45,44,79,172,70,56,284,80,72,36,54,30,-1,-1,-1,9.33
4,33,52,64,310,71,31,330,89,79,314,88,63,-1,-1,-1,9.03
4,148,71,35,34,77,34,63,76,37,85,46,75,-1,-1,-1,4.87
4,180,40,46,299,43,52,62,64,50,190,79,80,-1,-1,-1,8.95
3,68,61,66,73,73,38,70,83,73,-1,-1,-1,-1,-1,-1,10.0
3,264,85,36,44,69,69,152,46,76,-1,-1,-1,-1,-1,-1,9.09
5,177,48,30,284,80,77,50,86,70,164,45,61,294,60,77,9.82
4,357,50,42,349,63,75,355,69,35,350,85,80,-1,-1,-1,10.0
4,260,40,72,29,41,51,148,53,37,259,73,71,-1,-1,-1,8.36
4,281,72,65,65,84,79,219,46,59,257,66,76,-1,-1,-1,4.35
5,105,53,42,292,58,48,142,40,47,234,57,44,340,71,72,8.99
4,11,40,48,219,88,74,38,88,33,235,42,52,-1,-1,-1,9.49
4,311,40,45,315,82,52,317,52,48,313,88,46,-1,-1,-1,9.33
3,146,44,78,291,48,56,126,52,35,-1,-1,-1,-1,-1,-1,5.23
5,234,79,48,173,81,30,173,90,38,231,76,75,189,79,36,9.03
5,306,84,58,305,67,44,350,82,37,3,49,52,332,60,61,8.1
3,148,84,40,148,58,31,152,47,67,-1,-1,-1,-1,-1,-1,9.53
4,206,78,72,322,52,68,85,57,41,198,56,62,-1,-1,-1,8.42
5,192,74,60,209,41,71,202,90,80,227,54,80,192,58,71,8.45
4,161,40,57,321,41,78,275,76,76,48,51,65,-1,-1,-1,8.02
3,14,58,30,225,85,71,200,76,58,-1,-1,-1,-1,-1,-1,9.52
4,209,60,68,336,63,60,82,55,71,211,57,45,-1,-1,-1,8.72
5,334,58,40,303,46,37,300,52,77,341,44,51,298,83,49,8.87
4,357,68,47,109,72,59,275,70,69,101,82,74,-1,-1,-1,4.37
3,167,57,78,216,40,41,95,81,63,-1,-1,-1,-1,-1,-1,5.16
4,200,50,64,201,67,53,200,84,64,204,48,33,-1,-1,-1,8.68
5,348,52,79,354,43,72,346,72,50,345,79,77,348,60,33,10.0
5,71,68,47,199,86,36,303,57,65,67,61,80,189,65,80,9.16
4,317,52,67,145,58,35,134,90,63,146,73,59,-1,-1,-1,8.56
4,181,55,62,182,50,41,184,71,71,175,65,44,-1,-1,-1,9.3
5,343,85,41,89,89,79,222,43,61,334,41,69,102,67,33,9.07
4,78,69,40,148,49,53,269,50,66,3,56,46,-1,-1,-1,8.72
5,250,81,41,177,62,69,189,57,74,169,51,41,299,70,75,4.98
3,64,52,80,128,59,41,184,77,67,-1,-1,-1,-1,-1,-1,4.55
5,335,88,69,81,71,55,212,76,72,333,86,63,89,77,37,8.41
5,105,62,46,221,55,48,338,73,62,110,49,78,234,73,44,8.34
5,129,73,45,161,53,30,115,74,62,127,78,40,138,57,55,8.25
5,302,65,32,332,58,60,335,44,66,321,83,47,21,79,35,8.49
5,17,72,49,15,46,40,3,84,61,264,89,78,165,47,76,3.52
5,339,82,31,330,41,70,334,43,72,336,57,47,329,62,56,10.0
5,296,51,59,334,74,37,270,89,58,301,47,55,266,80,47,8.15
5,184,89,51,303,79,53,75,64,37,185,80,58,303,86,49,8.93
4,153,54,80,193,74,36,333,69,36,317,59,37,-1,-1,-1,9.64
4,165,45,79,59,73,72,181,53,77,79,46,35,-1,-1,-1,5.38
4,222,81,59,33,44,44,241,85,78,261,82,56,-1,-1,-1,8.99
3,3,50,63,118,87,76,229,41,44,-1,-1,-1,-1,-1,-1,8.48
5,33,45,57,78,79,56,287,67,41,250,73,67,245,63,77,3.75
5,21,50,54,50,65,64,11,84,51,44,46,37,25,78,53,8.71
3,275,90,42,283,61,56,284,49,35,-1,-1,-1,-1,-1,-1,9.34
3,270,86,37,31,53,37,157,73,67,-1,-1,-1,-1,-1,-1,8.81
3,37,40,68,234,40,34,234,78,78,-1,-1,-1,-1,-1,-1,5.27
3,40,50,69,326,67,34,248,50,80,-1,-1,-1,-1,-1,-1,4.62
3,291,85,50,41,79,80,151,77,31,-1,-1,-1,-1,-1,-1,9.05
4,328,63,60,328,46,74,329,57,43,320,43,46,-1,-1,-1,9.12
5,163,89,70,288,61,33,48,46,55,173,65,46,287,88,56,8.96
5,80,90,47,75,46,66,82,45,41,80,88,65,76,62,71,9.48
5,226,89,32,203,74,70,261,67,43,256,81,41,175,55,44,8.37
4,297,47,65,287,66,51,105,84,50,326,49,40,-1,-1,-1,8.63
3,152,64,56,152,66,78,148,90,54,-1,-1,-1,-1,-1,-1,8.97
4,167,41,80,31,55,60,300,89,51,33,54,41,-1,-1,-1,3.99
3,245,62,60,100,40,45,227,86,34,-1,-1,-1,-1,-1,-1,8.43
4,147,86,57,142,76,71,139,83,50,148,50,48,-1,-1,-1,9.33
4,303,64,69,302,48,45,300,51,31,300,76,71,-1,-1,-1,9.8
5,40,65,33,191,60,32,319,84,57,197,69,33,36,83,59,8.83
3,154,68,34,160,81,48,318,77,55,-1,-1,-1,-1,-1,-1,3.63
5,152,72,68,146,49,58,146,72,36,152,69,45,146,63,47,9.34
3,131,67,50,90,46,31,237,41,48,-1,-1,-1,-1,-1,-1,3.52
3,251,68,52,250,65,68,254,64,76,-1,-1,-1,-1,-1,-1,8.57
4,293,85,67,259,84,37,302,71,79,300,63,75,-1,-1,-1,9.84
3,283,56,74,49,61,33,162,70,34,-1,-1,-1,-1,-1,-1,9.98
4,160,75,30,83,64,42,137,77,72,141,80,51,-1,-1,-1,9.74
3,69,46,61,14,74,59,41,61,30,-1,-1,-1,-1,-1,-1,8.65
5,51,88,53,47,68,56,49,60,76,45,64,61,45,44,52,8.58
4,152,50,54,253,58,63,24,45,71,135,66,41,-1,-1,-1,8.21
5,196,70,53,47,63,39,162,69,33,124,79,69,3,72,56,4.28
5,358,87,40,358,77,33,359,66,41,6,51,47,1,77,41,9.14
5,131,52,59,247,70,33,5,45,67,127,42,75,242,53,54,8.91
5,141,73,57,92,59,76,142,52,33,93,86,35,229,57,51,5.05
5,124,42,49,122,69,69,125,43,47,126,48,75,122,75,33,10.0
3,301,81,75,6,83,51,338,47,64,-1,-1,-1,-1,-1,-1,8.88
5,149,46,64,253,86,35,13,67,36,148,88,31,264,82,30,3.7
4,182,52,31,355,66,35,210,67,33,357,87,39,-1,-1,-1,8.86
4,337,75,59,81,57,62,208,79,49,318,68,65,-1,-1,-1,8.8
4,295,81,64,8,46,69,236,46,40,348,75,64,-1,-1,-1,4.35
5,341,58,58,143,80,64,231,89,53,129,50,41,6,56,59,8.38
3,306,66,68,292,70,48,257,48,76,-1,-1,-1,-1,-1,-1,8.63
3,244,81,76,126,63,62,142,72,67,-1,-1,-1,-1,-1,-1,4.45
5,297,73,49,153,85,39,298,82,76,162,57,38,229,88,35,4.63
5,245,70,40,13,52,73,120,74,48,235,66,49,358,74,62,8.86
4,127,65,32,160,69,70,157,89,42,159,75,31,-1,-1,-1,9.64
4,295,90,68,125,70,59,232,66,46,198,86,80,-1,-1,-1,9.16
3,118,63,32,225,83,39,5,84,59,-1,-1,-1,-1,-1,-1,8.38
4,19,86,48,13,82,32,351,58,61,5,56,75,-1,-1,-1,9.28
5,62,86,80,89,87,46,84,74,56,112,61,49,60,63,73,8.86
5,283,50,78,47,54,72,173,86,46,279,43,33,55,80,66,9.24
5,328,45,34,319,89,62,326,49,49,320,72,73,320,48,80,10.0
5,237,85,80,290,77,59,166,63,58,290,74,73,221,89,63,3.86
3,167,50,46,210,78,78,167,42,67,-1,-1,-1,-1,-1,-1,8.81
4,224,90,53,341,82,37,111,58,32,218,74,32,-1,-1,-1,8.37
5,193,74,63,191,41,45,195,44,59,197,74,42,195,71,36,9.47
5,74,51,76,106,79,50,280,75,56,315,46,58,82,83,53,8.53
4,281,46,68,46,84,54,236,69,40,54,80,57,-1,-1,-1,9.08
4,343,66,70,348,86,38,352,74,55,346,61,33,-1,-1,-1,9.09
5,84,76,51,89,49,33,86,59,60,92,46,74,83,71,64,9.35
3,263,73,42,255,58,66,259,51,57,-1,-1,-1,-1,-1,-1,9.39
3,64,40,62,193,49,75,257,73,38,-1,-1,-1,-1,-1,-1,9.59
3,251,85,54,3,52,36,132,69,74,-1,-1,-1,-1,-1,-1,9.09
5,322,78,34,319,74,45,320,78,37,357,49,45,304,43,74,8.72
3,19,56,64,15,62,78,22,58,38,-1,-1,-1,-1,-1,-1,9.71
4,194,50,44,322,40,66,178,55,31,316,77,45,-1,-1,-1,8.96
3,161,59,79,276,40,45,52,82,63,-1,-1,-1,-1,-1,-1,8.2
5,170,75,46,299,41,52,61,62,72,187,59,78,295,47,52,8.66
4,288,63,37,63,81,63,223,41,40,62,80,50,-1,-1,-1,4.32
3,48,43,35,139,73,44,82,73,54,-1,-1,-1,-1,-1,-1,4.35
5,130,64,33,220,61,75,233,45,64,25,52,42,302,77,68,5.29
5,231,68,47,230,64,37,232,62,49,226,56,70,234,80,50,9.29
3,220,49,64,347,70,59,93,75,61,-1,-1,-1,-1,-1,-1,8.77
3,160,65,67,73,84,58,299,70,47,-1,-1,-1,-1,-1,-1,3.68
3,156,89,76,248,60,74,243,48,35,-1,-1,-1,-1,-1,-1,5.22
4,81,70,41,183,61,61,341,55,68,237,68,37,-1,-1,-1,3.99
3,159,79,53,159,46,67,160,83,46,-1,-1,-1,-1,-1,-1,9.36
5,353,90,64,293,60,62,248,58,77,294,87,65,268,55,43,4.08
5,135,80,58,4,47,54,333,67,56,298,65,36,173,58,41,8.46
3,76,55,48,203,40,53,333,79,34,-1,-1,-1,-1,-1,-1,8.73
4,64,45,37,186,70,43,320,78,42,65,65,62,-1,-1,-1,8.21
3,356,50,64,355,56,52,86,48,38,-1,-1,-1,-1,-1,-1,3.99
4,38,54,45,61,53,55,259,66,40,49,40,75,-1,-1,-1,4.33
4,124,86,54,147,71,53,75,41,56,85,89,49,-1,-1,-1,8.52
4,42,60,36,272,84,52,114,52,64,276,84,50,-1,-1,-1,8.21
4,21,72,68,28,45,72,31,57,53,22,45,78,-1,-1,-1,9.26
4,263,42,71,223,60,66,220,59,52,191,75,68,-1,-1,-1,8.49
5,67,69,80,288,40,32,238,52,48,295,90,60,107,46,64,5.4
5,238,68,31,217,76,72,329,47,55,126,85,49,114,63,39,3.77
5,349,51,31,60,70,67,47,86,55,24,88,74,43,88,73,9.21
5,258,47,33,26,84,35,136,73,67,258,89,44,28,84,68,9.12
5,151,77,39,189,86,58,40,67,30,307,45,43,291,41,40,8.35
5,228,53,55,346,80,44,114,88,55,223,86,62,355,41,79,8.38
5,324,54,75,90,69,39,195,79,65,315,54,67,76,54,63,8.18
4,349,66,80,348,59,49,348,52,71,347,86,34,-1,-1,-1,10.0
4,58,57,60,85,62,68,104,52,31,86,80,44,-1,-1,-1,8.4
3,306,81,42,63,64,62,172,72,75,-1,-1,-1,-1,-1,-1,8.35
4,220,58,62,254,85,30,242,57,42,221,48,38,-1,-1,-1,8.95
3,81,59,69,4,56,42,16,67,62,-1,-1,-1,-1,-1,-1,8.36
5,73,66,37,311,72,75,331,56,48,302,78,50,226,48,75,5.04
3,354,73,52,66,56,49,252,90,42,-1,-1,-1,-1,-1,-1,9.05
4,37,55,38,323,73,40,55,48,59,328,62,45,-1,-1,-1,3.77
3,166,79,53,144,51,48,98,47,51,-1,-1,-1,-1,-1,-1,8.3
4,212,65,59,214,51,31,207,69,46,214,70,65,-1,-1,-1,9.32
4,177,83,72,180,58,57,186,70,75,182,68,53,-1,-1,-1,8.89
3,103,81,47,109,88,71,110,45,79,-1,-1,-1,-1,-1,-1,9.14
5,285,82,74,309,87,51,97,85,80,306,79,57,27,64,56,8.9
3,34,57,51,37,42,74,30,86,60,-1,-1,-1,-1,-1,-1,8.7
4,212,71,35,216,49,79,211,68,67,216,50,73,-1,-1,-1,10.0
4,20,43,73,355,58,72,326,78,60,10,72,41,-1,-1,-1,8.16
3,196,55,30,314,65,51,324,89,46,-1,-1,-1,-1,-1,-1,8.65
4,160,87,75,151,89,60,130,76,44,176,90,80,-1,-1,-1,8.93
3,36,83,75,136,59,46,274,89,54,-1,-1,-1,-1,-1,-1,8.61
3,79,48,35,204,46,75,333,70,77,-1,-1,-1,-1,-1,-1,9.41
4,93,43,41,22,75,78,66,48,38,41,68,61,-1,-1,-1,9.33
3,302,65,54,71,53,78,183,55,66,-1,-1,-1,-1,-1,-1,8.22
3,211,54,70,63,60,30,190,71,57,-1,-1,-1,-1,-1,-1,9.05
3,9,40,71,54,86,38,28,49,30,-1,-1,-1,-1,-1,-1,9.65
3,223,42,66,210,88,59,199,66,35,-1,-1,-1,-1,-1,-1,8.51
3,322,49,63,94,63,36,212,79,66,-1,-1,-1,-1,-1,-1,8.12
3,214,86,55,213,59,57,216,43,47,-1,-1,-1,-1,-1,-1,8.71
3,1,80,53,286,86,78,60,88,63,-1,-1,-1,-1,-1,-1,3.88
5,172,46,33,289,44,77,76,41,61,281,89,76,2,55,65,5.07
5,54,56,31,103,62,54,94,85,50,52,65,55,96,51,39,8.64
3,60,65,39,104,40,78,122,57,39,-1,-1,-1,-1,-1,-1,9.25
3,360,51,77,117,79,51,266,62,34,-1,-1,-1,-1,-1,-1,9.94
5,357,64,74,329,59,56,357,52,69,338,57,57,343,80,37,8.88
4,210,51,69,208,76,77,165,66,49,149,41,40,-1,-1,-1,8.57
5,40,48,80,329,57,53,234,50,63,327,49,67,314,88,59,4.34
4,109,62,30,224,79,46,1,79,56,107,79,65,-1,-1,-1,8.13
4,310,62,80,267,88,68,305,46,31,65,80,55,-1,-1,-1,9.47
5,185,56,46,6,76,63,174,78,58,13,74,75,42,57,59,9.43
5,188,70,59,305,78,39,81,50,30,204,69,33,318,61,73,9.49
5,43,55,44,46,90,39,49,86,75,44,48,51,50,44,42,8.53
3,18,85,30,297,77,43,218,44,37,-1,-1,-1,-1,-1,-1,4.21
5,339,75,48,314,80,32,323,43,63,4,86,56,330,51,43,8.02
4,41,90,30,167,51,80,277,69,36,46,64,36,-1,-1,-1,9.38
4,230,60,39,98,52,67,85,66,79,101,82,69,-1,-1,-1,8.39
4,58,40,64,236,71,58,146,53,64,244,40,53,-1,-1,-1,9.25
4,21,61,50,20,64,47,19,81,73,23,48,33,-1,-1,-1,9.01
3,2,62,71,114,65,38,236,76,77,-1,-1,-1,-1,-1,-1,9.15
4,240,74,50,167,62,68,238,68,44,209,88,46,-1,-1,-1,8.39
4,119,79,45,122,77,58,119,68,35,126,82,47,-1,-1,-1,8.94
4,157,58,61,50,44,73,300,76,80,61,68,36,-1,-1,-1,9.85
5,276,45,30,30,53,31,144,43,54,264,89,72,37,59,30,9.04
5,149,90,53,175,40,63,259,60,41,167,89,53,76,48,42,8.51
3,120,86,78,209,64,30,303,74,54,-1,-1,-1,-1,-1,-1,10.0
4,164,57,59,167,49,72,128,80,58,127,49,66,-1,-1,-1,8.35
5,150,82,80,279,45,55,43,56,70,163,81,72,278,83,42,8.78
5,279,67,70,276,57,39,271,69,40,270,61,33,276,51,63,9.34
4,306,50,33,63,76,67,183,80,71,301,77,49,-1,-1,-1,9.15
5,320,77,30,108,47,73,86,77,44,294,72,37,224,64,60,9.7
3,219,72,61,345,82,39,107,86,37,-1,-1,-1,-1,-1,-1,8.81
3,360,51,60,141,62,79,172,85,80,-1,-1,-1,-1,-1,-1,8.64
5,60,50,72,182,46,44,294,79,59,60,72,77,175,47,35,9.91
4,59,63,76,192,66,65,346,65,36,245,51,40,-1,-1,-1,5.02
4,71,46,41,173,42,49,328,86,41,160,65,54,-1,-1,-1,3.97
5,298,79,37,58,74,74,187,43,72,301,42,53,56,65,79,9.68
4,327,45,30,326,55,69,330,78,33,325,54,50,-1,-1,-1,10.0
4,32,80,45,200,67,35,341,42,47,29,84,47,-1,-1,-1,4.42
3,346,62,50,98,45,64,121,90,40,-1,-1,-1,-1,-1,-1,8.47
4,356,58,57,270,83,32,189,87,68,123,71,67,-1,-1,-1,8.41
5,356,47,44,359,57,59,356,72,35,0,54,57,357,86,54,9.24
4,328,52,32,312,60,55,340,51,59,274,62,44,-1,-1,-1,8.53
4,318,88,70,81,83,47,194,41,79,322,85,53,-1,-1,-1,8.58
5,260,68,42,34,84,55,155,70,58,280,58,69,26,51,32,8.61
4,63,79,73,159,47,34,360,68,35,173,90,39,-1,-1,-1,10.0
5,29,53,40,16,62,63,142,49,78,18,82,78,351,60,41,9.45
3,160,72,46,342,57,58,307,43,36,-1,-1,-1,-1,-1,-1,8.85
5,145,60,35,181,52,65,135,49,38,185,62,30,123,78,30,8.76
3,132,81,78,130,60,45,124,44,72,-1,-1,-1,-1,-1,-1,9.22
4,111,48,67,220,85,56,349,84,48,108,64,44,-1,-1,-1,8.61
4,193,44,79,324,80,36,265,41,44,94,68,46,-1,-1,-1,9.68
4,231,44,80,350,68,47,95,43,33,14,49,71,-1,-1,-1,9.79
4,169,70,30,150,75,53,270,66,38,250,79,71,-1,-1,-1,4.97
3,295,51,79,330,90,60,316,75,39,-1,-1,-1,-1,-1,-1,10.0
4,283,86,38,273,82,38,233,58,78,245,40,71,-1,-1,-1,9.86
3,327,90,74,90,57,68,209,83,37,-1,-1,-1,-1,-1,-1,9.56
5,162,48,38,87,84,74,105,52,64,104,64,41,157,81,61,8.27
4,267,74,66,64,84,61,119,77,60,200,72,70,-1,-1,-1,3.98
4,265,60,47,274,53,45,274,62,62,265,86,47,-1,-1,-1,8.59
5,26,81,38,261,80,40,179,63,35,254,65,41,142,86,67,8.36
3,133,54,63,117,63,41,197,59,61,-1,-1,-1,-1,-1,-1,8.42
5,194,86,55,119,81,31,172,55,49,186,68,78,191,59,76,9.04
4,336,47,74,89,56,62,133,49,37,47,83,80,-1,-1,-1,5.27
4,108,77,50,66,46,34,58,47,45,263,70,53,-1,-1,-1,3.97
5,132,62,61,109,58,45,234,48,31,113,41,34,86,71,59,3.79
5,38,73,34,74,45,69,236,43,31,311,85,36,28,73,52,4.11
3,196,55,66,194,41,34,238,87,70,-1,-1,-1,-1,-1,-1,9.58
3,235,70,78,236,49,63,230,45,79,-1,-1,-1,-1,-1,-1,9.45
3,177,43,52,193,71,73,25,49,31,-1,-1,-1,-1,-1,-1,4.83
3,221,49,48,109,66,59,169,59,45,-1,-1,-1,-1,-1,-1,4.35
5,0,87,50,355,68,52,70,90,47,26,52,43,36,88,62,8.32
3,272,64,38,93,78,73,14,54,42,-1,-1,-1,-1,-1,-1,10.0
4,181,84,72,191,65,56,190,79,54,169,85,75,-1,-1,-1,8.65
3,0,58,37,354,59,49,359,46,64,-1,-1,-1,-1,-1,-1,8.6
3,113,49,53,228,76,56,339,79,69,-1,-1,-1,-1,-1,-1,8.26
5,78,55,46,90,65,79,44,68,45,65,50,33,73,66,36,9.43
4,157,71,33,151,48,41,160,64,65,153,53,70,-1,-1,-1,10.0
5,0,63,54,206,72,80,60,80,58,189,87,50,179,53,72,8.23
3,67,45,78,61,43,58,67,81,40,-1,-1,-1,-1,-1,-1,9.89
5,201,76,70,1,51,63,92,81,33,353,56,59,218,72,31,5.06
4,357,73,73,353,67,65,30,44,31,327,71,50,-1,-1,-1,9.06
3,172,86,72,327,62,36,193,65,67,-1,-1,-1,-1,-1,-1,4.55
4,129,42,38,124,44,77,123,52,65,124,49,71,-1,-1,-1,8.64
4,76,90,37,183,78,55,304,41,71,60,56,74,-1,-1,-1,8.15
3,110,62,71,233,88,63,357,55,62,-1,-1,-1,-1,-1,-1,8.27
3,118,42,31,317,69,55,327,49,77,-1,-1,-1,-1,-1,-1,5.23
5,95,66,56,74,64,79,101,54,78,96,77,68,30,75,59,8.45
3,217,72,57,332,89,56,82,77,38,-1,-1,-1,-1,-1,-1,8.21
3,125,61,70,109,47,64,166,56,61,-1,-1,-1,-1,-1,-1,8.78
4,194,84,40,324,81,56,77,47,35,320,56,46,-1,-1,-1,8.28
5,223,89,47,231,86,77,228,60,39,226,78,51,233,65,75,10.0
5,137,47,44,257,65,35,16,63,58,120,72,30,257,47,53,8.93
3,260,87,72,7,50,69,132,40,51,-1,-1,-1,-1,-1,-1,8.01
4,41,88,76,145,40,45,174,76,63,188,87,39,-1,-1,-1,4.05
5,141,85,43,260,41,77,11,44,54,124,76,71,263,75,52,8.08
3,143,87,48,166,86,69,188,81,33,-1,-1,-1,-1,-1,-1,8.15
3,1,89,56,359,59,34,2,61,54,-1,-1,-1,-1,-1,-1,9.28
5,14,44,77,193,61,49,132,55,61,286,51,73,22,56,37,8.99
5,343,52,63,192,87,61,211,42,53,207,60,71,51,88,67,4.13
3,148,60,73,332,53,43,45,69,54,-1,-1,-1,-1,-1,-1,8.96
4,274,84,77,242,68,69,238,84,60,236,59,42,-1,-1,-1,8.56
4,96,78,48,225,86,59,337,50,57,104,47,55,-1,-1,-1,8.68
4,149,43,49,262,60,50,29,45,50,139,79,36,-1,-1,-1,8.18
5,202,71,46,308,56,51,74,85,40,205,42,65,313,88,45,8.61
4,288,77,62,166,89,64,246,66,56,183,75,39,-1,-1,-1,3.71
3,45,45,63,43,57,33,46,78,47,-1,-1,-1,-1,-1,-1,8.84
5,211,50,74,343,82,62,89,47,59,217,87,30,335,80,48,8.45
5,319,83,56,221,72,59,211,51,70,213,40,30,292,56,30,5.02
5,123,46,58,239,49,50,357,78,71,129,58,31,237,80,37,8.02
3,74,81,60,55,80,76,359,53,50,-1,-1,-1,-1,-1,-1,8.54
3,306,64,32,136,89,30,176,43,52,-1,-1,-1,-1,-1,-1,8.54
4,205,45,59,26,72,47,326,62,42,19,90,46,-1,-1,-1,8.93
3,87,50,35,201,64,49,321,58,53,-1,-1,-1,-1,-1,-1,8.48
4,107,43,54,112,59,65,105,47,42,105,44,32,-1,-1,-1,8.72
5,5,42,35,60,62,78,31,66,62,48,44,71,65,65,59,8.12
3,28,83,33,153,77,44,283,59,48,-1,-1,-1,-1,-1,-1,8.14
5,127,48,69,122,59,46,129,54,68,119,80,60,123,55,54,8.57
4,147,49,41,29,51,36,166,47,36,96,42,61,-1,-1,-1,4.19
3,69,73,64,44,42,33,309,77,59,-1,-1,-1,-1,-1,-1,4.22
3,91,51,37,174,48,55,183,80,70,-1,-1,-1,-1,-1,-1,4.04
5,162,69,49,163,76,37,144,54,37,104,45,44,184,82,31,8.03
4,211,77,31,213,48,39,204,44,65,209,47,37,-1,-1,-1,8.57
4,262,82,38,267,64,36,243,47,41,291,60,50,-1,-1,-1,8.42
3,305,62,73,320,89,32,195,42,75,-1,-1,-1,-1,-1,-1,9.11
5,301,42,46,299,71,69,299,60,61,300,80,59,303,69,39,8.53
3,50,68,31,42,63,48,51,53,80,-1,-1,-1,-1,-1,-1,9.81
4,85,42,72,52,50,63,120,83,59,85,85,72,-1,-1,-1,8.46
4,323,73,66,330,65,46,325,76,40,330,64,38,-1,-1,-1,9.49
3,196,52,80,321,87,59,78,63,38,-1,-1,-1,-1,-1,-1,9.64
3,355,52,55,104,84,53,235,73,63,-1,-1,-1,-1,-1,-1,8.35
5,209,41,63,322,48,71,84,67,64,201,90,70,316,85,55,8.18
4,63,79,60,58,40,37,49,83,67,39,53,53,-1,-1,-1,8.37
3,341,53,77,323,74,72,9,52,72,-1,-1,-1,-1,-1,-1,8.83
5,58,49,38,90,74,73,4,46,62,291,74,69,354,79,31,4.8
4,317,78,47,52,66,47,97,65,58,175,49,33,-1,-1,-1,3.79
5,330,86,60,16,86,73,29,53,44,2,47,63,13,79,71,8.89
4,292,63,57,294,42,50,293,57,58,31,49,69,-1,-1,-1,4.0
4,172,90,63,316,51,69,272,42,44,316,68,47,-1,-1,-1,4.13
3,95,74,35,271,83,71,126,40,53,-1,-1,-1,-1,-1,-1,9.17
3,117,74,32,240,67,52,22,45,60,-1,-1,-1,-1,-1,-1,8.54
5,77,75,38,300,41,71,106,57,78,291,66,42,49,69,76,9.57
3,11,89,71,128,56,65,252,59,65,-1,-1,-1,-1,-1,-1,8.65
4,141,78,39,259,73,65,7,84,66,130,76,34,-1,-1,-1,8.58
4,240,70,61,245,61,43,248,42,75,246,88,80,-1,-1,-1,8.84
5,40,70,56,167,53,36,277,50,69,43,79,68,154,48,48,8.46
3,251,53,53,172,76,43,218,89,67,-1,-1,-1,-1,-1,-1,8.2
5,351,49,63,9,58,64,359,79,33,8,57,61,341,62,60,8.26
5,241,46,77,15,55,54,132,80,53,250,46,80,6,83,34,9.21
3,240,46,71,289,49,69,315,81,48,-1,-1,-1,-1,-1,-1,8.7
4,107,50,32,192,86,36,6,78,53,96,42,65,-1,-1,-1,8.55
4,67,82,52,192,73,41,306,72,44,61,79,62,-1,-1,-1,8.87
5,60,50,78,304,77,60,290,70,43,357,53,64,309,59,60,4.24
5,272,67,61,222,43,76,41,43,79,219,42,30,251,63,32,10.0
3,21,50,33,153,73,55,273,70,48,-1,-1,-1,-1,-1,-1,8.58
5,331,42,68,36,77,60,114,68,76,320,54,55,226,72,39,8.48
5,11,63,46,5,89,71,1,43,69,5,81,70,2,76,46,8.63
3,302,88,60,215,71,52,357,70,46,-1,-1,-1,-1,-1,-1,4.4
3,148,75,69,318,61,60,319,88,33,-1,-1,-1,-1,-1,-1,9.98
3,232,64,42,237,74,74,236,75,48,-1,-1,-1,-1,-1,-1,9.11
3,145,69,65,144,55,42,144,47,59,-1,-1,-1,-1,-1,-1,8.72
5,86,45,55,198,51,43,316,63,48,90,62,34,198,78,56,8.41
3,332,86,51,82,45,74,250,57,75,-1,-1,-1,-1,-1,-1,8.85
4,117,49,30,233,84,33,354,78,76,110,78,50,-1,-1,-1,9.21
3,124,86,63,108,69,44,72,45,39,-1,-1,-1,-1,-1,-1,8.04
4,345,51,50,356,88,59,87,65,70,0,71,34,-1,-1,-1,3.7
5,63,85,54,296,41,37,37,89,79,287,54,40,88,80,75,4.93
4,340,67,41,137,52,37,322,75,71,121,52,33,-1,-1,-1,9.05
5,256,47,64,254,77,32,252,83,79,250,57,34,249,56,67,9.6
5,211,52,76,211,69,33,206,60,50,208,66,37,211,55,44,10.0
3,204,82,57,92,68,42,4,85,38,-1,-1,-1,-1,-1,-1,8.36
3,16,90,37,131,70,60,265,75,45,-1,-1,-1,-1,-1,-1,8.65
4,226,43,45,234,51,75,277,44,80,293,84,60,-1,-1,-1,8.87
4,255,87,37,333,76,35,191,52,57,289,40,42,-1,-1,-1,4.39
3,76,73,44,295,72,52,298,66,66,-1,-1,-1,-1,-1,-1,3.91
4,224,61,43,264,62,36,8,71,62,201,52,77,-1,-1,-1,4.63
3,16,64,35,12,53,63,165,62,59,-1,-1,-1,-1,-1,-1,3.9
4,253,74,56,201,54,65,258,67,58,193,66,31,-1,-1,-1,8.31
3,102,44,77,241,78,31,343,42,64,-1,-1,-1,-1,-1,-1,9.42
3,203,53,30,194,54,77,195,54,63,-1,-1,-1,-1,-1,-1,10.0
4,118,75,38,244,81,57,14,57,70,116,69,59,-1,-1,-1,8.42
5,167,74,71,280,51,40,40,69,45,153,56,40,274,86,51,8.92
3,227,57,72,153,43,79,100,72,43,-1,-1,-1,-1,-1,-1,5.13
5,262,58,75,161,87,65,19,62,57,27,87,77,172,75,63,8.95
5,133,87,64,127,83,71,136,81,53,134,57,64,129,64,38,8.91
4,223,75,73,112,41,36,250,72,57,38,57,55,-1,-1,-1,8.15
5,86,72,77,91,68,58,85,61,42,93,73,47,87,88,77,8.58
5,255,65,44,201,46,61,276,81,31,199,74,76,70,45,52,9.65
4,263,52,34,279,86,42,58,69,40,266,78,54,-1,-1,-1,3.63
3,178,79,72,177,42,75,207,59,80,-1,-1,-1,-1,-1,-1,8.92
3,191,48,36,305,84,30,65,75,66,-1,-1,-1,-1,-1,-1,9.13
4,216,86,60,217,60,41,217,44,59,216,73,50,-1,-1,-1,8.94
4,96,65,37,95,89,58,102,77,72,100,54,69,-1,-1,-1,9.02
3,66,48,33,73,78,32,74,85,38,-1,-1,-1,-1,-1,-1,9.03
3,75,84,67,187,57,53,304,50,40,-1,-1,-1,-1,-1,-1,8.36
3,46,46,50,193,66,51,21,80,39,-1,-1,-1,-1,-1,-1,8.68
3,3,82,56,341,43,32,350,47,65,-1,-1,-1,-1,-1,-1,8.63
5,219,57,71,117,57,62,246,62,62,92,58,65,68,80,43,9.18
3,205,49,33,198,55,35,238,66,57,-1,-1,-1,-1,-1,-1,8.32
5,96,86,62,99,48,37,92,74,78,97,53,58,102,44,72,9.49
4,29,59,50,38,48,54,36,77,64,30,41,69,-1,-1,-1,9.34
3,105,77,62,84,54,63,129,41,39,-1,-1,-1,-1,-1,-1,8.54
4,42,69,75,172,66,72,278,71,74,45,83,61,-1,-1,-1,8.39
5,50,66,77,317,86,75,266,56,64,33,40,64,215,67,72,3.51
5,285,50,61,295,90,56,84,53,77,295,58,77,186,66,72,4.25
3,57,45,56,183,86,30,305,42,47,-1,-1,-1,-1,-1,-1,8.38
4,234,77,57,27,52,56,158,56,72,123,89,30,-1,-1,-1,5.2
4,200,43,51,325,79,80,70,89,59,209,44,50,-1,-1,-1,8.93
5,21,58,34,50,68,61,174,48,76,353,90,80,38,72,65,10.0
4,293,57,31,26,40,46,62,71,74,31,69,37,-1,-1,-1,4.76
4,258,62,69,142,90,61,238,72,76,191,61,39,-1,-1,-1,4.22
4,39,83,48,265,81,55,122,73,30,261,52,42,-1,-1,-1,4.04
5,35,75,77,196,87,74,48,88,38,194,61,62,283,80,41,9.61
3,342,70,38,89,64,80,176,42,41,-1,-1,-1,-1,-1,-1,5.37
5,273,75,44,250,84,56,213,71,40,262,80,54,230,66,74,8.71
5,32,72,73,137,51,70,264,76,56,32,41,36,155,65,71,8.17
4,265,48,46,306,88,32,327,89,43,325,72,61,-1,-1,-1,8.85
3,8,49,50,242,54,37,345,82,58,-1,-1,-1,-1,-1,-1,4.12
3,290,43,66,187,76,32,323,67,35,-1,-1,-1,-1,-1,-1,4.88
4,315,44,33,336,40,35,216,56,40,40,63,37,-1,-1,-1,9.47
5,326,45,70,284,64,46,33,49,71,284,85,50,335,50,48,3.65
4,193,48,69,312,45,67,178,90,68,47,40,47,-1,-1,-1,8.3
5,195,73,31,203,41,35,199,67,37,204,80,77,203,52,67,9.53
3,286,90,37,54,75,70,244,56,59,-1,-1,-1,-1,-1,-1,9.45
5,101,90,75,92,86,42,97,44,44,98,60,63,98,47,71,9.04
4,153,56,72,177,48,58,56,58,56,288,75,62,-1,-1,-1,8.41
5,185,74,69,181,61,72,182,65,59,189,70,35,186,61,34,10.0
5,250,68,73,248,68,79,247,89,36,247,40,71,247,69,31,10.0
3,168,71,39,173,51,66,170,61,31,-1,-1,-1,-1,-1,-1,8.8
4,62,60,31,56,84,78,62,40,37,55,44,38,-1,-1,-1,9.9
5,172,71,77,169,45,35,164,90,75,163,42,75,166,63,55,9.96
5,109,63,50,131,49,37,353,63,32,175,89,55,117,73,59,9.07
5,28,86,77,34,46,43,27,53,39,33,79,45,28,66,51,8.87
4,184,60,79,179,62,77,194,40,80,182,87,76,-1,-1,-1,9.49
4,188,72,58,314,45,71,70,74,44,190,65,48,-1,-1,-1,8.82
4,284,69,71,275,62,41,278,83,34,281,57,50,-1,-1,-1,9.09
4,62,46,64,56,50,78,58,71,38,60,40,78,-1,-1,-1,10.0
3,20,44,31,310,72,55,322,79,38,-1,-1,-1,-1,-1,-1,8.43
5,92,61,78,225,43,37,349,55,47,93,42,38,215,71,32,9.79
5,209,45,69,208,41,34,210,89,51,215,81,43,214,69,53,9.04
3,183,73,48,301,47,51,69,44,42,-1,-1,-1,-1,-1,-1,8.83
5,208,54,57,331,54,62,92,61,48,201,64,30,331,80,30,8.92
3,203,41,37,133,55,60,343,45,59,-1,-1,-1,-1,-1,-1,4.3
4,143,52,69,129,57,43,329,76,38,132,59,59,-1,-1,-1,9.31
4,274,65,39,298,83,69,262,55,78,249,56,50,-1,-1,-1,9.16
3,255,42,53,12,66,79,131,59,66,-1,-1,-1,-1,-1,-1,8.93
4,144,48,66,267,56,30,43,54,69,145,63,71,-1,-1,-1,9.51
3,30,85,40,264,51,54,97,53,39,-1,-1,-1,-1,-1,-1,8.67
3,342,42,72,343,65,60,350,65,50,-1,-1,-1,-1,-1,-1,8.55
4,303,68,48,38,47,51,121,42,41,97,47,38,-1,-1,-1,9.32
4,214,67,31,179,65,78,286,67,75,223,76,45,-1,-1,-1,5.25
5,348,89,36,342,51,55,342,55,56,348,81,57,345,75,80,9.46
4,171,75,53,101,60,67,122,49,33,64,65,42,-1,-1,-1,3.73
5,190,60,36,189,61,57,195,75,51,191,45,40,189,90,62,8.58
3,28,63,38,28,81,43,32,81,52,-1,-1,-1,-1,-1,-1,9.28
3,64,40,49,248,51,48,190,47,45,-1,-1,-1,-1,-1,-1,8.75
3,107,52,80,216,89,42,345,58,34,-1,-1,-1,-1,-1,-1,9.98
5,54,78,56,174,78,65,282,71,58,48,62,33,174,60,58,8.64
5,195,70,80,163,85,53,148,66,36,191,82,56,184,55,43,9.62
5,80,51,34,192,66,79,326,82,60,72,81,33,196,67,78,9.36
4,145,55,76,274,69,70,38,50,79,149,66,43,-1,-1,-1,8.37
5,212,52,52,324,69,47,88,45,72,206,49,39,336,65,68,8.85
4,137,72,77,255,60,70,11,48,46,141,87,52,-1,-1,-1,8.84
4,181,50,35,173,43,40,178,53,72,173,56,76,-1,-1,-1,9.62
3,340,47,67,101,85,37,234,50,56,-1,-1,-1,-1,-1,-1,8.78
3,244,48,70,241,85,38,246,75,67,-1,-1,-1,-1,-1,-1,9.02
4,145,70,34,296,49,61,42,79,68,269,86,46,-1,-1,-1,8.24
3,197,64,74,197,82,61,200,68,61,-1,-1,-1,-1,-1,-1,9.37
4,117,69,57,77,82,57,110,90,51,78,68,66,-1,-1,-1,8.53
3,8,57,56,52,61,43,38,84,30,-1,-1,-1,-1,-1,-1,8.27
4,133,48,74,0,42,49,307,58,41,13,42,38,-1,-1,-1,8.6
4,212,60,33,207,67,71,205,66,35,207,84,44,-1,-1,-1,10.0
4,179,56,55,194,51,42,223,70,62,215,51,69,-1,-1,-1,8.29
5,14,56,40,12,43,62,351,82,38,9,87,51,357,68,40,8.1
5,52,86,55,197,40,33,17,78,77,167,86,56,258,80,31,9.58
3,315,77,57,80,89,52,208,81,48,-1,-1,-1,-1,-1,-1,8.31
4,55,68,34,115,78,57,56,46,34,49,69,53,-1,-1,-1,8.65
4,330,58,60,88,82,77,202,88,34,332,86,61,-1,-1,-1,9.64
4,287,82,77,44,81,75,155,42,30,286,72,50,-1,-1,-1,9.86
4,160,79,70,80,42,62,12,61,54,66,65,71,-1,-1,-1,3.96
5,177,60,46,223,79,38,202,63,79,231,53,73,215,44,49,9.5
3,139,85,56,269,74,62,33,41,72,-1,-1,-1,-1,-1,-1,8.13
4,139,88,70,53,51,45,4,41,64,59,55,44,-1,-1,-1,4.09
5,80,54,42,234,45,30,40,58,40,287,80,50,36,57,47,4.34
3,70,41,55,76,59,75,67,90,53,-1,-1,-1,-1,-1,-1,8.52
4,54,48,32,251,47,74,331,86,41,1,81,40,-1,-1,-1,5.4
5,229,82,39,180,82,69,172,43,74,242,48,73,165,83,71,8.0
5,28,51,66,349,45,35,320,54,48,121,41,74,45,72,45,4.38
4,130,69,77,90,43,63,195,90,71,153,90,36,-1,-1,-1,5.04
4,285,53,47,285,72,77,289,74,53,286,56,32,-1,-1,-1,10.0
4,98,45,71,117,61,34,173,50,77,116,76,50,-1,-1,-1,9.45
5,189,75,56,134,50,33,199,72,30,144,79,66,145,41,30,10.0
4,130,68,65,127,88,48,134,81,37,128,81,39,-1,-1,-1,8.58
3,219,72,76,176,49,43,214,78,33,-1,-1,-1,-1,-1,-1,9.4
5,225,85,73,7,48,70,160,77,50,5,45,78,325,69,65,4.17
3,221,85,30,190,72,77,208,61,68,-1,-1,-1,-1,-1,-1,9.01
3,122,49,30,121,48,35,120,80,76,-1,-1,-1,-1,-1,-1,9.73
3,16,52,31,343,43,57,271,65,64,-1,-1,-1,-1,-1,-1,4.44
3,179,83,64,221,67,38,86,51,78,-1,-1,-1,-1,-1,-1,5.24
5,34,64,45,31,69,70,31,44,56,34,69,58,28,46,71,8.85
5,175,76,73,43,78,75,11,54,75,44,41,55,235,60,50,3.99
5,27,48,68,19,60,59,18,80,69,20,44,57,24,71,57,9.17
5,28,51,47,44,68,76,338,83,78,63,87,74,91,43,68,4.1
5,171,45,69,114,53,48,117,65,78,177,78,80,131,90,31,9.55
3,342,64,44,105,58,74,224,44,67,-1,-1,-1,-1,-1,-1,8.79
4,221,61,50,118,68,46,73,43,34,62,56,38,-1,-1,-1,4.11
4,119,90,54,234,57,53,353,84,76,116,52,77,-1,-1,-1,8.51
3,173,64,48,273,61,63,165,49,60,-1,-1,-1,-1,-1,-1,3.61
3,22,79,52,139,83,72,258,54,59,-1,-1,-1,-1,-1,-1,8.77
3,334,62,52,25,62,64,175,78,65,-1,-1,-1,-1,-1,-1,4.36
4,103,85,66,132,62,55,315,40,50,134,43,70,-1,-1,-1,8.81
5,339,57,44,94,65,38,223,85,72,337,85,52,106,86,80,9.26
3,153,56,59,273,51,47,33,56,32,-1,-1,-1,-1,-1,-1,8.91
4,289,43,62,43,80,60,161,45,72,271,59,37,-1,-1,-1,8.72
3,257,50,39,17,40,79,140,49,51,-1,-1,-1,-1,-1,-1,9.52
3,100,88,59,226,43,63,343,71,68,-1,-1,-1,-1,-1,-1,8.11
3,111,62,77,251,77,54,5,58,54,-1,-1,-1,-1,-1,-1,8.61
5,42,62,63,51,73,34,46,42,36,49,50,53,46,69,34,9.1
3,108,43,41,57,57,32,96,72,70,-1,-1,-1,-1,-1,-1,9.16
3,163,47,48,236,42,74,72,90,43,-1,-1,-1,-1,-1,-1,3.54
4,132,87,56,255,44,38,269,79,55,323,81,50,-1,-1,-1,8.62
3,270,73,79,240,57,78,265,60,42,-1,-1,-1,-1,-1,-1,9.37
4,257,87,50,259,68,55,264,70,47,262,65,31,-1,-1,-1,8.83
3,128,57,49,84,70,31,78,44,62,-1,-1,-1,-1,-1,-1,8.04
3,3,43,60,124,71,60,250,41,64,-1,-1,-1,-1,-1,-1,8.6
3,124,52,31,232,88,51,358,45,53,-1,-1,-1,-1,-1,-1,8.04
3,276,40,48,310,73,41,316,50,65,-1,-1,-1,-1,-1,-1,8.18
5,344,70,40,38,68,73,13,46,63,62,90,62,77,60,80,4.14
4,213,77,70,216,52,60,209,84,43,212,79,64,-1,-1,-1,8.55
5,164,65,70,282,79,52,51,58,41,172,43,51,292,76,69,8.02
5,18,43,70,180,86,30,278,46,62,169,75,47,3,90,70,4.63
5,129,51,69,237,64,38,356,41,72,128,42,67,250,75,73,4.37
5,83,85,31,131,86,72,65,64,80,121,85,67,98,44,69,9.5
5,50,71,65,171,52,40,289,90,46,47,89,80,180,65,54,8.08
4,193,82,50,200,80,47,198,44,48,201,58,47,-1,-1,-1,9.28
4,122,40,44,67,70,46,328,86,64,273,64,36,-1,-1,-1,3.97
3,348,70,77,351,64,36,345,79,74,-1,-1,-1,-1,-1,-1,9.98
4,233,45,43,342,49,58,119,51,80,238,79,66,-1,-1,-1,8.26
4,2,57,58,305,83,52,5,60,53,305,68,47,-1,-1,-1,8.93
4,127,59,48,116,44,63,113,87,70,76,60,61,-1,-1,-1,8.14
4,86,41,72,208,88,53,81,74,47,137,58,61,-1,-1,-1,4.33
3,44,79,51,168,59,44,209,53,76,-1,-1,-1,-1,-1,-1,8.08
3,302,76,61,291,50,56,266,78,79,-1,-1,-1,-1,-1,-1,8.39
4,8,41,41,17,88,58,15,52,52,12,76,61,-1,-1,-1,8.79
3,335,59,75,335,52,46,327,86,40,-1,-1,-1,-1,-1,-1,9.98
4,125,58,50,245,41,73,5,88,68,124,46,48,-1,-1,-1,8.79
4,22,63,62,140,74,80,271,79,35,17,78,76,-1,-1,-1,9.12
3,89,44,50,18,41,39,131,63,76,-1,-1,-1,-1,-1,-1,4.51
4,292,56,67,298,85,56,297,53,41,298,81,58,-1,-1,-1,8.74
4,294,59,66,298,58,78,295,88,37,301,64,52,-1,-1,-1,10.0
3,106,49,61,221,41,65,349,47,67,-1,-1,-1,-1,-1,-1,8.47
5,78,40,30,190,65,52,308,71,37,66,67,53,196,74,55,8.69
3,356,83,33,110,41,30,226,77,60,-1,-1,-1,-1,-1,-1,8.21
4,357,86,78,114,44,44,233,87,46,358,73,55,-1,-1,-1,8.72
4,335,51,59,265,53,37,102,54,40,257,70,67,-1,-1,-1,8.64
3,119,49,51,114,61,80,98,81,44,-1,-1,-1,-1,-1,-1,9.02
4,132,64,61,242,54,38,18,42,53,122,88,45,-1,-1,-1,8.63
4,191,65,60,190,71,36,324,55,74,7,73,63,-1,-1,-1,9.36
3,36,50,46,295,86,45,249,65,45,-1,-1,-1,-1,-1,-1,3.73
4,78,70,40,84,52,37,71,79,46,140,57,55,-1,-1,-1,8.66
5,34,50,37,72,52,72,73,76,53,51,72,56,47,50,54,8.39
3,267,45,60,260,79,73,262,51,33,-1,-1,-1,-1,-1,-1,9.95
3,158,52,76,22,86,70,46,56,38,-1,-1,-1,-1,-1,-1,9.75
5,79,54,45,325,82,76,174,69,47,299,80,64,110,52,59,8.94
5,350,75,42,32,89,67,128,75,36,277,75,49,305,60,42,3.76
4,152,80,61,149,65,71,159,44,54,149,40,67,-1,-1,-1,9.11
3,325,61,77,330,48,58,334,53,68,-1,-1,-1,-1,-1,-1,8.95
3,89,65,48,179,73,76,170,57,78,-1,-1,-1,-1,-1,-1,4.48
4,293,78,33,274,48,63,259,53,51,275,78,39,-1,-1,-1,8.98
4,35,59,74,343,61,40,345,50,51,342,86,64,-1,-1,-1,8.98
5,137,72,30,99,67,43,119,51,58,144,41,41,146,70,34,8.27
3,170,66,60,166,83,59,171,53,49,-1,-1,-1,-1,-1,-1,9.07
5,195,69,78,126,85,46,206,77,32,131,43,65,268,86,35,5.06
3,22,90,72,27,63,53,22,83,49,-1,-1,-1,-1,-1,-1,8.95
4,259,41,33,326,45,62,300,79,73,327,78,65,-1,-1,-1,9.75
3,206,60,60,351,70,73,218,57,36,-1,-1,-1,-1,-1,-1,4.74
3,107,60,47,342,68,47,82,78,62,-1,-1,-1,-1,-1,-1,4.36
4,43,56,77,39,41,60,38,60,60,42,41,70,-1,-1,-1,9.44
4,165,68,75,113,75,60,341,45,39,68,80,48,-1,-1,-1,8.98
4,124,59,41,256,63,55,23,42,79,139,83,57,-1,-1,-1,8.75
3,304,71,48,298,50,72,300,66,67,-1,-1,-1,-1,-1,-1,9.0
5,117,61,37,93,46,33,157,69,48,114,52,66,129,62,80,9.17
3,174,60,56,285,44,71,44,66,45,-1,-1,-1,-1,-1,-1,8.9
3,227,83,37,265,49,49,269,89,74,-1,-1,-1,-1,-1,-1,9.78
4,360,43,59,85,54,60,334,58,35,85,71,64,-1,-1,-1,3.64
3,52,65,41,12,67,37,15,59,60,-1,-1,-1,-1,-1,-1,8.19
4,46,65,67,225,66,40,277,65,65,223,46,63,-1,-1,-1,9.45
4,229,45,50,190,72,49,222,43,46,262,75,38,-1,-1,-1,8.09
4,90,72,41,216,88,36,330,54,68,96,58,73,-1,-1,-1,9.98
5,201,76,45,198,87,65,199,65,42,205,82,59,203,89,36,9.23
4,155,71,50,292,70,71,55,84,43,156,67,41,-1,-1,-1,8.74
4,185,68,35,194,61,49,179,42,45,230,62,45,-1,-1,-1,8.22
4,333,67,76,86,65,69,211,73,67,315,48,33,-1,-1,-1,9.68
4,91,72,37,98,59,39,90,46,30,94,58,80,-1,-1,-1,10.0
5,175,44,63,293,88,49,44,41,45,166,90,34,285,77,39,8.84
4,47,49,44,83,48,80,77,90,68,125,87,71,-1,-1,-1,8.33
4,256,73,78,243,80,68,255,64,78,304,44,57,-1,-1,-1,8.87
3,219,88,63,224,40,41,50,75,79,-1,-1,-1,-1,-1,-1,9.7
3,191,49,61,235,65,48,9,74,33,-1,-1,-1,-1,-1,-1,9.1
4,79,87,64,54,82,48,65,48,77,47,87,51,-1,-1,-1,8.18
5,122,47,46,266,56,50,73,89,52,258,52,69,80,89,31,4.41
4,9,88,65,342,88,47,354,83,76,20,68,30,-1,-1,-1,9.72
3,44,69,76,73,88,77,58,45,57,-1,-1,-1,-1,-1,-1,8.14
4,44,73,75,24,80,74,221,53,75,24,43,58,-1,-1,-1,8.73
5,110,84,59,213,76,59,333,68,31,108,82,46,225,66,79,5.2
5,19,56,48,255,55,69,263,43,40,48,82,38,284,40,35,4.27
5,266,85,64,309,62,37,188,58,31,277,44,79,306,55,41,5.39
5,153,48,47,145,61,53,151,41,79,152,77,78,154,65,35,10.0
3,200,83,40,161,60,57,161,78,49,-1,-1,-1,-1,-1,-1,8.73
3,318,80,64,61,79,37,230,49,68,-1,-1,-1,-1,-1,-1,4.34
3,85,58,59,83,80,77,128,44,63,-1,-1,-1,-1,-1,-1,8.92
4,300,48,58,56,40,45,191,69,50,307,83,49,-1,-1,-1,3.84
5,334,55,42,356,79,49,298,81,39,357,58,63,114,40,52,9.32
3,191,88,45,317,73,30,67,55,80,-1,-1,-1,-1,-1,-1,9.56
3,207,82,50,209,71,54,208,55,70,-1,-1,-1,-1,-1,-1,9.24
3,124,74,36,133,73,34,127,71,62,-1,-1,-1,-1,-1,-1,8.55
5,286,58,57,279,49,79,281,78,79,283,48,75,278,77,65,9.34
4,103,46,35,109,45,57,107,55,55,106,68,32,-1,-1,-1,8.57
5,255,62,57,253,77,70,248,87,57,256,71,33,256,83,64,9.39
3,169,64,68,147,85,70,130,68,67,-1,-1,-1,-1,-1,-1,8.94
3,269,81,30,107,47,38,83,74,41,-1,-1,-1,-1,-1,-1,9.11
4,143,62,74,336,85,51,260,82,76,322,67,33,-1,-1,-1,9.94
5,161,63,64,277,81,66,26,85,72,148,70,55,280,77,80,8.72
5,117,89,33,113,88,31,6,89,72,122,53,72,242,90,34,9.37
4,297,70,45,291,75,52,292,46,44,299,74,65,-1,-1,-1,8.84
5,208,70,56,205,59,58,202,52,73,202,52,72,201,84,79,9.49
3,322,78,35,300,82,52,80,74,57,-1,-1,-1,-1,-1,-1,8.51
4,313,47,52,327,70,32,314,50,32,289,52,64,-1,-1,-1,8.93
3,263,77,80,264,65,34,295,83,64,-1,-1,-1,-1,-1,-1,9.01
3,12,84,67,3,43,43,6,69,34,-1,-1,-1,-1,-1,-1,8.87
3,285,62,57,298,73,77,286,46,38,-1,-1,-1,-1,-1,-1,10.0
5,45,70,76,48,78,33,9,77,47,47,48,63,186,88,30,9.72
4,310,47,67,106,59,40,320,64,31,263,81,78,-1,-1,-1,5.31
5,308,57,71,186,80,51,111,71,37,177,40,48,50,53,30,8.62
5,323,52,31,244,85,49,100,78,49,88,45,69,29,82,78,5.4
3,354,82,70,81,63,58,193,78,73,-1,-1,-1,-1,-1,-1,8.63
4,274,80,54,268,85,45,269,72,54,275,43,77,-1,-1,-1,9.09
3,225,43,49,328,42,46,287,68,74,-1,-1,-1,-1,-1,-1,3.85
3,293,89,52,58,80,76,175,64,44,-1,-1,-1,-1,-1,-1,8.71
4,101,42,60,99,70,33,105,47,63,97,69,62,-1,-1,-1,9.2
4,20,63,72,142,49,60,172,85,48,147,55,78,-1,-1,-1,8.6
4,139,52,63,193,64,47,127,72,50,119,72,39,-1,-1,-1,8.71
3,146,65,56,267,42,65,28,69,68,-1,-1,-1,-1,-1,-1,8.92
4,29,65,46,136,54,62,274,44,48,32,70,46,-1,-1,-1,8.33
3,105,82,44,101,79,54,101,87,72,-1,-1,-1,-1,-1,-1,9.29
5,144,64,80,56,73,73,74,47,57,62,52,78,261,90,49,8.63
4,21,69,70,36,70,36,30,90,61,71,84,56,-1,-1,-1,8.35
4,284,78,51,289,85,48,283,40,42,291,55,56,-1,-1,-1,8.89
5,119,65,72,244,62,79,358,82,61,120,75,77,234,79,33,9.49
4,285,85,46,286,76,58,285,75,58,280,71,51,-1,-1,-1,8.88
4,314,58,51,84,61,60,210,45,78,320,73,71,-1,-1,-1,8.69
5,273,85,77,271,53,57,274,47,57,267,72,54,269,56,38,9.23
3,100,41,62,96,64,51,103,71,37,-1,-1,-1,-1,-1,-1,8.84
5,253,58,69,9,66,62,137,82,64,262,71,52,26,42,75,8.24
4,301,57,45,297,72,51,329,66,61,299,67,60,-1,-1,-1,8.77
5,44,75,75,168,44,37,289,55,60,56,61,77,162,50,45,9.71
3,177,47,43,168,76,44,136,80,30,-1,-1,-1,-1,-1,-1,8.06
5,139,40,74,140,49,31,141,81,62,139,59,64,138,58,60,9.36
4,233,60,62,272,60,32,267,62,80,10,44,66,-1,-1,-1,5.13
4,205,87,32,329,72,73,85,66,79,213,57,42,-1,-1,-1,9.16
5,212,90,52,303,69,46,335,63,56,15,78,39,306,44,72,3.63
5,47,63,35,140,44,62,11,55,71,63,49,73,232,90,40,4.56
4,52,51,59,252,89,78,201,69,65,64,62,33,-1,-1,-1,5.28
3,15,55,49,74,90,48,199,43,47,-1,-1,-1,-1,-1,-1,9.45
4,49,58,54,119,61,76,98,80,68,130,71,49,-1,-1,-1,8.49
4,248,63,54,234,73,65,256,58,67,284,69,62,-1,-1,-1,8.19
5,38,53,55,127,57,51,303,61,51,35,71,49,301,43,45,9.45
4,173,70,32,291,66,44,52,83,49,157,70,64,-1,-1,-1,8.82
5,18,78,63,196,63,59,301,82,43,181,80,69,62,75,77,8.5
3,180,65,66,296,66,64,66,62,49,-1,-1,-1,-1,-1,-1,8.96
5,120,75,46,114,86,43,115,66,71,113,75,54,110,75,72,8.88
3,218,77,79,213,54,78,212,51,71,-1,-1,-1,-1,-1,-1,9.22
5,70,87,49,204,64,59,314,66,41,67,69,55,203,52,53,8.13
3,333,89,37,336,53,68,334,74,55,-1,-1,-1,-1,-1,-1,9.28
5,199,81,62,122,73,46,148,86,34,132,83,73,323,83,46,8.99
3,198,41,73,194,88,39,194,47,48,-1,-1,-1,-1,-1,-1,9.23
3,289,88,43,318,66,74,306,59,36,-1,-1,-1,-1,-1,-1,9.49
4,316,76,57,95,84,43,247,72,35,86,75,54,-1,-1,-1,8.44
3,189,48,66,0,52,67,198,80,37,-1,-1,-1,-1,-1,-1,8.51
5,236,41,73,231,82,71,351,68,69,255,52,62,250,89,45,4.07
5,305,83,30,93,50,57,131,85,60,76,68,78,106,79,73,9.94
3,133,65,77,360,83,33,146,73,66,-1,-1,-1,-1,-1,-1,5.02
3,216,90,32,215,57,62,215,43,63,-1,-1,-1,-1,-1,-1,8.81
4,167,74,35,112,43,38,136,55,77,109,40,44,-1,-1,-1,9.16
3,9,55,53,248,76,31,55,68,30,-1,-1,-1,-1,-1,-1,8.75
3,91,79,64,100,85,33,92,78,63,-1,-1,-1,-1,-1,-1,8.59
4,10,45,61,39,70,48,345,88,78,45,85,48,-1,-1,-1,8.91
4,331,61,75,48,50,52,354,71,32,57,45,70,-1,-1,-1,9.18
5,175,79,72,109,88,68,33,49,74,18,59,44,21,68,49,3.57
4,245,89,60,132,71,58,41,70,70,72,68,77,-1,-1,-1,8.73
5,218,75,73,334,70,36,95,74,65,210,88,80,333,62,32,9.87
5,280,44,51,255,45,46,121,47,36,261,40,46,2,50,42,8.36
5,177,47,64,284,51,55,51,61,73,167,49,50,284,72,62,8.72
5,103,50,47,3,43,40,275,90,70,3,66,31,238,51,36,4.1
4,16,78,79,148,74,49,264,43,45,17,86,50,-1,-1,-1,8.19
3,310,69,36,161,55,73,344,59,74,-1,-1,-1,-1,-1,-1,9.54
4,30,87,40,85,46,69,85,74,41,85,83,33,-1,-1,-1,8.38
4,207,51,72,198,57,55,287,44,48,32,60,43,-1,-1,-1,4.13
4,101,87,42,63,53,74,113,66,71,67,82,38,-1,-1,-1,9.76
3,315,70,51,341,75,51,2,74,65,-1,-1,-1,-1,-1,-1,8.63
5,110,45,76,170,43,37,3,51,63,282,74,60,52,49,58,8.12
4,270,85,34,271,63,66,272,74,79,245,73,32,-1,-1,-1,9.14
4,29,85,56,20,51,78,218,74,32,360,65,67,-1,-1,-1,10.0
5,184,60,64,177,51,57,183,42,57,177,84,35,176,79,48,8.94
5,104,74,44,132,81,51,115,64,71,72,43,73,295,89,56,3.63
3,285,84,65,292,58,31,294,52,76,-1,-1,-1,-1,-1,-1,9.98
3,16,69,71,6,50,44,329,64,75,-1,-1,-1,-1,-1,-1,8.48
4,127,68,43,232,71,77,5,42,33,116,80,50,-1,-1,-1,9.92
4,297,81,47,58,80,68,181,51,58,293,88,61,-1,-1,-1,8.43
3,144,46,45,73,71,52,237,46,59,-1,-1,-1,-1,-1,-1,3.55
3,345,85,72,329,54,54,27,47,67,-1,-1,-1,-1,-1,-1,8.65
4,53,82,66,274,71,46,258,46,35,329,53,38,-1,-1,-1,4.02
5,107,80,71,32,45,78,141,75,80,37,86,31,261,58,75,9.51
3,155,68,38,148,42,37,150,87,54,-1,-1,-1,-1,-1,-1,9.06
3,325,69,52,252,53,74,12,47,38,-1,-1,-1,-1,-1,-1,4.48
3,217,76,58,235,49,56,257,56,42,-1,-1,-1,-1,-1,-1,8.81
4,174,90,37,178,79,77,172,82,36,173,80,63,-1,-1,-1,9.72
4,130,74,57,142,68,74,298,87,41,143,79,77,-1,-1,-1,4.28
3,283,48,34,266,40,71,321,61,62,-1,-1,-1,-1,-1,-1,9.38
4,272,85,78,267,50,30,271,58,75,262,77,73,-1,-1,-1,10.0
4,206,81,34,333,64,64,85,88,59,196,89,47,-1,-1,-1,8.62
5,349,56,36,243,58,46,134,59,44,254,66,61,200,47,37,3.94
5,127,44,56,131,56,58,125,40,47,123,67,67,126,81,32,8.96
4,136,67,34,313,61,73,99,51,61,87,85,71,-1,-1,-1,10.0
4,330,50,54,326,46,78,278,68,45,345,52,50,-1,-1,-1,8.47
4,188,50,34,134,40,50,131,62,36,167,80,49,-1,-1,-1,8.59
4,60,81,69,88,61,60,119,72,58,321,58,71,-1,-1,-1,3.99
5,197,67,40,199,51,51,197,71,34,203,88,43,204,77,77,9.58
3,214,60,31,263,48,37,240,72,37,-1,-1,-1,-1,-1,-1,8.79
3,339,68,56,58,85,57,229,76,77,-1,-1,-1,-1,-1,-1,9.27
4,14,66,37,77,63,43,126,55,57,297,52,40,-1,-1,-1,9.32
5,69,53,50,69,59,37,68,45,74,214,47,30,31,56,66,10.0
3,233,52,75,202,55,36,352,83,76,-1,-1,-1,-1,-1,-1,9.89
3,329,74,65,93,83,51,215,72,37,-1,-1,-1,-1,-1,-1,8.74
3,268,80,48,80,90,34,108,77,72,-1,-1,-1,-1,-1,-1,10.0
3,94,68,39,214,49,51,328,45,78,-1,-1,-1,-1,-1,-1,9.36
4,285,48,80,283,56,44,341,73,50,205,57,37,-1,-1,-1,4.68
3,142,56,51,287,62,57,247,64,37,-1,-1,-1,-1,-1,-1,3.58
5,79,80,44,204,74,80,316,87,31,84,60,44,202,82,74,9.72
4,93,52,50,206,50,50,336,62,54,98,76,38,-1,-1,-1,8.11
5,303,79,60,304,52,49,308,61,55,308,81,72,309,55,69,9.07
4,72,49,56,52,81,61,92,41,34,75,47,40,-1,-1,-1,8.8
4,226,55,39,46,49,63,243,90,32,204,66,62,-1,-1,-1,3.52
5,258,77,56,267,68,39,250,67,36,281,73,64,319,67,70,8.39
4,166,46,39,181,42,50,137,58,40,139,51,63,-1,-1,-1,8.8
4,57,47,77,54,52,49,52,41,35,57,88,54,-1,-1,-1,9.6
3,121,83,72,124,59,73,126,53,50,-1,-1,-1,-1,-1,-1,8.65
5,283,48,80,258,56,44,302,63,40,316,48,70,317,64,56,9.99
4,194,75,71,194,88,54,192,77,39,195,62,62,-1,-1,-1,8.98
4,85,65,42,202,73,39,312,48,38,76,89,45,-1,-1,-1,8.43
4,330,83,36,287,83,44,308,67,63,288,85,34,-1,-1,-1,8.33
4,177,40,34,301,64,78,68,47,66,179,72,48,-1,-1,-1,9.33
5,24,87,51,140,56,43,272,72,63,20,40,47,152,56,73,8.26
4,214,89,50,225,87,67,238,53,57,174,76,68,-1,-1,-1,8.29
5,65,66,74,65,68,53,50,87,30,21,43,55,52,58,47,8.57
3,165,46,39,166,74,80,166,85,60,-1,-1,-1,-1,-1,-1,10.0
4,168,89,37,171,77,31,61,75,78,169,87,35,-1,-1,-1,4.52
4,286,43,61,272,71,56,190,68,59,272,68,41,-1,-1,-1,4.04
5,53,54,62,113,57,60,188,52,75,105,61,69,183,47,50,3.97
5,35,43,65,33,66,67,37,88,41,36,71,42,39,84,56,9.05
4,185,89,64,131,44,37,218,65,40,116,87,61,-1,-1,-1,3.89
4,62,57,61,60,74,53,54,47,30,86,57,45,-1,-1,-1,8.83
4,2,66,40,357,44,80,7,65,80,2,73,78,-1,-1,-1,10.0
3,265,53,64,214,67,34,284,89,50,-1,-1,-1,-1,-1,-1,8.66
4,175,69,64,235,56,70,136,73,61,245,82,47,-1,-1,-1,4.17
3,220,44,34,228,77,41,220,82,71,-1,-1,-1,-1,-1,-1,9.87
5,49,60,30,295,41,75,290,54,75,294,62,51,276,85,72,9.81
3,152,85,61,272,71,42,264,68,68,-1,-1,-1,-1,-1,-1,8.98
4,197,85,44,182,51,76,82,51,44,63,87,77,-1,-1,-1,4.78
4,282,50,56,66,72,71,12,88,56,86,62,42,-1,-1,-1,4.07
3,84,48,39,213,50,63,325,56,44,-1,-1,-1,-1,-1,-1,8.46
3,107,66,64,225,78,75,4,40,47,-1,-1,-1,-1,-1,-1,8.58
5,54,74,70,59,90,46,59,69,72,55,74,80,61,89,41,9.95
4,294,55,46,12,57,78,147,87,36,11,58,75,-1,-1,-1,4.99
3,268,85,60,276,79,66,151,53,46,-1,-1,-1,-1,-1,-1,8.85
3,351,79,57,348,74,55,47,43,74,-1,-1,-1,-1,-1,-1,8.5
4,178,58,32,358,54,46,72,86,40,354,52,41,-1,-1,-1,9.21
4,77,41,54,72,66,71,67,50,52,72,73,55,-1,-1,-1,8.57
5,34,64,54,3,45,35,22,56,32,44,72,36,356,77,40,8.52
4,333,66,54,334,55,77,125,50,52,189,69,38,-1,-1,-1,3.79
5,183,85,59,290,62,70,277,61,43,103,41,46,229,75,49,9.15
5,326,77,57,260,73,58,273,63,32,261,68,71,251,44,54,8.93
5,251,55,79,233,50,65,232,42,35,237,79,53,273,73,36,9.48
4,233,89,55,223,69,43,237,72,38,248,50,62,-1,-1,-1,8.18
4,261,90,57,299,71,55,240,70,44,267,85,64,-1,-1,-1,8.42
3,163,78,54,191,58,42,322,61,46,-1,-1,-1,-1,-1,-1,4.25
4,314,56,46,25,65,59,91,88,71,11,75,49,-1,-1,-1,3.7
5,298,45,76,351,80,46,99,78,62,126,77,50,240,47,50,8.33
4,276,83,56,275,69,53,272,46,31,278,76,48,-1,-1,-1,9.19
3,287,45,41,46,87,35,156,51,71,-1,-1,-1,-1,-1,-1,9.94
3,211,84,70,211,43,62,207,66,80,-1,-1,-1,-1,-1,-1,9.15
5,74,54,30,67,66,49,70,72,62,76,58,74,76,86,33,10.0
5,71,52,39,58,41,67,118,77,67,60,65,50,63,77,74,8.77
4,102,80,57,77,86,53,30,54,61,198,55,30,-1,-1,-1,3.81
4,18,46,69,5,85,37,15,64,76,48,89,34,-1,-1,-1,9.1
4,220,80,58,215,53,54,215,86,39,222,87,57,-1,-1,-1,8.65
3,146,58,66,259,87,47,15,69,32,-1,-1,-1,-1,-1,-1,8.35
3,340,63,64,310,54,61,307,64,60,-1,-1,-1,-1,-1,-1,8.81
5,80,88,68,120,55,31,154,72,37,141,89,30,105,72,61,9.11
3,130,88,72,87,59,70,27,48,69,-1,-1,-1,-1,-1,-1,4.37
3,93,68,61,89,43,60,94,77,30,-1,-1,-1,-1,-1,-1,9.09
4,129,41,42,326,77,42,118,74,30,316,40,53,-1,-1,-1,9.42
3,319,89,38,134,74,46,164,48,51,-1,-1,-1,-1,-1,-1,9.45
4,290,78,74,35,90,67,91,90,50,35,68,31,-1,-1,-1,5.0
3,226,75,30,227,84,54,231,47,67,-1,-1,-1,-1,-1,-1,10.0
5,118,79,59,127,48,46,145,75,50,133,78,64,141,63,60,8.38
3,335,47,77,341,53,60,344,86,39,-1,-1,-1,-1,-1,-1,10.0
5,73,50,77,193,44,30,319,63,30,81,79,73,191,89,43,9.35
4,78,87,53,265,69,60,108,54,52,2,74,68,-1,-1,-1,3.55
4,330,69,35,240,83,51,340,90,48,233,40,66,-1,-1,-1,4.2
5,236,86,40,241,82,31,249,64,71,201,62,31,250,64,60,9.44
3,288,86,48,94,85,32,286,80,77,-1,-1,-1,-1,-1,-1,5.16
4,21,55,47,167,71,40,94,74,36,150,78,73,-1,-1,-1,3.74
3,216,82,31,228,80,40,182,79,68,-1,-1,-1,-1,-1,-1,9.59
5,220,47,72,348,87,44,100,60,73,220,46,44,345,72,34,9.23
3,249,41,39,239,70,30,263,89,32,-1,-1,-1,-1,-1,-1,8.01
4,189,89,38,5,85,52,304,53,55,5,89,38,-1,-1,-1,9.0
4,117,80,69,179,84,66,203,77,53,166,73,38,-1,-1,-1,8.9
3,7,85,77,137,67,46,248,88,76,-1,-1,-1,-1,-1,-1,8.81
5,355,64,64,122,88,65,234,75,38,5,80,69,128,84,65,8.51
4,102,75,64,321,56,33,147,88,72,249,64,57,-1,-1,-1,4.28
5,337,75,54,40,75,68,325,41,56,119,54,58,173,59,77,3.6
5,132,86,80,140,82,52,138,84,47,139,85,79,141,58,68,9.36
5,198,64,55,0,40,45,323,59,50,208,75,60,286,74,54,4.49
4,187,54,30,302,60,42,77,75,55,179,61,32,-1,-1,-1,8.52
3,161,59,48,161,78,80,158,72,51,-1,-1,-1,-1,-1,-1,8.5
4,326,57,51,107,77,44,231,72,57,117,87,70,-1,-1,-1,8.89
5,127,71,65,250,79,68,5,69,79,139,78,78,254,81,75,8.09
4,270,40,35,85,59,56,101,70,40,97,81,46,-1,-1,-1,9.46
5,313,61,30,81,77,69,191,81,70,319,66,77,75,87,68,9.98
5,28,79,78,146,76,36,273,64,31,31,49,56,150,50,55,9.79
5,176,59,70,170,54,39,174,59,64,178,79,79,171,52,58,8.72
4,131,89,36,251,57,50,2,81,32,133,70,69,-1,-1,-1,8.41
4,249,55,58,202,42,55,276,79,59,305,53,53,-1,-1,-1,3.74
3,45,48,57,254,80,70,197,77,67,-1,-1,-1,-1,-1,-1,3.85
4,81,86,30,207,76,78,238,69,61,288,90,44,-1,-1,-1,9.71
5,50,61,74,13,70,70,59,66,73,13,43,40,66,72,76,8.77
5,327,49,74,172,87,58,117,83,63,87,64,50,142,61,64,8.57
4,174,55,44,21,78,57,12,42,40,335,74,80,-1,-1,-1,4.5
3,331,66,39,286,89,56,329,86,33,-1,-1,-1,-1,-1,-1,8.75
3,183,75,59,67,58,50,169,53,62,-1,-1,-1,-1,-1,-1,4.26
5,205,41,78,204,50,32,209,69,30,213,53,52,204,82,69,10.0
3,264,53,67,338,48,66,171,72,67,-1,-1,-1,-1,-1,-1,4.38
5,325,71,49,351,70,37,358,40,67,18,42,77,316,50,37,9.15
3,159,71,45,149,73,48,149,60,65,-1,-1,-1,-1,-1,-1,8.66
3,17,50,69,15,56,46,24,80,35,-1,-1,-1,-1,-1,-1,9.1
3,123,80,77,239,55,76,7,81,75,-1,-1,-1,-1,-1,-1,8.07
5,238,76,32,355,56,76,121,62,57,228,61,54,347,61,71,9.16
3,352,55,36,344,48,31,343,45,57,-1,-1,-1,-1,-1,-1,9.27
3,28,49,78,302,43,59,8,63,32,-1,-1,-1,-1,-1,-1,9.12
5,84,63,71,76,69,30,80,41,48,85,78,36,80,79,49,8.99
4,102,67,35,100,89,42,108,61,39,99,41,38,-1,-1,-1,8.64
4,267,66,79,271,76,54,265,87,30,264,53,41,-1,-1,-1,10.0
5,147,80,60,41,50,62,217,76,50,56,87,54,79,45,36,8.93
5,72,50,32,69,65,46,191,47,50,9,85,56,356,43,32,8.75
4,253,77,60,252,76,63,254,88,65,250,64,60,-1,-1,-1,8.84
5,100,67,73,216,40,49,336,47,39,92,67,50,207,89,80,9.1
5,136,80,38,94,62,59,119,58,46,146,88,77,119,57,78,9.05
4,174,78,32,35,81,39,19,60,31,126,67,69,-1,-1,-1,4.59
5,283,50,68,259,84,37,52,49,59,140,72,64,318,76,64,8.96
3,292,44,61,307,63,55,248,47,46,-1,-1,-1,-1,-1,-1,8.79
3,192,88,73,170,48,43,152,40,38,-1,-1,-1,-1,-1,-1,9.68
3,277,58,47,240,57,34,106,82,34,-1,-1,-1,-1,-1,-1,8.72
4,79,60,42,39,88,61,299,46,30,31,69,77,-1,-1,-1,5.17
3,305,67,71,336,71,60,213,74,63,-1,-1,-1,-1,-1,-1,4.23
5,249,61,39,254,79,75,247,55,40,249,88,34,253,76,45,9.34
5,333,54,52,152,46,47,44,53,41,140,66,49,9,73,52,9.15
5,104,59,67,86,45,37,134,66,49,103,61,54,149,60,69,8.26
3,237,53,48,237,74,30,234,46,68,-1,-1,-1,-1,-1,-1,10.0
3,306,51,56,68,52,75,193,68,40,-1,-1,-1,-1,-1,-1,8.61
4,0,40,39,4,88,63,5,69,72,6,40,69,-1,-1,-1,8.95
4,329,71,76,83,78,52,197,50,65,317,72,56,-1,-1,-1,8.59
5,140,75,47,309,65,61,172,40,75,195,44,47,58,53,68,8.51
4,64,84,38,310,41,52,298,81,60,304,85,78,-1,-1,-1,8.71
4,79,64,32,208,53,55,329,81,41,78,83,72,-1,-1,-1,9.15
5,153,48,73,155,59,37,152,44,59,155,67,72,151,65,59,8.85
4,339,84,59,284,63,37,99,68,38,321,56,60,-1,-1,-1,8.69
3,18,40,57,171,85,46,356,43,77,-1,-1,-1,-1,-1,-1,9.49
5,297,90,36,266,85,64,273,88,34,300,88,40,290,90,49,8.3
3,242,52,54,244,51,63,251,65,30,-1,-1,-1,-1,-1,-1,9.34
4,248,77,32,242,72,63,213,46,60,189,48,72,-1,-1,-1,8.96
4,173,88,54,155,63,79,152,55,41,321,90,51,-1,-1,-1,4.04
3,110,77,70,143,81,32,89,53,79,-1,-1,-1,-1,-1,-1,9.99
5,30,71,57,161,87,70,287,52,73,161,82,56,6,88,42,8.02
5,52,54,36,221,88,37,36,42,74,286,47,38,49,82,52,8.5
4,75,52,46,76,65,54,68,84,77,73,84,70,-1,-1,-1,8.66
3,305,86,62,307,66,39,301,71,72,-1,-1,-1,-1,-1,-1,9.37
4,110,40,45,172,48,59,178,82,33,122,81,66,-1,-1,-1,8.64
4,213,61,70,331,62,71,94,79,54,223,57,30,-1,-1,-1,9.48
4,109,74,46,234,86,54,335,87,70,102,74,31,-1,-1,-1,8.62
3,136,74,69,250,84,69,14,41,52,-1,-1,-1,-1,-1,-1,8.59
3,313,48,42,321,89,67,321,56,61,-1,-1,-1,-1,-1,-1,9.42
3,258,68,36,55,45,32,69,85,59,-1,-1,-1,-1,-1,-1,9.41
4,287,61,65,172,66,63,358,66,50,359,67,43,-1,-1,-1,8.71
3,17,43,65,138,70,38,252,52,41,-1,-1,-1,-1,-1,-1,8.9
4,273,51,51,126,57,48,358,58,77,341,56,58,-1,-1,-1,8.98
4,185,67,48,187,60,78,5,61,39,46,72,51,-1,-1,-1,8.99
5,106,47,55,105,41,73,106,45,39,104,49,58,105,53,53,8.97
3,327,58,52,305,64,31,278,46,33,-1,-1,-1,-1,-1,-1,8.08
4,261,65,52,129,85,75,91,68,64,340,85,64,-1,-1,-1,8.54
4,144,54,69,156,69,60,154,63,76,187,40,51,-1,-1,-1,8.92
4,97,46,52,212,64,47,327,80,61,86,43,56,-1,-1,-1,8.85
3,148,49,71,272,53,35,44,56,77,-1,-1,-1,-1,-1,-1,9.77
3,305,45,51,348,54,72,14,82,54,-1,-1,-1,-1,-1,-1,8.72
5,255,67,75,17,57,63,145,78,72,274,68,42,27,77,66,8.82
3,126,80,43,280,51,64,54,56,65,-1,-1,-1,-1,-1,-1,4.42
5,221,71,65,272,83,36,215,80,46,242,81,57,237,49,54,8.25
4,54,41,62,159,85,37,286,50,51,45,65,43,-1,-1,-1,8.45
4,161,74,60,169,85,52,121,41,40,106,77,63,-1,-1,-1,8.86
5,173,62,59,136,86,60,195,82,45,117,82,59,142,66,45,8.98
4,239,76,31,252,88,46,201,80,58,200,48,70,-1,-1,-1,8.41
4,123,66,37,231,65,72,313,66,39,232,67,62,-1,-1,-1,9.3
3,343,76,57,13,45,30,160,46,71,-1,-1,-1,-1,-1,-1,10.0
4,255,41,69,260,43,56,260,59,52,260,67,47,-1,-1,-1,8.91
4,55,88,46,97,55,34,111,69,40,94,64,78,-1,-1,-1,9.56
4,44,67,42,43,78,52,93,74,58,105,52,64,-1,-1,-1,8.99
4,13,75,31,356,80,70,48,61,39,46,71,78,-1,-1,-1,9.64
3,337,88,40,27,59,49,343,89,51,-1,-1,-1,-1,-1,-1,8.71
3,130,81,78,246,65,67,20,87,72,-1,-1,-1,-1,-1,-1,8.42
3,33,59,55,21,48,56,3,66,51,-1,-1,-1,-1,-1,-1,8.43
5,233,71,53,107,48,34,341,58,52,103,86,30,285,40,61,8.05
4,285,74,58,32,62,59,153,42,40,272,84,33,-1,-1,-1,8.28
4,83,59,73,46,72,56,203,59,33,194,50,61,-1,-1,-1,8.55
5,142,77,38,339,54,39,17,85,66,338,79,30,179,72,65,8.21
3,190,51,53,310,57,74,88,70,35,-1,-1,-1,-1,-1,-1,9.04
5,243,70,39,310,89,44,308,64,69,301,81,36,314,62,45,8.59
5,91,47,52,133,51,66,108,83,66,106,40,80,75,74,73,8.4
3,282,52,41,289,79,44,279,59,59,-1,-1,-1,-1,-1,-1,8.51
4,153,42,45,321,77,32,225,66,37,95,85,68,-1,-1,-1,3.79
5,79,64,72,39,51,64,255,57,70,41,49,40,360,41,64,9.44
4,104,89,60,36,85,73,198,49,55,40,80,73,-1,-1,-1,3.59
3,96,46,60,149,78,57,170,59,67,-1,-1,-1,-1,-1,-1,8.05
4,358,64,60,5,45,76,355,41,76,356,61,38,-1,-1,-1,10.0
5,203,50,38,224,67,68,208,54,47,66,52,56,224,68,60,4.04
3,233,41,36,222,83,56,292,56,51,-1,-1,-1,-1,-1,-1,8.86
3,243,58,40,357,72,65,117,42,54,-1,-1,-1,-1,-1,-1,8.57
3,92,83,79,175,48,74,238,79,72,-1,-1,-1,-1,-1,-1,4.14
5,121,88,40,119,74,68,122,75,36,118,55,70,114,70,35,10.0
4,1,60,59,55,68,60,217,60,62,234,44,40,-1,-1,-1,8.8
5,241,74,37,1,51,43,121,41,37,245,76,44,4,66,61,8.84
3,224,56,35,332,46,78,93,79,49,-1,-1,-1,-1,-1,-1,9.82
5,323,56,57,230,90,51,162,75,38,227,43,68,195,85,49,4.33
5,224,50,43,224,48,44,28,87,50,124,77,70,210,88,80,3.96
4,57,87,63,57,53,78,62,68,57,91,67,67,-1,-1,-1,8.54
4,290,50,44,177,46,37,20,53,48,183,55,77,-1,-1,-1,4.93
5,224,87,75,260,78,54,260,89,80,286,61,62,252,64,49,8.83
4,246,51,46,217,60,75,199,50,64,250,42,68,-1,-1,-1,8.37
4,154,65,69,149,65,71,158,78,77,100,52,33,-1,-1,-1,9.3
3,162,88,35,98,52,48,3,81,79,-1,-1,-1,-1,-1,-1,5.19
4,345,79,36,247,86,40,149,86,68,256,67,53,-1,-1,-1,3.85
3,276,88,67,49,68,43,159,81,43,-1,-1,-1,-1,-1,-1,8.11
3,207,70,56,218,42,52,86,44,49,-1,-1,-1,-1,-1,-1,8.63
4,183,78,56,322,87,32,143,76,36,307,69,41,-1,-1,-1,8.55
3,229,50,60,196,84,76,60,40,50,-1,-1,-1,-1,-1,-1,3.5
4,143,73,63,255,58,56,32,40,37,153,54,38,-1,-1,-1,8.56
4,299,89,61,307,45,48,106,89,72,353,62,50,-1,-1,-1,8.28
4,317,60,52,69,58,68,188,60,51,315,88,37,-1,-1,-1,8.64
5,149,83,66,145,88,75,145,57,39,153,87,66,146,67,73,9.4
3,226,85,51,271,73,67,106,55,78,-1,-1,-1,-1,-1,-1,8.9
3,226,66,44,226,40,53,228,69,74,-1,-1,-1,-1,-1,-1,9.26
5,298,56,40,41,75,76,171,63,68,285,83,63,59,79,67,8.56
3,58,69,46,35,73,58,56,87,70,-1,-1,-1,-1,-1,-1,8.45
4,141,46,70,157,69,74,103,79,67,132,55,37,-1,-1,-1,8.87
3,6,43,54,124,59,56,236,80,67,-1,-1,-1,-1,-1,-1,8.09
3,199,41,63,213,56,64,231,45,62,-1,-1,-1,-1,-1,-1,8.94
3,294,53,57,286,56,49,297,89,73,-1,-1,-1,-1,-1,-1,9.44
5,131,62,71,279,84,37,131,63,39,253,45,79,115,59,80,9.89
4,293,55,34,297,48,40,289,59,49,293,46,55,-1,-1,-1,9.0
4,260,81,40,307,68,68,272,71,30,301,63,30,-1,-1,-1,9.25
3,153,88,34,79,44,39,360,46,71,-1,-1,-1,-1,-1,-1,5.09
3,286,70,70,37,76,69,160,79,73,-1,-1,-1,-1,-1,-1,8.92
4,351,89,54,109,89,37,231,74,60,355,55,30,-1,-1,-1,8.8
4,283,68,75,140,72,73,173,44,74,210,77,47,-1,-1,-1,4.06
3,54,70,64,53,55,30,35,58,63,-1,-1,-1,-1,-1,-1,9.72
3,120,84,41,174,56,45,301,89,34,-1,-1,-1,-1,-1,-1,9.42
4,164,61,36,280,67,67,33,54,60,162,46,35,-1,-1,-1,8.18
5,286,76,62,299,69,58,303,66,33,325,46,70,266,88,39,8.69
5,156,44,61,347,86,65,52,76,57,348,40,52,69,82,52,3.87
4,204,52,80,26,86,68,31,42,59,14,80,61,-1,-1,-1,8.97
3,12,82,64,135,42,39,252,84,37,-1,-1,-1,-1,-1,-1,8.53
4,135,83,30,123,72,59,168,40,77,153,75,74,-1,-1,-1,9.62
3,302,53,80,70,86,48,178,53,37,-1,-1,-1,-1,-1,-1,9.67
4,166,51,63,291,47,57,49,86,60,170,74,66,-1,-1,-1,8.83
5,265,75,41,35,87,42,142,90,39,271,87,64,33,51,53,8.77
5,120,47,32,246,52,58,349,79,34,109,57,50,234,59,63,8.05
4,255,57,35,28,52,75,145,54,32,249,68,60,-1,-1,-1,9.12
5,172,40,72,52,62,53,3,88,30,14,43,52,146,48,71,5.03
4,193,57,60,100,80,79,67,74,59,109,75,76,-1,-1,-1,3.75
5,334,68,61,83,68,59,214,56,50,334,72,36,83,72,57,8.26
5,196,50,43,218,84,67,193,54,74,204,81,36,167,55,46,8.35
5,189,86,32,188,41,34,184,78,50,182,88,80,185,44,50,9.54
5,127,68,33,75,65,52,46,65,53,79,85,64,224,41,30,8.73
5,52,77,76,207,64,78,74,52,38,221,72,80,321,50,67,4.81
4,228,63,73,224,60,40,225,40,72,229,53,38,-1,-1,-1,9.87
5,224,85,79,348,54,61,93,90,79,224,75,79,349,55,51,8.17
3,270,49,60,138,77,62,87,60,55,-1,-1,-1,-1,-1,-1,9.34
5,235,80,79,233,86,39,225,82,78,243,72,57,204,83,30,9.18
5,44,51,71,292,88,56,99,61,35,294,75,69,263,43,46,8.59
4,64,40,71,101,49,42,42,46,58,69,83,73,-1,-1,-1,8.34
4,109,61,57,146,81,42,169,67,45,161,76,36,-1,-1,-1,8.82
3,44,87,74,83,85,33,15,80,67,-1,-1,-1,-1,-1,-1,9.06
3,156,58,46,152,78,47,153,61,70,-1,-1,-1,-1,-1,-1,9.16
4,299,84,47,62,78,71,112,77,48,276,78,75,-1,-1,-1,8.13
3,291,80,58,265,63,50,209,85,72,-1,-1,-1,-1,-1,-1,8.35
3,1,72,59,242,81,63,109,72,69,-1,-1,-1,-1,-1,-1,8.25
3,66,61,34,69,81,51,71,67,76,-1,-1,-1,-1,-1,-1,10.0
5,120,52,70,117,76,31,125,46,45,124,57,54,121,84,41,8.75
3,322,75,37,82,86,42,189,72,49,-1,-1,-1,-1,-1,-1,8.55
3,12,45,56,200,68,80,30,77,50,-1,-1,-1,-1,-1,-1,8.69
5,302,79,64,40,45,71,114,55,80,44,77,51,13,41,46,8.56
3,163,51,40,267,82,71,25,65,50,-1,-1,-1,-1,-1,-1,8.9
4,117,89,54,213,74,76,162,76,34,214,55,47,-1,-1,-1,5.45
3,154,61,59,95,60,63,238,43,69,-1,-1,-1,-1,-1,-1,3.9
3,342,65,51,116,41,53,222,50,33,-1,-1,-1,-1,-1,-1,8.73
3,212,76,73,346,40,77,32,85,50,-1,-1,-1,-1,-1,-1,8.65
5,57,81,80,62,60,72,301,75,37,56,63,69,298,84,31,9.9
4,344,63,53,59,70,55,159,45,80,58,75,52,-1,-1,-1,9.43
3,134,42,54,130,71,80,130,60,78,-1,-1,-1,-1,-1,-1,9.06
5,223,84,53,232,58,56,223,44,61,242,61,59,215,77,67,8.06
4,23,41,78,39,75,44,23,74,58,332,55,48,-1,-1,-1,8.8
5,134,59,70,101,45,41,130,86,63,108,79,52,87,50,75,8.07
5,280,56,45,39,79,57,161,79,47,273,56,48,28,40,54,8.11
4,239,73,50,224,48,38,253,58,49,255,88,70,-1,-1,-1,8.44
4,84,42,80,87,55,52,88,59,33,85,69,42,-1,-1,-1,9.76
5,110,44,34,302,52,42,299,49,59,68,58,42,347,48,42,8.88
4,51,78,79,6,66,31,239,44,56,252,47,55,-1,-1,-1,9.6
5,293,65,61,39,90,45,22,82,77,32,79,65,66,49,47,3.53
4,332,42,60,325,42,70,334,75,69,331,45,43,-1,-1,-1,9.15
3,155,81,56,307,48,46,123,55,69,-1,-1,-1,-1,-1,-1,8.52
3,326,84,52,256,43,50,212,73,75,-1,-1,-1,-1,-1,-1,4.19
4,174,47,71,214,42,71,291,66,76,214,63,75,-1,-1,-1,3.96
5,121,59,52,160,42,79,196,63,49,147,55,62,142,66,75,8.87
4,204,78,35,214,58,71,276,71,31,210,53,44,-1,-1,-1,9.47
4,301,88,43,293,78,63,301,87,61,276,43,46,-1,-1,-1,8.58
4,341,52,49,343,83,62,345,83,57,339,72,77,-1,-1,-1,8.9
4,11,66,72,5,47,56,7,52,71,4,84,72,-1,-1,-1,9.13
4,197,78,52,194,51,30,204,44,38,198,53,39,-1,-1,-1,8.94
4,136,63,54,138,81,39,136,71,47,138,87,79,-1,-1,-1,9.19
3,207,65,60,177,58,32,298,44,42,-1,-1,-1,-1,-1,-1,4.15
3,196,90,76,39,52,62,323,51,31,-1,-1,-1,-1,-1,-1,9.02
4,104,69,49,239,80,75,358,48,63,104,82,55,-1,-1,-1,8.63
4,337,68,75,189,78,35,349,84,79,232,66,58,-1,-1,-1,4.69
4,64,42,77,55,89,35,60,71,40,54,62,65,-1,-1,-1,9.76
3,201,59,65,351,47,73,237,68,79,-1,-1,-1,-1,-1,-1,8.29
3,215,68,62,326,41,46,106,81,55,-1,-1,-1,-1,-1,-1,8.67
5,177,60,72,284,79,31,49,41,68,183,51,48,298,73,30,9.53
3,344,59,54,347,72,68,341,65,36,-1,-1,-1,-1,-1,-1,9.16
5,304,57,75,47,81,39,166,44,65,299,87,78,51,58,57,8.17
5,256,80,73,294,41,56,291,44,56,266,46,80,272,79,58,8.48
4,329,76,53,324,47,65,321,50,73,331,52,43,-1,-1,-1,8.54
3,54,60,41,77,45,57,86,76,61,-1,-1,-1,-1,-1,-1,8.41
3,197,60,70,203,87,65,200,57,69,-1,-1,-1,-1,-1,-1,8.73
5,21,89,44,237,52,80,124,45,32,175,87,68,8,70,56,5.38
3,295,84,43,52,45,43,178,73,36,-1,-1,-1,-1,-1,-1,8.14
3,178,89,57,192,85,70,331,51,48,-1,-1,-1,-1,-1,-1,4.19
5,145,80,63,148,50,51,142,40,77,143,67,40,138,65,65,8.58
3,100,86,64,225,49,66,338,56,39,-1,-1,-1,-1,-1,-1,8.86
5,216,54,67,215,79,53,208,75,40,209,83,77,216,42,73,9.21
3,352,45,68,129,87,37,236,67,48,-1,-1,-1,-1,-1,-1,8.53
5,43,70,46,160,47,54,288,70,57,44,58,74,151,65,49,8.26
5,336,76,51,344,65,55,335,43,53,338,74,68,345,61,43,8.76
3,112,53,49,12,46,80,146,42,80,-1,-1,-1,-1,-1,-1,4.4
3,309,43,33,335,71,33,34,73,41,-1,-1,-1,-1,-1,-1,8.68
4,105,74,31,106,65,56,106,81,70,105,44,69,-1,-1,-1,9.63
3,103,47,32,306,72,30,29,64,36,-1,-1,-1,-1,-1,-1,4.09
4,226,89,44,223,87,75,235,77,43,215,85,35,-1,-1,-1,9.16
5,41,52,79,224,84,38,174,64,67,300,64,75,113,81,34,4.52
4,21,80,31,193,43,48,335,71,53,181,57,68,-1,-1,-1,3.56
5,316,77,36,78,70,34,208,51,55,328,43,60,72,87,73,8.95
5,64,52,30,186,66,65,100,77,46,334,69,34,129,88,43,4.13
3,45,53,31,46,48,77,41,48,59,-1,-1,-1,-1,-1,-1,10.0
5,342,41,41,339,40,30,336,83,39,335,87,36,342,47,77,9.96
3,116,88,31,113,43,73,107,68,39,-1,-1,-1,-1,-1,-1,10.0
5,16,81,50,120,46,35,279,52,71,103,51,69,283,81,67,4.44
4,169,58,80,219,76,61,203,51,33,186,70,55,-1,-1,-1,9.85
3,84,69,44,81,67,42,79,63,70,-1,-1,-1,-1,-1,-1,9.25
5,155,51,32,317,79,40,155,74,46,301,49,31,18,68,55,3.61
4,241,73,35,0,84,43,137,49,78,248,66,73,-1,-1,-1,9.24
3,293,78,32,227,66,70,80,49,52,-1,-1,-1,-1,-1,-1,5.16
5,312,77,70,88,57,33,59,81,47,82,66,60,55,82,44,4.08
4,197,63,71,196,41,80,155,50,49,190,42,58,-1,-1,-1,8.04
3,54,87,42,163,63,55,222,75,41,-1,-1,-1,-1,-1,-1,3.95
4,149,54,77,145,55,39,150,90,78,152,83,54,-1,-1,-1,10.0
3,36,46,52,331,43,45,353,90,79,-1,-1,-1,-1,-1,-1,8.97
3,63,81,41,71,66,43,106,52,52,-1,-1,-1,-1,-1,-1,8.46
3,89,52,79,91,75,35,82,58,46,-1,-1,-1,-1,-1,-1,9.73
5,167,70,55,212,87,37,219,50,42,232,78,32,219,87,63,8.61
4,108,77,41,114,47,38,113,64,54,118,47,65,-1,-1,-1,9.19
5,75,45,71,207,68,34,325,42,43,83,88,68,197,61,49,8.4
3,359,68,69,294,52,40,319,53,57,-1,-1,-1,-1,-1,-1,8.34
4,205,49,34,94,62,70,147,61,53,118,40,75,-1,-1,-1,5.33
4,46,44,45,114,86,34,52,61,69,68,46,61,-1,-1,-1,8.43
4,241,63,47,92,64,67,194,48,32,110,48,35,-1,-1,-1,4.47
4,207,89,34,206,77,77,321,67,80,202,74,49,-1,-1,-1,9.97
3,92,60,59,210,65,49,323,75,64,-1,-1,-1,-1,-1,-1,8.28
4,259,71,44,276,65,35,249,73,80,231,60,49,-1,-1,-1,9.95
4,249,52,80,293,52,57,208,66,57,209,84,70,-1,-1,-1,8.4
4,344,57,75,276,53,48,118,78,55,289,41,58,-1,-1,-1,3.85
4,65,60,49,95,48,38,176,47,70,87,75,73,-1,-1,-1,4.23
3,49,51,76,82,64,38,58,64,68,-1,-1,-1,-1,-1,-1,9.48
4,7,79,54,1,83,72,6,50,37,4,87,45,-1,-1,-1,9.23
4,351,80,51,104,45,73,214,87,74,347,87,66,-1,-1,-1,8.8
3,325,43,72,326,40,50,327,79,79,-1,-1,-1,-1,-1,-1,8.85
4,94,75,39,90,90,46,91,41,45,98,46,31,-1,-1,-1,8.73
4,245,68,74,266,52,66,291,46,37,252,52,60,-1,-1,-1,9.0
4,233,78,73,265,41,70,246,83,52,152,53,71,-1,-1,-1,4.38
3,262,75,31,345,86,77,241,53,39,-1,-1,-1,-1,-1,-1,4.95
3,193,40,51,320,44,34,77,81,63,-1,-1,-1,-1,-1,-1,8.63
3,223,51,37,21,72,33,123,80,67,-1,-1,-1,-1,-1,-1,5.08
4,29,70,66,315,69,56,266,73,58,356,67,79,-1,-1,-1,3.7
3,252,76,65,1,81,36,237,74,80,-1,-1,-1,-1,-1,-1,5.17
5,201,82,75,201,58,70,208,48,52,202,73,70,210,76,46,8.9
5,1,69,78,77,50,43,334,43,51,77,82,32,186,61,45,5.15
3,161,76,80,136,76,41,29,50,79,-1,-1,-1,-1,-1,-1,4.74
4,172,72,68,130,78,43,352,60,75,145,82,74,-1,-1,-1,9.17
5,68,57,73,185,53,31,293,41,34,56,80,53,180,88,32,9.38
5,83,75,62,79,89,68,258,55,34,76,59,39,9,58,71,9.6
3,71,60,56,182,55,47,147,46,41,-1,-1,-1,-1,-1,-1,3.9
5,356,54,57,37,78,52,100,88,48,43,71,56,312,66,54,3.53
4,304,40,52,60,85,77,188,62,76,310,62,40,-1,-1,-1,9.36
5,195,59,67,195,70,44,188,48,76,189,74,57,188,87,33,9.95
3,292,51,41,63,80,76,327,64,58,-1,-1,-1,-1,-1,-1,4.03
5,116,53,31,117,59,66,114,89,50,113,48,49,112,75,45,8.89
4,48,53,69,40,46,63,42,74,62,43,63,40,-1,-1,-1,9.01
3,245,78,73,354,69,54,331,67,76,-1,-1,-1,-1,-1,-1,4.11
5,206,54,48,212,74,77,241,51,72,171,86,50,184,47,68,8.38
3,313,84,55,315,73,43,310,48,30,-1,-1,-1,-1,-1,-1,8.98
4,185,69,56,322,46,74,67,65,63,185,61,39,-1,-1,-1,8.49
4,238,64,40,244,87,68,242,73,59,243,65,39,-1,-1,-1,8.56
5,178,53,76,211,90,60,73,77,56,14,49,70,216,87,56,4.01
3,303,71,62,229,55,39,284,60,54,-1,-1,-1,-1,-1,-1,8.27
3,267,80,59,293,60,70,288,75,40,-1,-1,-1,-1,-1,-1,8.41
4,67,76,45,202,70,57,310,47,59,78,40,71,-1,-1,-1,8.85
3,228,45,75,225,41,50,222,55,57,-1,-1,-1,-1,-1,-1,8.89
5,60,70,31,32,48,70,20,58,52,56,84,50,16,62,74,9.97
3,156,49,78,166,44,77,209,70,74,-1,-1,-1,-1,-1,-1,8.75
4,326,59,56,324,61,64,322,87,37,320,46,43,-1,-1,-1,9.48
4,333,79,44,260,57,39,281,60,52,257,71,30,-1,-1,-1,8.5
3,264,65,45,266,73,73,298,46,31,-1,-1,-1,-1,-1,-1,9.22
5,119,90,42,232,79,44,5,42,54,127,89,50,235,76,51,8.38
3,315,40,59,264,81,45,259,80,45,-1,-1,-1,-1,-1,-1,8.32
5,358,40,74,107,50,78,242,85,59,359,43,77,126,47,41,8.48
5,18,52,32,25,49,31,25,55,38,24,77,40,23,61,36,9.42
5,74,45,63,190,69,42,282,77,79,219,53,32,179,56,50,5.3
3,137,40,43,144,40,63,137,78,34,-1,-1,-1,-1,-1,-1,8.9
3,144,58,63,180,82,56,244,48,60,-1,-1,-1,-1,-1,-1,4.06
4,316,55,57,309,68,58,317,60,49,308,80,39,-1,-1,-1,9.43
5,131,47,32,115,40,47,106,48,65,171,82,33,112,48,66,8.8
3,185,48,62,115,89,41,348,64,77,-1,-1,-1,-1,-1,-1,8.39
3,176,50,75,176,73,46,171,55,48,-1,-1,-1,-1,-1,-1,9.46
3,10,56,33,352,43,77,334,45,60,-1,-1,-1,-1,-1,-1,9.07
3,94,41,80,101,56,47,100,86,78,-1,-1,-1,-1,-1,-1,10.0
4,295,83,30,300,66,69,301,62,34,297,86,46,-1,-1,-1,10.0
5,278,78,33,278,53,31,274,82,48,279,40,73,275,90,52,9.82
3,21,68,44,60,58,61,41,48,62,-1,-1,-1,-1,-1,-1,8.5
3,117,62,43,117,77,50,117,79,49,-1,-1,-1,-1,-1,-1,8.91
4,93,75,80,83,75,33,90,75,68,85,43,46,-1,-1,-1,10.0
3,202,50,60,319,68,32,65,69,33,-1,-1,-1,-1,-1,-1,8.84
5,131,41,44,300,58,67,27,69,65,307,60,70,334,54,57,3.98
5,62,84,67,62,90,57,62,41,79,61,86,44,62,75,55,8.61
5,157,45,70,132,66,33,130,59,61,186,44,66,171,79,32,9.83
4,183,49,55,293,78,49,67,66,46,183,77,45,-1,-1,-1,8.46
5,30,44,72,181,56,49,108,68,74,112,55,68,216,47,40,8.67
4,184,44,66,183,78,55,186,62,62,181,71,77,-1,-1,-1,9.15
3,244,71,53,193,53,33,32,60,46,-1,-1,-1,-1,-1,-1,4.01
4,7,81,68,42,64,77,52,63,45,28,88,59,-1,-1,-1,8.05
3,141,49,43,246,56,34,190,69,57,-1,-1,-1,-1,-1,-1,3.73
3,238,40,68,285,65,79,242,84,68,-1,-1,-1,-1,-1,-1,8.43
4,127,66,66,72,79,76,285,62,41,298,53,47,-1,-1,-1,3.61
3,288,76,68,201,75,62,294,73,69,-1,-1,-1,-1,-1,-1,3.73
3,268,85,42,53,70,50,18,87,69,-1,-1,-1,-1,-1,-1,8.25
5,173,43,69,201,70,60,296,62,55,198,60,68,4,43,75,3.74
5,255,46,75,289,74,60,307,81,63,309,70,33,246,79,80,9.94
4,148,89,80,147,69,35,183,87,31,143,61,70,-1,-1,-1,9.76
5,322,87,49,95,69,65,131,47,43,128,84,34,23,57,35,4.31
4,143,51,64,125,74,73,149,43,59,123,77,74,-1,-1,-1,8.98
3,258,68,32,319,65,63,83,80,78,-1,-1,-1,-1,-1,-1,9.52
4,282,70,74,212,43,56,205,89,75,127,42,66,-1,-1,-1,4.43
3,117,69,45,233,64,51,3,81,67,-1,-1,-1,-1,-1,-1,8.76
5,108,44,59,137,57,70,106,69,45,145,71,58,106,85,42,8.35
5,87,65,45,42,58,48,86,50,55,69,89,71,40,56,52,8.07
5,253,88,40,237,71,63,206,47,48,192,49,47,251,89,59,8.93
3,251,65,35,11,77,76,123,71,31,-1,-1,-1,-1,-1,-1,9.11
4,102,61,36,110,78,46,155,56,79,108,47,32,-1,-1,-1,9.71
5,297,72,46,284,72,72,226,48,51,270,45,30,250,87,59,8.6
5,55,49,53,59,71,50,59,84,58,53,90,76,57,46,74,9.04
5,251,73,59,3,41,57,132,64,58,254,84,49,7,80,62,8.65
3,141,53,58,154,42,63,161,89,70,-1,-1,-1,-1,-1,-1,8.79
5,166,54,47,277,40,69,200,84,34,267,87,48,211,60,71,4.12
5,80,86,38,67,66,71,116,47,59,65,61,37,58,54,33,8.21
5,224,57,65,350,81,38,104,59,54,227,54,67,348,43,60,8.16
5,140,55,62,85,84,57,153,59,67,73,57,49,104,45,48,8.25
4,204,84,39,198,51,46,204,42,34,205,50,62,-1,-1,-1,9.11
3,332,76,67,347,80,79,16,86,54,-1,-1,-1,-1,-1,-1,8.46
4,203,62,57,194,69,49,218,66,47,232,45,69,-1,-1,-1,8.77
4,153,63,66,148,63,34,135,46,58,107,42,38,-1,-1,-1,8.96
5,5,82,72,353,83,64,313,61,64,348,54,73,58,40,36,3.91
4,274,70,79,292,61,35,185,85,34,40,71,43,-1,-1,-1,4.85
3,20,73,76,28,72,77,59,71,74,-1,-1,-1,-1,-1,-1,8.03
3,323,57,56,339,83,63,5,88,54,-1,-1,-1,-1,-1,-1,8.68
4,179,55,80,302,61,65,17,79,44,1,77,46,-1,-1,-1,8.82
5,177,44,51,312,86,73,112,85,71,138,50,78,283,72,60,4.37
5,144,77,52,278,75,73,26,52,64,150,76,79,271,75,52,8.28
5,185,45,53,294,86,43,53,57,34,180,90,71,293,61,65,8.27
3,330,76,78,249,64,47,329,73,70,-1,-1,-1,-1,-1,-1,8.78
3,116,63,65,182,49,60,152,73,49,-1,-1,-1,-1,-1,-1,8.12
4,95,78,54,113,63,42,263,86,31,95,48,47,-1,-1,-1,3.51
4,336,75,38,267,81,56,192,76,66,261,71,42,-1,-1,-1,3.67
5,176,81,39,294,51,59,44,58,31,173,52,52,289,47,75,9.16
4,289,41,30,294,79,43,295,73,63,295,79,67,-1,-1,-1,9.79
4,320,83,64,312,84,78,279,68,39,278,90,36,-1,-1,-1,9.61
5,4,77,80,352,64,60,87,58,65,168,41,71,327,84,56,4.46
4,38,42,72,88,63,63,114,72,66,109,72,70,-1,-1,-1,8.31
4,1,65,38,312,90,46,308,46,58,317,74,58,-1,-1,-1,8.42
3,330,41,51,297,56,37,327,64,35,-1,-1,-1,-1,-1,-1,8.27
4,253,63,72,253,71,74,230,80,47,232,83,72,-1,-1,-1,8.6
5,201,45,56,241,58,76,160,41,66,234,41,80,181,62,75,8.29
4,69,84,48,255,83,64,106,49,75,131,87,40,-1,-1,-1,8.61
3,182,53,32,130,58,56,141,71,54,-1,-1,-1,-1,-1,-1,8.42
5,290,85,34,40,41,54,157,89,67,277,44,44,52,85,79,9.19
5,191,90,70,185,45,67,184,80,35,184,46,54,188,43,55,8.65
3,267,53,42,331,87,42,131,69,46,-1,-1,-1,-1,-1,-1,4.27
5,23,85,61,24,76,48,22,53,55,21,51,56,30,55,47,9.18
4,317,58,71,79,52,64,187,52,44,307,60,77,-1,-1,-1,8.8
4,141,56,60,71,57,36,41,56,42,207,52,55,-1,-1,-1,4.37
4,284,42,76,45,67,46,172,80,64,290,74,41,-1,-1,-1,8.67
5,156,61,72,223,47,60,179,84,44,4,71,39,243,67,73,8.13
4,34,63,38,69,56,34,71,51,75,51,53,52,-1,-1,-1,9.69
5,197,59,44,159,53,80,207,75,76,179,83,76,149,86,38,9.39
5,35,55,69,36,70,54,34,77,53,38,77,35,36,80,50,8.78
4,141,56,75,275,52,52,172,44,31,170,74,60,-1,-1,-1,5.03
3,49,50,73,52,71,68,48,85,70,-1,-1,-1,-1,-1,-1,8.59
5,169,68,44,138,89,80,220,44,49,126,41,45,8,79,60,8.67
4,53,66,45,277,50,78,213,78,30,253,73,59,-1,-1,-1,4.96
5,353,64,61,153,52,51,153,49,72,326,49,36,95,83,37,9.05
4,34,79,32,40,71,30,37,43,43,33,60,62,-1,-1,-1,8.59
5,0,72,33,356,83,41,2,77,43,5,60,59,359,61,78,10.0
3,216,52,43,163,77,60,196,79,69,-1,-1,-1,-1,-1,-1,8.57
3,185,56,77,213,76,76,185,67,35,-1,-1,-1,-1,-1,-1,9.19
4,0,89,67,4,55,48,202,41,31,7,56,72,-1,-1,-1,4.97
4,21,66,37,53,54,75,74,51,33,29,79,31,-1,-1,-1,9.01
5,142,45,70,103,69,63,147,56,70,83,72,69,103,88,60,8.53
5,310,51,57,332,84,59,316,51,67,287,65,42,325,71,67,8.54
3,92,49,71,103,89,37,85,55,39,-1,-1,-1,-1,-1,-1,10.0
5,271,86,33,28,83,66,140,79,73,254,69,63,31,43,69,8.56
4,125,61,68,37,57,50,248,78,70,36,88,47,-1,-1,-1,8.09
3,121,64,61,119,74,77,121,52,32,-1,-1,-1,-1,-1,-1,9.67
5,10,60,37,279,90,50,256,70,34,274,78,61,79,82,33,8.51
4,54,73,34,19,52,54,9,78,76,77,42,50,-1,-1,-1,8.1
5,126,52,45,351,67,69,30,90,53,349,48,65,13,43,33,3.88
5,216,53,43,159,60,60,196,49,78,161,76,70,183,73,43,8.91
5,237,77,33,269,81,54,130,40,30,254,81,41,323,72,50,4.4
3,339,67,37,340,61,44,337,57,43,-1,-1,-1,-1,-1,-1,8.69
3,272,61,70,269,82,53,276,66,57,-1,-1,-1,-1,-1,-1,9.39
3,301,75,66,308,52,56,302,65,69,-1,-1,-1,-1,-1,-1,8.8
5,249,84,41,256,40,52,255,84,65,251,50,33,252,73,43,9.43
4,116,66,59,61,62,66,64,67,58,59,58,70,-1,-1,-1,8.43
4,325,64,42,34,64,65,36,53,61,334,73,57,-1,-1,-1,8.41
3,288,67,34,16,49,66,354,51,77,-1,-1,-1,-1,-1,-1,9.39
4,221,41,77,83,45,49,191,57,36,6,47,36,-1,-1,-1,5.12
4,249,44,45,328,43,39,108,51,78,331,43,74,-1,-1,-1,5.0
3,220,86,42,343,64,71,187,71,61,-1,-1,-1,-1,-1,-1,8.85
5,50,88,76,50,77,75,48,61,59,42,81,55,51,83,51,8.55
3,302,85,60,59,89,31,172,59,63,-1,-1,-1,-1,-1,-1,8.46
3,266,54,51,14,49,34,143,54,71,-1,-1,-1,-1,-1,-1,9.02
3,247,67,41,3,80,56,138,44,53,-1,-1,-1,-1,-1,-1,8.6
4,135,85,44,137,72,30,145,50,65,145,57,41,-1,-1,-1,9.46
4,111,62,70,113,45,63,105,78,44,106,74,57,-1,-1,-1,8.76
5,344,85,73,245,68,79,338,40,70,234,77,59,284,50,80,3.91
5,16,86,39,14,88,78,12,55,40,13,64,56,16,42,37,10.0
5,358,60,43,193,42,39,314,67,34,198,42,67,321,71,75,9.34
3,126,83,48,104,41,67,121,49,52,-1,-1,-1,-1,-1,-1,8.05
5,8,62,37,128,52,32,263,58,34,7,40,58,129,60,46,8.8
3,342,86,56,108,51,41,230,87,41,-1,-1,-1,-1,-1,-1,8.68
4,170,78,31,331,40,73,323,70,60,338,41,74,-1,-1,-1,4.72
5,119,77,65,19,47,42,154,44,57,5,41,74,237,64,32,9.45
5,87,62,34,18,53,33,65,54,63,68,42,53,23,74,70,8.98
5,94,82,49,128,87,79,6,44,64,344,73,42,120,48,48,4.36
3,94,51,68,58,52,56,220,61,34,-1,-1,-1,-1,-1,-1,8.43
4,297,72,44,314,80,32,269,45,56,271,67,78,-1,-1,-1,9.93
5,51,87,37,57,79,33,57,43,62,58,84,59,57,67,73,9.75
5,359,81,66,351,50,54,358,56,72,357,67,45,350,83,64,9.2
3,190,66,36,189,66,49,188,46,46,-1,-1,-1,-1,-1,-1,9.12
3,289,79,47,311,62,65,312,75,68,-1,-1,-1,-1,-1,-1,8.03
5,317,44,48,201,80,35,66,85,44,187,78,61,75,76,59,8.59
5,8,45,70,147,57,54,41,53,71,47,66,36,353,78,49,4.29
4,296,48,40,36,69,65,310,90,62,184,41,36,-1,-1,-1,8.98
5,318,51,43,310,40,68,317,71,35,317,59,31,313,67,32,8.52
3,219,77,40,223,69,34,217,44,78,-1,-1,-1,-1,-1,-1,9.92
4,319,58,67,100,90,58,80,84,77,99,68,61,-1,-1,-1,8.07
4,280,80,55,216,40,46,250,57,35,208,76,64,-1,-1,-1,8.53
3,276,90,76,157,88,58,43,66,77,-1,-1,-1,-1,-1,-1,8.12
5,267,82,39,187,81,56,184,83,34,198,44,48,235,48,79,9.42
3,159,64,35,136,51,32,328,90,30,-1,-1,-1,-1,-1,-1,4.02
5,192,40,66,319,50,48,87,58,48,207,42,68,324,71,60,8.99
4,203,70,45,238,71,64,223,59,39,245,55,54,-1,-1,-1,8.11
4,295,48,68,42,60,51,164,43,33,292,56,47,-1,-1,-1,8.02
4,5,69,58,1,68,68,1,51,57,3,47,77,-1,-1,-1,9.35
3,87,67,61,198,68,76,323,58,79,-1,-1,-1,-1,-1,-1,8.27
3,97,63,76,208,88,47,320,70,40,-1,-1,-1,-1,-1,-1,9.58
5,127,56,61,74,46,30,85,70,40,146,45,46,103,85,78,9.29
4,287,89,75,194,67,68,272,90,61,230,65,61,-1,-1,-1,4.03
3,278,43,66,219,76,77,323,83,31,-1,-1,-1,-1,-1,-1,5.38
4,312,58,55,339,85,75,53,71,78,338,75,65,-1,-1,-1,3.64
5,333,41,58,327,62,72,335,62,70,334,61,69,333,77,80,9.09
4,179,74,71,174,62,30,125,55,39,190,44,34,-1,-1,-1,9.7
5,139,70,35,339,53,47,17,59,79,330,51,31,197,76,79,9.46
5,294,76,57,38,89,68,163,59,39,282,86,62,34,81,31,8.96
3,147,42,60,148,83,60,139,58,58,-1,-1,-1,-1,-1,-1,9.2
4,161,58,41,105,42,34,132,69,52,110,66,51,-1,-1,-1,8.96
3,320,69,73,293,61,47,247,54,33,-1,-1,-1,-1,-1,-1,9.56
4,161,40,71,240,50,35,346,46,71,236,75,71,-1,-1,-1,9.83
5,177,85,71,176,60,34,173,72,46,173,52,35,174,70,50,8.63
4,267,81,37,233,79,53,273,53,72,217,72,70,-1,-1,-1,8.65
3,38,65,50,54,87,53,35,85,64,-1,-1,-1,-1,-1,-1,9.46
5,138,60,57,37,61,43,224,57,37,81,84,70,119,40,32,9.17
4,202,88,79,290,83,78,142,60,72,177,77,45,-1,-1,-1,4.05
4,81,74,50,280,56,47,100,43,78,49,86,46,-1,-1,-1,9.33
5,218,65,40,312,53,62,180,76,70,183,52,41,222,66,32,3.82
3,28,89,59,1,78,80,19,68,66,-1,-1,-1,-1,-1,-1,8.46
3,224,56,70,231,64,34,234,57,36,-1,-1,-1,-1,-1,-1,10.0
3,247,73,66,31,47,72,102,58,76,-1,-1,-1,-1,-1,-1,4.03
5,295,44,54,53,71,37,178,61,70,292,89,56,58,47,52,8.67
5,32,85,53,57,88,58,340,81,44,68,70,37,348,49,56,8.69
4,109,65,52,156,90,47,174,56,39,91,90,47,-1,-1,-1,8.0
4,16,49,77,17,43,62,15,47,73,15,63,36,-1,-1,-1,10.0
3,295,58,59,301,79,79,302,43,36,-1,-1,-1,-1,-1,-1,10.0
5,303,78,41,74,60,58,177,79,75,308,55,68,66,83,66,8.29
4,201,83,59,325,56,34,92,47,44,215,83,75,-1,-1,-1,9.43
5,327,85,37,313,87,71,275,79,47,280,87,54,299,41,70,8.64
3,30,56,70,149,41,45,261,52,69,-1,-1,-1,-1,-1,-1,8.07
4,249,69,39,257,83,66,247,59,33,262,55,48,-1,-1,-1,8.83
3,175,40,56,292,49,31,42,40,75,-1,-1,-1,-1,-1,-1,9.33
3,222,47,35,226,63,77,166,68,76,-1,-1,-1,-1,-1,-1,9.59
5,14,90,50,188,50,52,113,79,71,186,43,48,183,77,43,8.53
5,70,66,43,198,60,31,304,54,52,84,51,52,184,68,53,8.54
5,139,70,59,137,67,34,159,67,54,180,80,40,180,44,78,9.16
4,171,79,73,168,66,58,168,58,48,165,77,42,-1,-1,-1,8.88
4,70,45,71,53,66,48,47,44,68,22,75,53,-1,-1,-1,8.36
3,231,55,47,111,40,33,330,60,78,-1,-1,-1,-1,-1,-1,9.32
3,157,41,78,14,69,42,296,64,45,-1,-1,-1,-1,-1,-1,4.82
4,268,89,62,241,41,71,8,78,35,244,46,51,-1,-1,-1,4.39
4,281,58,64,272,59,59,273,76,44,242,56,42,-1,-1,-1,8.36
3,215,57,79,314,77,65,226,56,45,-1,-1,-1,-1,-1,-1,4.32
3,60,43,71,70,88,32,72,87,47,-1,-1,-1,-1,-1,-1,10.0
5,3,47,75,352,72,34,56,47,72,39,86,34,15,63,76,9.42
4,108,49,30,221,40,37,1,45,44,115,77,36,-1,-1,-1,4.09
5,285,48,39,55,42,57,180,45,31,298,83,31,45,87,35,8.94
5,111,63,75,235,65,53,351,45,41,111,46,59,227,70,41,8.74
5,255,70,35,297,62,69,276,49,39,288,86,37,306,48,45,8.82
4,198,43,80,262,44,72,210,82,61,251,61,73,-1,-1,-1,8.78
5,83,40,51,86,65,47,42,58,73,46,43,53,70,40,76,8.63
5,136,40,59,211,44,62,149,88,70,306,74,65,198,62,75,9.04
3,57,49,54,61,57,37,65,40,59,-1,-1,-1,-1,-1,-1,9.47
3,54,44,55,31,47,74,219,42,36,-1,-1,-1,-1,-1,-1,10.0
5,17,53,42,135,49,36,10,86,78,134,64,31,149,84,78,9.79
3,54,54,60,75,61,30,172,50,44,-1,-1,-1,-1,-1,-1,4.17
5,173,44,44,205,86,36,339,68,51,198,64,53,291,88,70,3.59
3,216,50,47,209,89,56,169,64,36,-1,-1,-1,-1,-1,-1,8.82
3,22,52,65,174,71,43,170,46,55,-1,-1,-1,-1,-1,-1,3.89
3,238,57,75,205,89,49,110,79,62,-1,-1,-1,-1,-1,-1,4.3
4,187,58,74,298,77,73,67,64,60,186,78,36,-1,-1,-1,9.35
4,172,48,67,86,44,48,349,52,75,235,82,34,-1,-1,-1,9.67
4,261,75,57,354,85,52,6,57,35,105,44,59,-1,-1,-1,4.41
4,265,79,65,310,79,39,185,49,65,307,60,43,-1,-1,-1,4.26
3,91,46,31,195,62,52,207,85,37,-1,-1,-1,-1,-1,-1,4.06
5,160,71,35,129,72,47,227,54,69,132,70,35,288,82,67,4.26
3,173,55,79,345,76,37,122,75,41,-1,-1,-1,-1,-1,-1,10.0
4,212,88,42,316,65,40,77,54,44,199,74,34,-1,-1,-1,8.9
4,60,47,39,61,42,34,60,79,38,61,81,73,-1,-1,-1,9.68
4,276,84,50,125,88,73,171,44,67,129,71,62,-1,-1,-1,3.68
3,299,62,53,293,63,43,298,66,35,-1,-1,-1,-1,-1,-1,8.98
5,120,67,33,241,90,69,356,46,30,106,81,39,236,46,59,9.57
4,198,55,46,315,73,36,62,64,76,189,49,80,-1,-1,-1,9.45
4,157,86,46,82,63,70,354,51,79,10,89,42,-1,-1,-1,4.97
5,230,65,36,7,79,44,108,86,62,224,85,41,206,79,69,3.83
4,87,65,80,62,85,57,91,79,59,54,42,30,-1,-1,-1,9.16
5,304,76,48,124,42,47,247,47,77,130,70,65,350,87,31,9.69
3,301,86,59,295,82,70,300,41,58,-1,-1,-1,-1,-1,-1,9.03
4,293,50,45,264,75,60,269,86,30,278,78,49,-1,-1,-1,8.04
5,84,76,45,31,81,67,50,45,36,77,87,48,24,61,71,8.04
5,233,42,46,346,51,33,122,56,73,237,90,72,355,88,50,9.37
4,167,51,43,57,55,55,340,86,36,58,88,53,-1,-1,-1,9.03
5,252,53,35,22,61,34,145,64,44,262,53,75,17,83,54,9.86
4,62,59,32,195,89,77,299,84,77,71,60,79,-1,-1,-1,9.17
5,231,81,49,213,44,41,360,68,74,309,75,54,287,68,35,3.87
3,243,78,36,263,46,60,201,42,56,-1,-1,-1,-1,-1,-1,8.42
5,164,72,79,163,87,67,167,53,73,167,84,49,167,56,78,8.96
3,142,90,67,253,82,41,17,87,36,-1,-1,-1,-1,-1,-1,8.6
3,305,84,68,151,57,37,17,40,68,-1,-1,-1,-1,-1,-1,4.25
3,242,58,76,192,75,79,203,69,73,-1,-1,-1,-1,-1,-1,8.85
5,58,40,44,246,54,38,192,63,35,85,63,51,292,40,35,8.26
4,286,46,30,174,76,71,91,57,32,173,69,32,-1,-1,-1,9.7
4,144,89,51,160,89,63,183,58,39,344,69,64,-1,-1,-1,4.36
5,39,45,54,151,87,54,276,53,74,50,45,52,150,77,61,8.48
3,189,68,75,191,40,68,195,87,57,-1,-1,-1,-1,-1,-1,9.38
4,54,48,45,57,90,69,60,53,57,56,77,41,-1,-1,-1,8.6
5,88,40,55,88,46,61,88,59,57,87,49,40,86,60,76,8.66
3,187,44,63,191,80,73,183,47,34,-1,-1,-1,-1,-1,-1,10.0
4,179,89,74,174,62,48,187,44,69,35,65,76,-1,-1,-1,3.52
5,204,56,77,322,50,33,98,71,59,203,67,32,340,42,33,9.67
4,58,74,58,345,89,73,23,83,39,23,74,70,-1,-1,-1,8.39
5,318,54,40,314,82,62,313,88,56,323,44,34,320,60,44,9.36
5,142,75,63,146,77,54,199,53,34,152,76,57,84,53,63,3.64
3,146,85,74,152,42,46,147,42,73,-1,-1,-1,-1,-1,-1,8.76
4,187,88,70,307,69,68,58,66,55,188,61,63,-1,-1,-1,8.86
4,51,59,71,164,55,78,296,40,65,42,45,39,-1,-1,-1,8.84
4,226,77,60,198,63,32,180,40,62,203,83,54,-1,-1,-1,8.53
5,262,86,46,84,51,32,100,80,43,307,80,61,4,72,48,3.5
5,346,79,58,109,67,52,225,88,66,338,76,51,101,42,45,8.8
4,90,82,39,212,64,57,336,85,36,95,59,38,-1,-1,-1,8.95
3,144,45,80,150,87,42,205,86,30,-1,-1,-1,-1,-1,-1,9.22
3,192,51,42,204,43,45,174,50,50,-1,-1,-1,-1,-1,-1,8.13
5,293,79,77,55,85,69,287,68,47,353,61,80,287,87,69,4.07
5,140,76,58,130,49,45,145,77,78,116,86,51,100,50,38,8.58
4,116,79,70,195,88,75,140,61,67,155,60,52,-1,-1,-1,8.44
3,49,76,41,68,48,69,50,52,43,-1,-1,-1,-1,-1,-1,9.17
4,190,81,76,136,83,31,164,51,57,181,86,51,-1,-1,-1,9.93
3,244,76,37,107,68,72,319,40,45,-1,-1,-1,-1,-1,-1,4.12
5,29,60,57,136,63,60,43,50,39,331,47,73,216,66,73,8.46
5,264,51,80,30,73,66,141,50,48,270,56,36,28,58,43,9.37
4,292,52,79,271,88,53,29,53,62,280,49,65,-1,-1,-1,3.59
4,322,55,33,6,47,47,311,64,55,310,77,60,-1,-1,-1,8.64
4,137,43,65,151,67,46,79,88,45,91,87,43,-1,-1,-1,8.43
4,285,86,56,289,85,51,286,62,45,287,78,67,-1,-1,-1,9.42
3,222,44,66,217,52,58,222,60,72,-1,-1,-1,-1,-1,-1,8.53
4,224,71,41,226,56,70,217,42,70,217,68,77,-1,-1,-1,8.89
4,79,49,54,304,84,66,58,65,51,357,77,36,-1,-1,-1,4.09
3,252,40,53,113,68,68,167,78,67,-1,-1,-1,-1,-1,-1,3.84
3,246,88,66,272,58,79,270,79,50,-1,-1,-1,-1,-1,-1,8.28
3,333,82,80,341,69,31,336,84,68,-1,-1,-1,-1,-1,-1,9.99
5,203,47,43,161,50,55,174,56,57,204,48,41,167,47,46,8.93
5,151,50,69,145,66,33,163,76,61,192,81,77,200,61,44,9.32
5,21,88,61,206,66,59,204,51,47,283,53,41,115,86,41,3.87
5,151,79,56,254,84,40,25,59,42,143,51,44,269,46,66,8.1
4,243,47,62,243,54,53,242,48,57,241,56,50,-1,-1,-1,9.38
3,126,69,34,245,89,44,22,80,75,-1,-1,-1,-1,-1,-1,9.1
5,175,75,41,173,48,34,130,77,53,194,88,35,189,40,58,8.17
4,356,48,33,25,41,63,359,46,62,356,79,34,-1,-1,-1,8.73
4,232,83,36,350,51,38,94,63,36,227,40,66,-1,-1,-1,8.38
4,243,45,77,165,45,72,303,65,46,160,66,55,-1,-1,-1,3.65
5,156,73,68,151,49,80,199,69,35,203,71,69,149,79,76,9.09
3,120,82,76,253,78,51,358,73,64,-1,-1,-1,-1,-1,-1,8.4
4,333,79,80,101,45,40,212,73,43,339,66,68,-1,-1,-1,9.79
5,251,57,66,83,52,55,179,90,47,333,78,33,293,87,45,8.45
3,325,56,31,44,48,52,52,86,35,-1,-1,-1,-1,-1,-1,8.73
3,111,56,50,172,68,73,111,51,31,-1,-1,-1,-1,-1,-1,9.8
5,119,88,48,229,49,78,346,40,30,108,67,43,236,83,39,9.74
5,229,47,37,2,54,54,82,53,78,355,87,57,50,81,32,9.29
4,178,82,30,119,54,75,178,60,34,162,88,46,-1,-1,-1,9.26
5,128,68,63,329,69,70,195,43,54,79,44,37,265,52,72,8.96
3,2,86,40,258,63,52,18,41,36,-1,-1,-1,-1,-1,-1,3.76
5,289,69,45,285,89,55,287,79,51,288,88,37,292,53,68,8.62
3,38,40,51,152,72,62,266,63,61,-1,-1,-1,-1,-1,-1,8.89
3,205,82,39,131,55,77,204,52,60,-1,-1,-1,-1,-1,-1,9.29
5,112,59,78,103,73,65,111,76,58,109,73,40,104,55,39,9.33
4,186,58,72,186,67,43,185,46,52,185,60,37,-1,-1,-1,8.91
4,194,43,35,195,81,45,191,85,72,191,57,80,-1,-1,-1,9.65
3,77,57,80,192,63,36,325,66,48,-1,-1,-1,-1,-1,-1,9.58
4,281,81,31,305,61,60,232,47,39,230,59,69,-1,-1,-1,9.57
5,264,67,38,32,57,68,143,40,46,271,82,72,20,68,48,8.21
3,70,44,78,61,74,72,57,58,57,-1,-1,-1,-1,-1,-1,8.55
3,56,90,47,186,75,73,307,88,63,-1,-1,-1,-1,-1,-1,8.7
5,294,87,49,51,50,41,187,77,39,305,78,61,53,63,80,4.55
4,101,57,40,305,42,79,233,83,67,160,48,69,-1,-1,-1,4.32
4,29,86,72,141,70,44,261,89,46,22,74,37,-1,-1,-1,8.97
3,125,85,41,272,55,71,238,56,56,-1,-1,-1,-1,-1,-1,8.88
4,7,73,65,12,50,49,5,58,63,10,58,34,-1,-1,-1,9.22
3,142,82,80,269,86,66,25,62,65,-1,-1,-1,-1,-1,-1,8.29
3,87,66,60,354,71,49,33,66,40,-1,-1,-1,-1,-1,-1,4.25
4,338,60,43,88,70,69,63,64,30,195,69,30,-1,-1,-1,5.02
5,107,52,60,178,41,52,249,53,36,294,84,53,241,62,70,8.8
4,50,54,62,45,84,34,42,83,31,43,73,41,-1,-1,-1,9.24
3,99,62,42,159,77,46,287,57,73,-1,-1,-1,-1,-1,-1,9.13
5,221,76,57,206,49,60,55,65,60,208,65,70,127,90,40,3.78
3,327,64,50,327,74,77,91,57,58,-1,-1,-1,-1,-1,-1,8.87
4,264,78,68,11,82,51,144,60,57,244,67,31,-1,-1,-1,4.03
4,0,62,72,105,82,63,347,41,49,97,75,50,-1,-1,-1,3.77
5,210,72,79,219,76,52,217,59,75,220,57,33,218,52,32,10.0
3,179,48,42,187,81,80,185,77,63,-1,-1,-1,-1,-1,-1,9.56
3,168,40,73,195,46,38,214,50,59,-1,-1,-1,-1,-1,-1,8.37
5,6,85,80,142,86,74,259,85,40,24,73,52,145,64,47,9.2
4,73,80,51,195,50,40,306,81,71,73,47,35,-1,-1,-1,8.65
4,3,81,44,358,87,62,355,61,39,359,65,57,-1,-1,-1,9.5
3,125,76,32,280,84,80,172,83,37,-1,-1,-1,-1,-1,-1,4.77
5,165,86,66,163,90,63,168,49,57,165,41,57,164,71,60,8.85
4,344,88,72,286,51,32,265,80,72,279,48,78,-1,-1,-1,9.29
5,170,40,36,192,46,37,225,41,45,153,85,34,161,40,76,9.62
3,248,70,78,38,74,69,330,58,40,-1,-1,-1,-1,-1,-1,4.51
3,249,73,47,9,82,42,120,90,37,-1,-1,-1,-1,-1,-1,8.85
5,281,55,56,85,81,62,136,62,57,85,71,56,60,86,78,3.53
3,269,86,73,29,74,34,151,78,42,-1,-1,-1,-1,-1,-1,9.43
4,213,46,55,100,87,79,153,62,73,104,45,61,-1,-1,-1,4.29
4,67,55,53,69,84,30,68,70,42,61,67,69,-1,-1,-1,9.24
3,214,67,74,177,81,56,160,89,44,-1,-1,-1,-1,-1,-1,8.22
4,212,71,54,212,49,71,216,49,53,216,84,69,-1,-1,-1,8.84
5,186,54,69,191,74,72,187,76,68,183,58,59,191,86,33,9.13
3,53,63,59,161,61,52,293,87,52,-1,-1,-1,-1,-1,-1,8.37
3,32,46,45,161,54,57,269,76,51,-1,-1,-1,-1,-1,-1,8.24
4,339,68,40,99,41,56,216,50,65,329,84,48,-1,-1,-1,8.23
5,80,79,47,21,48,39,49,46,47,13,80,38,62,67,65,8.19
5,195,62,60,191,75,55,191,64,54,186,81,78,192,62,70,8.63
5,80,55,67,67,83,30,147,71,65,84,61,45,333,86,34,10.0
3,298,84,61,301,49,68,304,79,61,-1,-1,-1,-1,-1,-1,9.04
3,22,76,74,42,79,33,39,49,56,-1,-1,-1,-1,-1,-1,9.03
4,50,69,63,71,62,57,68,79,60,65,78,66,-1,-1,-1,8.38
3,98,51,75,262,66,60,192,41,64,-1,-1,-1,-1,-1,-1,3.71
3,338,69,49,107,77,32,214,84,71,-1,-1,-1,-1,-1,-1,9.21
4,292,74,33,138,70,40,277,63,45,143,88,48,-1,-1,-1,3.68
5,159,70,48,113,52,79,312,47,79,64,76,77,13,69,47,5.37
4,12,89,32,3,84,78,13,73,38,5,68,46,-1,-1,-1,10.0
3,101,46,61,134,54,33,170,57,57,-1,-1,-1,-1,-1,-1,8.31
4,143,76,51,256,79,66,26,57,42,249,63,68,-1,-1,-1,8.82
3,134,70,73,94,85,53,129,88,35,-1,-1,-1,-1,-1,-1,9.78
5,136,52,52,251,44,60,8,49,73,139,71,47,253,59,50,8.69
3,319,76,59,78,48,42,206,71,74,-1,-1,-1,-1,-1,-1,8.53
5,315,40,60,312,79,66,282,53,80,315,52,75,345,58,52,8.73
3,109,72,37,117,53,55,111,69,50,-1,-1,-1,-1,-1,-1,8.95
5,135,56,42,239,55,43,207,47,64,195,49,38,95,52,77,5.48
4,235,72,40,240,84,31,239,59,53,237,88,55,-1,-1,-1,8.69
3,188,40,65,189,46,32,182,51,48,-1,-1,-1,-1,-1,-1,9.0
4,283,42,54,38,83,69,163,43,40,267,52,32,-1,-1,-1,8.44
4,225,83,44,272,70,45,235,64,64,221,59,67,-1,-1,-1,8.29
4,62,58,73,122,41,65,44,72,57,86,59,58,-1,-1,-1,8.31
4,27,70,48,32,55,54,0,59,63,342,44,79,-1,-1,-1,8.09
4,28,54,68,30,88,54,37,51,66,29,49,51,-1,-1,-1,8.96
3,236,90,32,352,87,57,122,58,32,-1,-1,-1,-1,-1,-1,8.32
5,111,88,67,161,59,32,165,87,50,145,59,69,299,85,35,9.5
5,63,78,36,61,85,79,61,54,46,69,73,70,64,57,35,9.67
5,349,65,34,344,68,39,197,61,39,235,86,76,9,68,62,9.59
3,75,70,70,69,46,57,69,77,77,-1,-1,-1,-1,-1,-1,9.38
4,195,40,56,190,43,51,197,86,59,193,89,51,-1,-1,-1,8.7
4,311,77,33,24,58,33,345,45,53,21,87,35,-1,-1,-1,8.54
4,255,79,48,31,61,75,107,52,31,244,42,36,-1,-1,-1,4.95
3,205,74,46,242,46,80,194,84,66,-1,-1,-1,-1,-1,-1,8.52
5,129,73,69,266,51,72,28,52,38,138,41,49,257,84,77,8.99
5,341,71,76,333,55,68,338,51,62,339,73,46,334,85,69,9.43
3,356,48,34,43,49,36,353,90,41,-1,-1,-1,-1,-1,-1,8.92
3,172,83,63,185,56,65,159,60,74,-1,-1,-1,-1,-1,-1,8.91
5,29,55,67,10,54,72,329,86,38,85,69,33,262,90,72,10.0
3,303,59,31,280,88,75,277,45,79,-1,-1,-1,-1,-1,-1,9.49
5,59,89,71,193,82,50,306,79,35,76,70,33,184,53,67,9.81
4,45,78,79,292,85,79,52,75,73,296,75,30,-1,-1,-1,5.04
3,38,87,43,171,64,51,291,90,62,-1,-1,-1,-1,-1,-1,8.13
5,121,68,77,161,58,69,216,40,37,167,41,50,311,84,34,10.0
3,168,79,59,102,43,71,147,44,73,-1,-1,-1,-1,-1,-1,8.67
3,203,80,73,199,47,44,200,46,44,-1,-1,-1,-1,-1,-1,8.84
4,208,67,33,342,68,73,85,44,59,220,54,67,-1,-1,-1,9.76
4,110,69,56,99,53,71,110,61,65,172,90,72,-1,-1,-1,8.96
4,136,65,70,270,61,73,356,85,41,273,45,65,-1,-1,-1,3.76
4,127,77,33,108,51,74,307,62,37,124,86,61,-1,-1,-1,9.63
4,308,73,72,306,71,30,299,45,66,303,41,51,-1,-1,-1,10.0
4,306,82,75,45,45,32,39,88,73,220,54,51,-1,-1,-1,9.7
4,70,66,73,70,87,54,63,71,32,67,68,51,-1,-1,-1,9.43
3,27,79,55,336,86,76,289,83,47,-1,-1,-1,-1,-1,-1,4.02
3,193,87,78,197,77,45,83,47,68,-1,-1,-1,-1,-1,-1,8.78
5,318,79,36,173,71,67,253,51,54,9,55,78,234,62,61,3.72
5,79,67,74,17,73,36,74,42,62,65,78,44,29,58,45,8.47
3,38,67,35,280,80,75,191,59,55,-1,-1,-1,-1,-1,-1,9.3
4,7,51,49,3,48,77,4,86,33,6,66,79,-1,-1,-1,9.86
3,8,85,71,5,54,78,3,56,62,-1,-1,-1,-1,-1,-1,8.79
5,288,85,79,175,41,76,153,55,32,177,59,35,176,53,72,9.57
5,169,84,74,131,54,58,154,40,57,139,86,46,331,47,69,3.51
4,314,40,33,294,81,63,47,85,43,290,84,61,-1,-1,-1,3.65
5,291,78,61,48,78,71,157,43,68,295,81,33,36,78,37,5.17
3,199,74,37,196,45,78,195,45,57,-1,-1,-1,-1,-1,-1,9.91
4,241,88,33,199,83,51,266,69,31,237,55,32,-1,-1,-1,8.96
3,180,53,62,102,56,51,8,85,43,-1,-1,-1,-1,-1,-1,9.16
3,251,63,40,13,72,39,115,64,43,-1,-1,-1,-1,-1,-1,8.49
3,151,57,36,266,64,68,42,80,40,-1,-1,-1,-1,-1,-1,8.23
3,208,50,54,209,65,80,208,63,30,-1,-1,-1,-1,-1,-1,10.0
5,261,56,69,99,68,58,159,74,78,94,60,74,207,54,31,4.9
3,88,90,78,82,46,45,85,89,75,-1,-1,-1,-1,-1,-1,9.21
3,107,63,47,144,72,47,148,90,61,-1,-1,-1,-1,-1,-1,8.13
3,121,65,35,24,75,76,162,82,60,-1,-1,-1,-1,-1,-1,4.66
3,286,85,60,84,60,42,280,75,61,-1,-1,-1,-1,-1,-1,3.7
3,272,60,64,269,67,77,268,75,66,-1,-1,-1,-1,-1,-1,9.28
3,198,87,40,138,65,80,249,42,64,-1,-1,-1,-1,-1,-1,4.94
5,152,54,36,255,69,67,33,75,54,135,62,48,257,40,37,3.57
4,189,59,31,162,59,71,205,60,46,182,87,39,-1,-1,-1,8.5
3,150,61,35,63,78,55,50,47,73,-1,-1,-1,-1,-1,-1,5.38
5,34,67,67,146,57,79,267,88,31,38,47,33,143,87,50,9.79
4,217,54,43,209,82,45,211,64,73,216,59,58,-1,-1,-1,8.74
4,20,87,80,311,52,71,239,64,51,340,60,35,-1,-1,-1,5.27
4,132,84,34,135,47,67,135,51,36,123,83,33,-1,-1,-1,8.69
5,180,46,75,175,64,70,201,53,37,199,82,59,238,53,49,8.63
5,116,83,36,287,44,38,61,68,33,300,71,72,248,59,34,8.7
4,137,53,35,140,64,63,144,82,54,144,49,75,-1,-1,-1,9.45
4,188,44,74,166,50,41,166,54,70,222,45,33,-1,-1,-1,9.19
3,314,60,43,70,60,42,206,71,38,-1,-1,-1,-1,-1,-1,8.57
5,100,64,38,111,83,66,344,53,49,47,49,36,218,55,39,8.96
3,290,59,68,118,56,70,96,57,53,-1,-1,-1,-1,-1,-1,8.84
4,267,56,76,275,67,34,269,83,59,192,61,52,-1,-1,-1,9.27
3,49,80,77,179,58,71,141,50,47,-1,-1,-1,-1,-1,-1,3.75
4,214,83,49,356,43,49,163,58,50,358,66,66,-1,-1,-1,3.82
5,19,54,30,50,84,65,243,58,33,95,68,51,60,49,51,4.27
5,10,88,43,13,48,78,20,50,51,15,54,38,10,82,78,10.0
3,299,85,75,295,42,40,292,63,65,-1,-1,-1,-1,-1,-1,9.07
4,205,60,71,222,72,72,218,82,42,241,40,54,-1,-1,-1,8.77
5,210,59,37,206,43,41,208,76,75,209,56,71,204,55,33,9.76
4,189,81,74,310,40,63,150,81,49,291,45,44,-1,-1,-1,4.49
5,38,79,30,41,73,46,38,42,74,40,52,80,43,69,69,9.91
5,113,53,55,126,40,55,101,41,62,126,62,47,93,62,80,8.67
5,34,63,41,160,71,72,274,68,78,30,68,73,146,53,41,9.09
3,316,44,70,291,42,69,277,45,45,-1,-1,-1,-1,-1,-1,8.18
3,331,74,78,87,89,79,212,61,70,-1,-1,-1,-1,-1,-1,8.9
4,118,41,39,227,59,46,247,56,59,59,88,32,-1,-1,-1,8.63
5,166,77,79,231,82,52,223,83,79,226,50,63,224,84,67,8.67
5,0,53,31,0,54,60,23,52,74,356,69,32,185,58,46,10.0
4,171,90,52,170,58,49,165,63,61,164,85,59,-1,-1,-1,8.88
3,145,53,40,152,69,68,84,49,74,-1,-1,-1,-1,-1,-1,8.58
3,95,84,45,95,52,79,87,48,47,-1,-1,-1,-1,-1,-1,10.0
3,266,67,30,270,61,31,271,58,54,-1,-1,-1,-1,-1,-1,9.27
3,200,90,42,212,63,76,234,83,34,-1,-1,-1,-1,-1,-1,9.55
5,120,87,47,252,83,71,131,55,41,262,54,43,301,54,67,9.04
4,159,50,73,152,52,33,259,71,31,119,42,35,-1,-1,-1,4.72
3,137,71,76,69,89,65,308,60,39,-1,-1,-1,-1,-1,-1,10.0
4,243,72,38,243,67,56,243,77,46,250,59,48,-1,-1,-1,8.88
4,234,63,61,137,49,75,164,59,69,134,51,33,-1,-1,-1,4.93
5,57,85,66,60,86,67,54,69,59,54,66,33,55,56,53,8.68
4,348,78,72,190,42,42,13,69,73,186,57,47,-1,-1,-1,9.35
3,310,88,52,75,77,35,23,54,41,-1,-1,-1,-1,-1,-1,4.0
3,69,83,31,237,52,70,26,45,30,-1,-1,-1,-1,-1,-1,5.2
3,203,47,61,146,53,74,264,56,49,-1,-1,-1,-1,-1,-1,4.33
5,316,64,48,78,54,33,202,61,36,304,77,63,71,62,53,8.54
5,56,71,41,183,55,37,299,79,78,58,61,59,176,57,36,9.35
3,78,72,50,151,54,73,148,63,63,-1,-1,-1,-1,-1,-1,8.43
3,4,82,40,297,79,41,173,76,58,-1,-1,-1,-1,-1,-1,8.46
5,287,60,30,52,43,69,169,77,30,283,62,43,55,74,48,8.27
5,42,60,71,22,74,51,3,65,48,56,64,51,348,88,72,8.66
4,233,55,38,162,84,39,118,58,44,62,40,42,-1,-1,-1,9.44
3,197,56,39,210,89,76,14,78,78,-1,-1,-1,-1,-1,-1,10.0
3,44,66,59,273,46,72,278,56,31,-1,-1,-1,-1,-1,-1,9.17
4,98,67,34,93,53,40,95,87,77,91,77,45,-1,-1,-1,10.0
5,194,65,41,64,54,57,8,50,42,223,56,33,119,64,80,4.53
3,151,49,74,262,56,57,23,69,38,-1,-1,-1,-1,-1,-1,8.85
4,63,42,39,267,82,59,156,62,63,255,64,67,-1,-1,-1,4.46
3,300,89,38,104,56,56,105,50,45,-1,-1,-1,-1,-1,-1,3.94
3,66,81,80,64,53,32,66,53,79,-1,-1,-1,-1,-1,-1,9.93
4,100,43,66,175,49,63,148,50,65,159,67,32,-1,-1,-1,8.8
5,290,89,62,61,77,63,176,56,46,295,78,55,64,86,65,8.31
4,126,60,71,22,49,61,67,79,51,139,45,73,-1,-1,-1,3.78
3,18,73,51,292,54,54,259,51,40,-1,-1,-1,-1,-1,-1,3.71
4,267,83,48,316,71,53,360,71,41,322,64,44,-1,-1,-1,4.26
5,184,44,57,205,54,65,182,82,40,173,68,54,231,45,39,8.07
4,334,56,48,331,84,62,331,41,43,333,44,71,-1,-1,-1,9.47
3,150,64,35,153,69,34,153,50,46,-1,-1,-1,-1,-1,-1,8.63
4,244,62,66,60,90,60,18,57,65,34,74,76,-1,-1,-1,9.26
5,30,49,34,156,59,64,279,51,42,39,75,50,162,51,45,8.3
5,337,75,63,338,55,76,338,42,49,338,61,47,333,61,34,8.55
5,171,70,38,164,63,45,169,87,39,164,66,56,166,71,66,9.11
5,70,50,42,125,89,76,59,61,58,360,86,31,322,53,68,4.61
4,15,66,58,66,46,51,72,54,54,50,87,63,-1,-1,-1,8.84
4,46,59,63,294,78,58,239,51,64,307,90,37,-1,-1,-1,4.33
4,278,56,47,281,77,63,279,59,61,278,64,37,-1,-1,-1,8.79
5,317,71,40,16,88,63,4,81,47,1,49,80,14,64,37,9.17
3,344,53,68,344,55,71,339,44,70,-1,-1,-1,-1,-1,-1,8.82
3,86,40,80,87,49,36,92,66,61,-1,-1,-1,-1,-1,-1,9.75
4,0,40,67,130,84,74,245,74,42,12,90,30,-1,-1,-1,9.92
4,351,81,72,338,82,49,325,67,58,315,71,32,-1,-1,-1,8.29
5,18,45,70,358,46,76,296,57,64,20,74,38,286,83,59,4.1
4,138,61,63,135,70,41,130,54,75,138,59,51,-1,-1,-1,8.86
4,170,69,68,22,81,33,123,51,72,20,81,41,-1,-1,-1,4.85
5,178,86,78,178,77,33,180,90,66,171,81,47,176,68,51,9.88
5,86,56,67,92,54,34,96,47,51,92,59,67,93,78,37,9.25
5,172,49,36,175,55,68,175,88,68,180,79,35,180,43,70,9.88
3,103,90,51,25,90,54,360,70,73,-1,-1,-1,-1,-1,-1,4.48
3,112,88,38,247,62,39,205,90,45,-1,-1,-1,-1,-1,-1,3.94
4,220,66,55,70,68,36,126,77,63,81,63,62,-1,-1,-1,3.74
5,296,67,69,257,43,51,220,63,39,252,71,54,142,44,34,3.5
5,185,66,53,308,55,36,56,42,47,184,66,49,295,48,77,8.44
3,42,81,54,91,43,75,78,89,74,-1,-1,-1,-1,-1,-1,8.27
3,36,75,46,42,85,31,357,48,67,-1,-1,-1,-1,-1,-1,8.14
5,135,76,33,129,46,67,129,86,39,127,73,62,127,56,46,9.02
3,23,70,46,210,58,31,30,72,38,-1,-1,-1,-1,-1,-1,9.4
3,279,89,36,283,74,52,262,61,38,-1,-1,-1,-1,-1,-1,8.12
4,180,90,73,229,50,47,28,67,47,151,64,77,-1,-1,-1,8.92
3,202,87,37,328,75,77,80,72,38,-1,-1,-1,-1,-1,-1,9.67
4,68,71,61,108,52,67,55,70,79,107,54,62,-1,-1,-1,8.2
4,59,51,70,179,73,33,307,52,52,58,52,46,-1,-1,-1,8.85
4,341,89,76,20,63,41,153,66,38,161,68,52,-1,-1,-1,9.38
4,9,71,76,7,71,39,14,45,72,13,71,71,-1,-1,-1,9.12
5,269,67,67,261,83,34,261,58,72,270,53,59,268,79,61,8.7
5,34,45,72,107,86,34,30,54,60,7,43,61,270,52,58,4.35
5,128,80,32,164,74,66,126,63,38,187,67,65,171,57,37,8.66
3,89,57,53,155,57,44,105,81,43,-1,-1,-1,-1,-1,-1,8.78
5,34,78,64,38,46,71,38,41,34,38,80,50,40,76,71,8.74
3,153,58,73,141,47,55,133,59,36,-1,-1,-1,-1,-1,-1,9.75
3,102,56,41,113,68,69,104,55,58,-1,-1,-1,-1,-1,-1,8.88
4,152,46,69,115,60,67,213,42,50,235,75,36,-1,-1,-1,3.99
4,156,82,32,161,42,78,163,60,64,157,74,50,-1,-1,-1,9.95
4,349,82,55,245,56,48,235,48,43,238,61,40,-1,-1,-1,4.08
3,129,84,63,8,85,67,131,53,54,-1,-1,-1,-1,-1,-1,8.04
4,276,60,58,138,74,38,20,72,55,187,82,67,-1,-1,-1,8.58
4,317,90,40,334,44,65,353,50,38,305,74,57,-1,-1,-1,8.1
5,70,51,67,227,84,67,98,89,46,231,63,43,337,90,55,8.18
3,144,79,76,149,60,56,151,90,64,-1,-1,-1,-1,-1,-1,8.89
3,61,60,72,19,49,41,41,53,54,-1,-1,-1,-1,-1,-1,8.02
3,2,65,47,0,45,48,8,74,68,-1,-1,-1,-1,-1,-1,9.22
3,15,74,39,302,86,54,5,72,68,-1,-1,-1,-1,-1,-1,8.93
5,217,59,46,238,81,47,230,67,75,179,49,46,252,40,51,8.29
5,283,78,53,257,69,41,182,76,65,243,69,62,326,48,69,3.73
4,54,56,47,47,69,60,85,77,78,19,55,80,-1,-1,-1,8.0
3,172,71,47,141,62,42,175,47,75,-1,-1,-1,-1,-1,-1,8.91
3,194,48,47,299,79,34,289,72,30,-1,-1,-1,-1,-1,-1,4.09
4,306,45,38,256,80,34,17,48,65,357,83,49,-1,-1,-1,3.6
4,309,76,77,309,89,50,305,72,37,311,53,36,-1,-1,-1,10.0
3,162,52,74,69,77,55,50,62,64,-1,-1,-1,-1,-1,-1,4.37
4,285,50,42,266,53,76,331,84,34,305,44,33,-1,-1,-1,9.39
5,299,43,51,121,82,78,168,75,37,119,69,54,222,78,63,8.53
5,275,65,34,271,76,48,276,42,55,277,45,33,278,82,57,8.95
5,256,43,72,53,79,51,225,58,61,63,46,35,230,83,60,4.02
5,280,46,74,211,70,77,296,79,71,206,72,67,288,49,52,3.71
5,60,65,48,60,64,60,59,61,35,61,68,67,58,74,79,10.0
5,154,87,79,269,68,70,32,59,35,158,53,30,284,46,37,9.04
4,46,65,63,6,74,54,313,71,66,260,66,61,-1,-1,-1,4.18
5,104,65,49,98,50,42,103,43,41,100,70,79,97,86,47,9.34
5,31,59,43,158,75,52,280,64,40,21,72,32,148,86,73,8.25
4,312,87,69,287,64,74,335,89,78,343,88,79,-1,-1,-1,8.6
5,236,83,32,183,88,53,170,85,79,223,90,49,239,54,58,9.38
3,216,68,39,223,72,34,225,55,60,-1,-1,-1,-1,-1,-1,9.36
4,164,50,66,281,79,70,326,59,71,273,42,46,-1,-1,-1,4.42
4,59,67,44,295,69,40,236,60,63,312,83,67,-1,-1,-1,8.58
4,285,72,35,285,52,76,295,65,48,285,59,79,-1,-1,-1,9.98
4,2,86,34,352,74,36,354,53,46,358,59,65,-1,-1,-1,8.54
4,247,59,42,214,68,72,108,64,45,205,57,39,-1,-1,-1,3.57
4,3,89,52,12,73,31,52,54,63,54,51,39,-1,-1,-1,8.6
5,286,43,49,284,68,35,279,48,44,285,73,53,284,69,51,9.38
3,149,88,33,150,49,59,131,44,55,-1,-1,-1,-1,-1,-1,8.88
3,316,80,61,298,55,54,288,74,46,-1,-1,-1,-1,-1,-1,8.31
3,154,51,34,157,50,34,170,55,72,-1,-1,-1,-1,-1,-1,10.0
3,350,53,42,130,81,33,250,76,31,-1,-1,-1,-1,-1,-1,8.8
5,110,89,63,111,47,42,111,49,45,101,50,30,102,75,40,8.97
4,236,48,63,189,77,44,114,89,72,189,82,67,-1,-1,-1,3.82
4,50,51,42,49,52,34,136,54,41,49,68,78,-1,-1,-1,9.95
5,287,52,39,284,53,39,237,54,70,209,49,68,288,85,46,8.43
5,192,53,53,319,69,34,74,60,47,206,82,80,323,81,30,9.72
5,167,49,61,258,61,31,121,59,66,256,44,51,344,84,70,4.18
3,213,53,76,289,68,34,278,85,65,-1,-1,-1,-1,-1,-1,10.0
5,322,66,38,293,47,57,220,82,52,236,55,48,79,81,30,8.58
5,227,49,40,226,84,62,231,63,30,227,57,60,230,72,65,8.59
4,83,51,57,221,69,30,338,64,72,86,78,50,-1,-1,-1,9.37
5,115,88,44,200,57,63,99,69,39,200,64,43,301,57,52,3.7
5,82,67,66,87,68,72,83,43,51,91,80,36,91,58,35,9.74
4,280,49,39,40,83,59,315,79,46,23,50,60,-1,-1,-1,4.06
3,197,53,73,197,86,50,193,85,73,-1,-1,-1,-1,-1,-1,8.56
5,320,80,34,327,90,46,287,84,43,68,40,41,1,60,35,3.81
4,36,80,61,142,40,39,267,50,35,27,52,78,-1,-1,-1,9.49
4,87,78,69,88,57,62,60,90,67,103,40,33,-1,-1,-1,8.03
5,331,67,37,293,64,32,342,84,77,243,45,61,262,75,31,4.71
3,290,72,74,44,65,40,181,43,50,-1,-1,-1,-1,-1,-1,8.47
3,70,75,68,66,90,71,63,62,32,-1,-1,-1,-1,-1,-1,9.65
3,123,73,31,117,82,73,321,50,54,-1,-1,-1,-1,-1,-1,4.7
3,178,70,61,120,79,31,188,58,45,-1,-1,-1,-1,-1,-1,8.14
5,139,53,48,138,59,35,134,89,41,140,50,44,132,63,70,9.47
3,273,70,55,94,40,65,105,86,57,-1,-1,-1,-1,-1,-1,9.48
5,202,90,74,326,75,31,77,75,77,198,60,40,315,59,50,9.43
4,127,82,50,109,85,31,173,50,75,117,79,35,-1,-1,-1,9.7
3,318,89,45,84,47,71,201,59,54,-1,-1,-1,-1,-1,-1,8.04
3,209,87,40,173,54,46,243,44,47,-1,-1,-1,-1,-1,-1,8.57
3,308,69,65,64,55,78,196,87,58,-1,-1,-1,-1,-1,-1,8.88
3,12,70,61,153,85,58,270,85,59,-1,-1,-1,-1,-1,-1,8.52
3,111,43,73,157,47,52,240,77,32,-1,-1,-1,-1,-1,-1,5.1
5,258,45,57,26,56,44,134,75,51,266,84,59,17,62,54,8.5
5,305,89,74,72,47,79,190,78,43,312,67,30,57,72,67,9.24
4,228,75,35,194,69,46,287,74,55,190,85,43,-1,-1,-1,4.33
5,235,58,72,247,56,38,6,84,77,242,62,75,252,53,71,8.53
4,192,73,45,305,70,47,74,69,47,199,40,52,-1,-1,-1,8.76
4,216,79,73,326,47,56,84,76,71,203,55,59,-1,-1,-1,8.25
3,329,46,55,335,49,44,338,71,30,-1,-1,-1,-1,-1,-1,9.19
4,228,86,59,38,45,33,121,57,55,47,48,43,-1,-1,-1,9.02
3,40,58,31,176,71,50,277,51,63,-1,-1,-1,-1,-1,-1,8.69
3,117,89,45,96,64,63,127,73,63,-1,-1,-1,-1,-1,-1,8.04
5,338,73,53,150,66,75,31,72,78,150,79,42,192,56,36,9.08
5,338,72,52,164,41,33,0,85,62,325,82,49,241,47,47,3.93
5,321,61,49,359,71,38,332,65,68,10,74,65,302,81,72,8.69
4,61,52,59,165,77,46,287,85,58,50,81,48,-1,-1,-1,8.01
3,153,54,60,262,44,80,19,61,64,-1,-1,-1,-1,-1,-1,8.05
3,33,46,58,76,60,53,55,58,70,-1,-1,-1,-1,-1,-1,8.93
4,62,47,49,244,66,37,264,52,69,257,59,70,-1,-1,-1,9.04
4,102,56,66,237,43,30,342,89,70,112,56,79,-1,-1,-1,9.87
4,201,53,50,317,61,50,301,72,69,316,88,46,-1,-1,-1,3.6
4,100,85,55,229,85,78,346,55,71,111,57,31,-1,-1,-1,9.09
4,326,52,47,358,71,35,300,61,50,338,73,60,-1,-1,-1,8.65
3,337,62,70,8,76,51,327,89,58,-1,-1,-1,-1,-1,-1,8.42
3,219,61,31,218,84,60,214,86,78,-1,-1,-1,-1,-1,-1,9.81
4,137,73,63,238,86,61,17,48,60,129,82,47,-1,-1,-1,8.04
3,304,87,52,306,63,57,308,79,66,-1,-1,-1,-1,-1,-1,8.65
3,38,69,67,164,44,39,211,63,73,-1,-1,-1,-1,-1,-1,8.61
4,248,87,68,354,60,79,90,49,39,34,65,30,-1,-1,-1,5.09
4,332,44,73,244,85,73,99,57,60,38,58,80,-1,-1,-1,4.39
5,194,40,42,228,41,68,266,48,36,238,63,52,147,71,62,4.22
5,200,48,77,267,88,54,32,47,66,263,43,35,117,51,58,8.08
5,1,75,51,128,72,44,258,76,47,4,55,69,134,74,56,8.69
5,252,71,56,56,62,69,347,77,41,84,43,62,227,60,71,3.64
4,327,69,53,155,79,59,355,88,34,73,72,73,-1,-1,-1,9.07
4,323,82,39,96,49,31,210,80,74,324,64,47,-1,-1,-1,9.35
3,241,89,58,245,64,70,240,63,53,-1,-1,-1,-1,-1,-1,8.73
3,97,74,43,223,60,80,345,83,45,-1,-1,-1,-1,-1,-1,9.05
5,283,40,51,264,47,74,180,61,80,214,54,53,191,50,57,4.1
3,21,82,62,234,82,68,197,58,80,-1,-1,-1,-1,-1,-1,8.77
4,318,73,36,315,59,38,315,73,35,319,68,50,-1,-1,-1,9.36
5,51,73,77,52,68,58,295,77,39,62,70,62,245,48,51,9.27
4,343,72,34,134,75,34,125,73,76,142,46,60,-1,-1,-1,5.07
5,241,79,79,349,70,68,19,72,44,256,49,78,134,77,45,9.53
5,355,83,64,3,75,61,342,85,76,36,57,39,354,50,78,8.06
4,101,80,50,94,70,76,98,50,54,94,53,80,-1,-1,-1,8.62
5,348,83,32,345,49,33,352,71,30,348,40,68,342,82,46,8.64
5,243,70,52,247,45,48,247,89,68,207,79,51,268,55,39,8.85
5,17,71,79,14,90,71,52,86,61,6,55,55,8,81,46,8.88
4,345,78,61,321,72,69,230,54,74,317,82,36,-1,-1,-1,4.1
5,134,50,74,132,67,41,127,44,37,127,50,46,135,67,38,9.23
5,201,79,73,204,67,56,206,82,55,203,84,39,198,82,68,8.97
4,302,84,75,56,85,49,176,61,31,305,61,65,-1,-1,-1,9.46
3,291,72,51,296,67,80,298,78,60,-1,-1,-1,-1,-1,-1,8.79
3,24,50,36,143,86,64,257,61,68,-1,-1,-1,-1,-1,-1,8.68
4,35,52,37,35,64,42,20,57,68,20,82,76,-1,-1,-1,10.0
3,328,47,65,170,76,32,108,74,45,-1,-1,-1,-1,-1,-1,4.47
3,9,77,67,125,46,68,252,77,58,-1,-1,-1,-1,-1,-1,8.86
4,2,59,34,125,56,47,351,43,76,133,73,72,-1,-1,-1,9.49
3,138,73,36,4,54,41,191,81,44,-1,-1,-1,-1,-1,-1,8.88
4,64,53,44,106,64,49,263,60,51,274,68,64,-1,-1,-1,3.82
3,169,52,47,233,66,61,224,57,61,-1,-1,-1,-1,-1,-1,8.51
5,174,56,41,169,71,40,168,43,77,173,74,62,169,54,43,9.38
5,44,53,42,51,51,59,54,41,40,47,55,37,51,46,44,9.16
4,152,81,32,255,90,55,16,58,54,133,88,63,-1,-1,-1,8.72
4,101,63,37,139,57,32,175,59,64,122,47,30,-1,-1,-1,8.52
5,223,81,68,10,61,60,176,50,65,18,40,74,332,46,36,4.11
5,331,64,79,79,81,40,195,77,65,315,47,44,75,82,68,8.41
5,161,79,65,170,49,44,165,90,71,166,70,60,161,70,32,8.81
5,337,51,51,169,47,30,209,77,44,231,52,50,214,71,36,3.56
5,328,70,78,44,56,71,40,68,76,343,54,59,10,86,72,8.04
5,0,70,35,61,55,69,356,64,31,232,63,37,280,79,64,10.0
5,4,73,46,123,41,60,243,87,42,11,75,34,123,61,64,8.51
3,262,44,65,24,62,38,153,61,54,-1,-1,-1,-1,-1,-1,8.13
4,39,58,72,35,74,61,35,71,36,32,68,60,-1,-1,-1,9.48
4,287,49,55,52,74,31,158,55,52,283,88,51,-1,-1,-1,8.55
5,74,75,37,173,40,56,0,40,59,178,86,42,143,56,42,9.39
3,290,58,32,287,43,48,292,89,67,-1,-1,-1,-1,-1,-1,8.57
4,322,89,74,148,89,49,204,49,77,132,65,36,-1,-1,-1,9.52
5,236,89,35,48,42,36,356,75,68,34,56,70,89,59,53,9.84
3,83,52,34,184,55,38,330,54,78,-1,-1,-1,-1,-1,-1,9.46
5,85,81,49,91,67,33,82,58,64,82,40,44,82,71,74,8.6
3,51,78,58,170,49,79,302,77,63,-1,-1,-1,-1,-1,-1,8.17
5,15,81,63,132,62,41,266,80,47,17,52,47,145,48,70,8.6
5,68,45,40,64,64,61,82,59,47,62,76,77,100,67,34,9.18
5,359,62,73,0,46,57,10,41,63,35,80,37,34,41,49,8.75
5,132,82,39,126,66,74,58,61,62,274,40,44,202,60,43,3.91
3,274,46,43,283,48,46,291,46,69,-1,-1,-1,-1,-1,-1,8.74
5,73,79,56,78,66,77,79,57,41,69,48,67,76,74,70,8.99
5,108,78,75,76,78,56,353,68,66,15,76,72,224,87,34,8.08
3,215,85,36,140,54,70,175,61,34,-1,-1,-1,-1,-1,-1,9.24
4,86,50,69,107,71,65,65,41,55,84,41,35,-1,-1,-1,8.72
3,84,67,38,89,82,33,87,62,48,-1,-1,-1,-1,-1,-1,8.75
4,268,45,80,267,61,57,250,52,79,275,86,39,-1,-1,-1,9.43
4,221,88,35,277,55,75,223,60,53,262,68,52,-1,-1,-1,8.43
4,349,62,46,102,82,56,214,65,37,348,67,30,-1,-1,-1,8.78
3,172,74,80,165,64,67,172,52,61,-1,-1,-1,-1,-1,-1,9.03
5,79,85,68,38,45,52,93,60,79,46,77,46,339,70,61,4.05
5,186,62,35,180,44,42,181,76,53,188,79,77,181,54,65,9.52
3,326,82,34,277,57,41,233,88,52,-1,-1,-1,-1,-1,-1,4.09
4,240,48,78,17,47,63,56,86,48,22,56,30,-1,-1,-1,9.51
3,166,90,69,123,55,30,91,75,58,-1,-1,-1,-1,-1,-1,9.93
4,136,51,52,138,78,56,136,81,79,139,59,34,-1,-1,-1,10.0
3,222,68,46,217,40,30,265,49,72,-1,-1,-1,-1,-1,-1,9.13
4,319,47,41,267,47,65,209,46,58,282,53,58,-1,-1,-1,3.68
4,325,47,40,310,60,40,324,46,79,318,64,49,-1,-1,-1,10.0
4,353,87,58,261,90,31,331,67,75,223,79,40,-1,-1,-1,5.39
5,108,45,38,106,81,41,103,52,51,106,70,42,110,66,33,9.06
4,78,64,78,58,77,39,45,59,66,57,57,58,-1,-1,-1,8.41
3,36,55,48,53,78,57,324,59,47,-1,-1,-1,-1,-1,-1,8.27
5,137,62,45,127,58,59,128,40,59,135,80,56,137,73,39,9.0
4,230,75,43,176,88,35,210,57,40,115,70,35,-1,-1,-1,4.24
5,24,66,65,143,84,37,260,68,71,21,49,72,154,49,32,9.97
4,244,58,30,249,87,71,244,70,57,251,82,35,-1,-1,-1,10.0
3,304,69,43,306,53,78,311,87,39,-1,-1,-1,-1,-1,-1,10.0
5,156,48,78,156,72,77,149,44,35,156,40,60,151,63,70,9.61
4,99,54,67,297,81,43,233,88,48,303,57,65,-1,-1,-1,4.39
3,40,40,39,19,79,44,34,57,74,-1,-1,-1,-1,-1,-1,9.32
5,109,89,30,120,41,80,190,87,62,346,41,74,113,49,74,9.41
3,282,89,61,101,45,52,5,88,36,-1,-1,-1,-1,-1,-1,9.21
5,76,63,57,203,86,65,323,45,32,83,43,58,188,76,57,8.42
4,151,90,55,108,65,57,85,68,79,120,47,44,-1,-1,-1,8.48
3,90,77,54,26,49,44,81,66,59,-1,-1,-1,-1,-1,-1,8.69
4,359,63,32,317,71,68,350,89,66,314,86,44,-1,-1,-1,9.17
5,320,45,30,79,84,48,211,52,67,332,69,63,84,57,66,8.0
3,190,63,42,4,42,63,183,80,77,-1,-1,-1,-1,-1,-1,8.85
4,206,41,35,217,51,51,147,64,40,199,71,52,-1,-1,-1,8.01
4,145,43,51,149,63,79,151,70,53,146,73,55,-1,-1,-1,8.96
4,326,58,71,190,62,40,212,85,69,271,62,33,-1,-1,-1,5.17
5,17,64,37,297,71,62,238,40,31,313,82,32,283,59,35,3.51
3,232,89,60,48,56,59,153,76,63,-1,-1,-1,-1,-1,-1,9.12
5,4,75,46,135,52,54,242,74,54,18,53,75,136,90,70,8.26
4,50,46,49,46,65,71,39,71,78,16,66,65,-1,-1,-1,8.92
5,180,51,63,153,83,66,152,67,39,147,74,71,81,68,63,4.19
5,60,52,71,175,52,63,292,83,72,56,43,76,171,46,73,8.29
3,41,56,68,27,75,51,343,42,64,-1,-1,-1,-1,-1,-1,8.66
3,304,77,65,242,81,73,201,72,79,-1,-1,-1,-1,-1,-1,4.21
3,263,41,73,258,55,48,184,67,39,-1,-1,-1,-1,-1,-1,8.46
4,354,60,39,119,90,52,242,61,76,347,75,59,-1,-1,-1,8.8
3,258,43,39,320,68,67,257,78,52,-1,-1,-1,-1,-1,-1,8.21
4,261,83,32,77,60,45,137,89,66,78,65,62,-1,-1,-1,8.75
5,269,50,50,271,52,66,269,74,36,267,59,51,273,50,41,9.29
5,8,88,42,154,41,39,295,59,66,154,43,57,190,90,34,4.5
4,216,71,54,314,80,80,5,45,49,300,88,38,-1,-1,-1,4.89
3,272,68,38,237,79,77,107,51,36,-1,-1,-1,-1,-1,-1,9.27
3,217,85,41,217,89,58,208,43,31,-1,-1,-1,-1,-1,-1,8.77
3,157,81,62,156,47,46,317,89,63,-1,-1,-1,-1,-1,-1,4.19
3,102,70,62,106,83,68,107,44,56,-1,-1,-1,-1,-1,-1,9.19
3,271,73,63,40,79,73,145,41,77,-1,-1,-1,-1,-1,-1,8.77
3,128,53,65,119,73,53,136,70,69,-1,-1,-1,-1,-1,-1,8.56
5,145,60,51,148,81,62,145,73,43,146,63,43,141,82,80,8.75
5,226,84,34,230,77,69,231,86,72,233,82,62,231,54,71,9.31
5,299,50,44,285,65,62,264,82,66,262,65,71,327,60,47,8.98
3,117,63,47,64,40,42,139,72,48,-1,-1,-1,-1,-1,-1,8.48
5,25,54,68,185,60,72,350,85,49,228,83,60,65,67,43,8.28
5,180,58,45,284,44,35,61,84,49,174,80,54,290,64,76,8.68
5,217,45,42,335,75,80,95,64,59,200,86,45,337,90,36,9.74
4,89,40,65,333,73,68,239,51,56,75,65,40,-1,-1,-1,3.69
3,30,68,74,163,60,61,271,52,75,-1,-1,-1,-1,-1,-1,8.54
5,1,59,43,5,55,38,74,79,73,12,49,40,248,47,53,8.75
3,149,44,70,141,61,69,91,45,74,-1,-1,-1,-1,-1,-1,8.4
4,301,61,80,151,79,31,117,90,56,152,76,30,-1,-1,-1,10.0
3,55,70,55,92,69,76,85,73,60,-1,-1,-1,-1,-1,-1,8.81
4,310,48,43,340,74,54,318,43,50,319,45,66,-1,-1,-1,8.08
5,39,83,60,40,69,80,40,41,41,31,49,43,33,54,48,9.4
4,12,50,70,120,56,49,241,75,46,0,53,51,-1,-1,-1,8.24
5,263,53,51,262,64,31,261,51,53,257,88,50,262,79,42,8.74
4,292,75,66,354,86,63,305,70,61,301,68,44,-1,-1,-1,8.15
4,96,71,66,98,52,52,95,82,52,91,65,80,-1,-1,-1,9.15
4,48,41,48,113,77,76,77,57,67,63,75,60,-1,-1,-1,8.77
5,42,54,79,196,63,75,35,88,70,200,77,51,287,70,32,4.55
3,72,44,30,30,42,43,355,56,53,-1,-1,-1,-1,-1,-1,8.51
5,4,72,68,153,48,49,16,48,71,281,58,40,34,74,62,8.34
5,196,52,77,70,44,48,303,70,80,66,50,31,108,53,33,9.67
5,27,43,51,291,71,79,84,48,71,289,78,76,67,60,66,4.19
4,214,47,43,214,82,80,293,45,64,212,73,36,-1,-1,-1,9.31
4,12,58,78,15,64,78,19,44,48,19,58,55,-1,-1,-1,8.66
4,1,50,46,2,84,40,195,77,41,8,42,36,-1,-1,-1,8.76
4,299,55,41,299,77,66,299,59,31,291,62,53,-1,-1,-1,8.9
5,34,54,57,78,74,57,65,57,59,333,82,73,206,88,73,8.86
4,208,79,62,228,58,64,41,60,52,226,75,35,-1,-1,-1,8.62
3,312,73,50,68,79,62,192,78,35,-1,-1,-1,-1,-1,-1,8.11
4,142,47,40,261,58,44,12,69,64,144,90,47,-1,-1,-1,8.63
4,271,40,38,278,80,72,270,59,70,280,57,78,-1,-1,-1,10.0
3,142,66,38,125,58,53,165,89,46,-1,-1,-1,-1,-1,-1,8.15
3,200,79,74,321,60,46,81,82,44,-1,-1,-1,-1,-1,-1,8.99
3,48,79,42,131,71,65,81,70,80,-1,-1,-1,-1,-1,-1,9.64
5,63,76,64,64,80,45,63,80,60,63,60,59,65,73,68,9.48
3,333,42,55,243,78,39,235,48,52,-1,-1,-1,-1,-1,-1,4.08
5,34,76,39,75,88,74,28,55,67,6,76,42,14,83,31,9.9
4,140,50,63,178,55,43,145,82,52,160,71,56,-1,-1,-1,8.87
3,345,53,79,342,90,73,337,51,62,-1,-1,-1,-1,-1,-1,8.68
4,97,50,33,167,55,77,249,50,62,315,49,35,-1,-1,-1,4.98
4,130,47,34,235,61,43,0,87,55,134,56,38,-1,-1,-1,8.15
4,62,70,79,59,81,71,61,59,54,67,78,62,-1,-1,-1,9.49
5,79,73,53,343,71,45,263,67,50,316,57,30,15,64,52,9.4
5,112,74,60,0,57,68,147,41,66,9,71,56,262,58,69,8.26
5,210,48,51,182,55,74,102,84,58,118,50,34,46,75,32,5.16
3,141,85,70,246,89,55,17,62,80,-1,-1,-1,-1,-1,-1,8.01
3,165,70,68,236,74,53,165,48,34,-1,-1,-1,-1,-1,-1,8.91
4,292,73,47,180,67,48,148,56,54,181,43,66,-1,-1,-1,8.09
3,201,78,46,222,48,61,219,50,73,-1,-1,-1,-1,-1,-1,8.82
4,356,56,55,289,79,35,312,42,60,358,59,66,-1,-1,-1,8.55
3,131,46,31,125,49,48,127,83,69,-1,-1,-1,-1,-1,-1,9.71
5,74,47,36,322,47,46,298,87,71,335,69,45,110,44,61,8.95
5,201,89,65,196,53,36,199,40,39,194,53,38,196,84,71,9.65
4,277,89,72,262,41,61,234,60,38,267,66,55,-1,-1,-1,8.05
3,310,69,49,324,65,37,80,73,40,-1,-1,-1,-1,-1,-1,8.8
5,260,72,47,347,85,40,33,69,39,73,66,64,144,87,75,8.55
3,161,50,36,165,82,58,159,48,76,-1,-1,-1,-1,-1,-1,9.8
3,307,52,36,273,79,44,66,80,37,-1,-1,-1,-1,-1,-1,8.99
3,300,85,60,322,81,75,337,40,64,-1,-1,-1,-1,-1,-1,8.11
3,340,42,57,345,73,72,338,76,53,-1,-1,-1,-1,-1,-1,8.7
4,290,68,41,223,82,45,222,44,53,206,72,78,-1,-1,-1,8.35
3,243,83,66,336,63,60,199,77,64,-1,-1,-1,-1,-1,-1,4.04
5,222,42,32,78,50,42,254,48,31,82,58,54,154,71,41,8.61
4,287,68,71,70,73,57,217,84,57,71,71,64,-1,-1,-1,3.6
4,208,83,41,89,62,45,295,70,75,89,59,49,-1,-1,-1,8.48
5,215,49,48,265,83,74,254,45,63,250,77,30,244,55,34,9.99
4,290,48,42,288,46,59,289,82,77,284,82,73,-1,-1,-1,9.16
4,283,45,68,45,81,40,162,46,70,269,87,47,-1,-1,-1,8.82
5,200,90,55,200,58,35,191,61,34,199,81,56,198,65,44,8.85
4,335,81,64,303,61,71,300,77,80,275,88,77,-1,-1,-1,8.47
5,208,81,57,233,42,61,257,53,40,279,67,45,264,87,40,8.68
4,231,86,45,341,84,40,49,58,36,334,51,79,-1,-1,-1,10.0
4,64,41,45,70,66,36,62,75,50,61,65,58,-1,-1,-1,9.34
4,92,68,41,136,72,35,94,81,31,116,81,55,-1,-1,-1,8.95
5,134,59,68,127,49,78,127,58,79,134,79,39,136,46,76,9.96
3,77,53,43,210,42,64,316,64,70,-1,-1,-1,-1,-1,-1,8.98
5,149,75,72,254,43,33,14,43,32,142,83,70,273,71,63,9.76
5,136,57,72,131,72,52,136,68,73,132,89,71,127,82,37,8.86
5,257,55,66,275,82,43,323,41,71,332,53,61,256,70,66,8.09
3,36,82,80,34,53,63,41,72,47,-1,-1,-1,-1,-1,-1,8.76
5,189,53,34,297,76,66,70,41,52,185,68,65,316,82,39,8.69
5,289,83,36,286,47,36,291,56,65,293,80,31,287,81,73,10.0
4,149,63,79,143,66,62,147,87,33,144,44,36,-1,-1,-1,10.0
3,34,53,54,348,59,39,9,58,52,-1,-1,-1,-1,-1,-1,8.05
5,222,50,32,9,43,49,42,65,54,43,46,51,131,65,75,4.35
4,213,87,49,201,53,53,224,56,59,186,88,40,-1,-1,-1,8.69
4,144,60,42,209,60,37,188,77,77,193,40,76,-1,-1,-1,9.39
5,224,40,41,341,46,71,149,52,64,340,52,70,352,66,71,8.23
4,97,56,47,149,87,71,288,75,73,228,40,33,-1,-1,-1,5.18
3,59,90,75,100,44,37,117,71,61,-1,-1,-1,-1,-1,-1,9.56
5,306,55,74,25,47,70,14,79,69,164,72,50,260,57,63,3.82
3,199,41,65,193,85,64,173,58,54,-1,-1,-1,-1,-1,-1,8.1
3,262,47,45,243,74,33,218,60,43,-1,-1,-1,-1,-1,-1,8.08
4,59,84,51,172,76,39,283,68,60,57,41,50,-1,-1,-1,8.73
3,167,52,73,345,87,40,197,69,34,-1,-1,-1,-1,-1,-1,9.93
5,27,81,79,347,50,52,18,74,30,48,61,31,15,87,71,9.82
3,210,40,70,329,67,65,96,51,40,-1,-1,-1,-1,-1,-1,8.2
3,302,54,44,329,49,59,319,89,69,-1,-1,-1,-1,-1,-1,8.25
3,108,84,77,126,45,51,132,85,53,-1,-1,-1,-1,-1,-1,8.05
4,308,90,76,310,46,45,308,72,80,306,69,50,-1,-1,-1,9.99
5,286,47,30,44,45,38,165,89,39,293,86,34,35,42,59,8.79
5,311,65,59,90,68,67,309,61,69,85,82,50,292,43,41,3.93
3,221,50,38,195,43,36,170,71,42,-1,-1,-1,-1,-1,-1,8.95
5,291,60,53,291,72,77,296,53,63,296,47,39,288,55,45,9.06
3,226,49,36,257,54,59,288,63,70,-1,-1,-1,-1,-1,-1,8.17
3,162,84,59,284,57,77,35,46,30,-1,-1,-1,-1,-1,-1,9.45
3,96,71,32,211,50,53,308,47,36,-1,-1,-1,-1,-1,-1,8.39
5,247,58,55,298,78,32,318,73,42,290,51,63,143,47,55,9.0
4,261,68,31,230,64,78,257,62,75,282,89,59,-1,-1,-1,9.03
3,230,43,54,103,45,80,306,89,50,-1,-1,-1,-1,-1,-1,8.51
4,292,63,58,279,42,70,115,53,48,310,74,33,-1,-1,-1,4.17
4,293,50,32,50,51,64,163,50,37,299,73,56,-1,-1,-1,8.21
5,274,43,66,181,85,52,136,69,76,166,83,64,173,70,31,4.77
5,209,63,36,166,54,49,137,48,60,155,89,77,163,87,71,8.57
3,190,43,50,306,83,58,68,79,40,-1,-1,-1,-1,-1,-1,8.37
4,208,67,75,167,50,42,177,75,66,151,64,32,-1,-1,-1,9.09
3,53,82,56,63,41,45,56,79,37,-1,-1,-1,-1,-1,-1,9.46
4,188,49,72,194,65,55,205,76,75,203,68,56,-1,-1,-1,8.61
4,173,53,63,169,66,53,174,77,79,173,76,62,-1,-1,-1,9.13
4,258,57,68,267,58,44,233,74,62,270,81,54,-1,-1,-1,8.18
4,322,85,79,237,40,49,111,89,37,78,45,36,-1,-1,-1,9.38
3,222,89,72,323,70,51,11,83,52,-1,-1,-1,-1,-1,-1,4.22
3,282,51,62,291,59,43,287,41,42,-1,-1,-1,-1,-1,-1,8.62
3,264,81,45,19,41,61,154,68,38,-1,-1,-1,-1,-1,-1,8.63
3,232,87,48,228,61,64,233,90,45,-1,-1,-1,-1,-1,-1,8.53
5,190,40,80,52,88,55,296,56,56,206,85,78,331,66,30,4.58
4,63,82,31,65,79,43,69,42,59,70,43,76,-1,-1,-1,10.0
5,83,77,46,29,82,53,38,88,33,57,41,48,58,48,35,8.25
3,182,54,68,240,70,42,310,70,75,-1,-1,-1,-1,-1,-1,4.32
5,247,85,65,175,42,75,67,61,47,165,50,75,197,60,44,9.09
4,0,64,46,168,42,59,302,76,33,162,50,51,-1,-1,-1,3.5
4,60,43,75,57,45,40,65,75,44,61,86,40,-1,-1,-1,9.24
4,1,45,61,107,42,58,120,53,46,135,43,57,-1,-1,-1,4.45
5,344,86,35,86,80,69,231,51,77,279,67,57,236,77,32,4.88
4,72,76,79,76,87,51,73,71,69,72,69,68,-1,-1,-1,9.16
5,173,74,62,135,67,63,249,52,57,146,65,61,210,57,72,4.34
3,260,77,77,12,59,55,296,71,65,-1,-1,-1,-1,-1,-1,4.11
3,269,57,80,25,62,46,306,67,66,-1,-1,-1,-1,-1,-1,4.5
5,47,62,49,71,69,33,76,65,37,83,88,70,30,87,75,9.01
3,333,87,73,331,54,48,330,59,72,-1,-1,-1,-1,-1,-1,8.79
4,223,40,51,336,49,47,97,63,49,227,43,57,-1,-1,-1,8.27
5,66,68,67,308,67,35,256,51,32,309,56,39,196,81,39,8.65
5,325,52,75,300,64,60,296,71,42,344,65,53,312,72,42,8.92
3,317,56,77,7,49,59,283,45,47,-1,-1,-1,-1,-1,-1,8.74
5,19,42,49,138,67,73,266,77,60,21,47,36,150,42,47,8.43
5,105,60,66,101,61,38,103,44,72,104,73,46,99,64,66,9.26
3,96,58,64,39,65,52,36,79,77,-1,-1,-1,-1,-1,-1,8.25
3,338,71,75,336,56,58,331,78,39,-1,-1,-1,-1,-1,-1,9.17
3,223,56,54,21,48,56,283,71,68,-1,-1,-1,-1,-1,-1,3.64
3,345,81,44,104,48,66,235,85,55,-1,-1,-1,-1,-1,-1,8.56
3,14,90,77,117,80,42,253,55,72,-1,-1,-1,-1,-1,-1,9.79
4,280,41,46,325,57,73,300,67,39,278,49,64,-1,-1,-1,8.97
3,66,70,50,16,48,68,58,46,54,-1,-1,-1,-1,-1,-1,8.45
3,206,58,39,301,75,77,80,48,79,-1,-1,-1,-1,-1,-1,9.35
3,282,65,73,48,44,56,164,66,47,-1,-1,-1,-1,-1,-1,8.49
5,23,55,49,151,61,74,85,64,79,151,69,49,183,87,77,4.02
4,210,69,64,312,48,64,86,58,54,209,44,74,-1,-1,-1,8.65
5,139,64,33,250,46,39,9,83,38,123,79,70,249,61,38,8.61
3,256,68,62,233,61,32,293,64,45,-1,-1,-1,-1,-1,-1,8.42
5,125,41,57,61,50,57,190,52,80,271,44,47,191,73,52,4.32
3,333,67,34,99,81,61,207,79,59,-1,-1,-1,-1,-1,-1,8.93
3,346,78,49,338,60,63,341,69,79,-1,-1,-1,-1,-1,-1,9.31
5,164,41,64,102,52,34,265,63,58,261,52,61,71,44,33,4.41
5,267,57,64,27,63,30,154,49,44,273,77,47,26,86,54,8.54
5,8,53,57,309,40,49,189,68,53,255,40,52,334,44,40,9.13
4,45,64,59,43,53,58,44,63,45,39,44,30,-1,-1,-1,8.87
5,183,75,64,184,62,55,248,68,45,211,57,36,222,83,30,8.4
3,85,49,32,78,74,50,82,59,40,-1,-1,-1,-1,-1,-1,9.28
3,157,46,72,152,52,41,154,87,70,-1,-1,-1,-1,-1,-1,8.87
3,27,74,71,219,71,52,277,83,45,-1,-1,-1,-1,-1,-1,8.51
4,55,78,34,70,65,32,306,58,72,331,72,33,-1,-1,-1,4.71
5,116,67,68,112,60,31,112,83,57,116,44,45,111,46,60,8.66
3,333,58,50,291,45,43,172,54,79,-1,-1,-1,-1,-1,-1,9.93
3,228,64,54,266,55,70,144,81,68,-1,-1,-1,-1,-1,-1,3.52
5,72,70,32,89,43,67,126,81,42,23,60,38,124,68,79,5.49
5,309,70,37,273,71,45,291,79,61,269,53,77,278,46,67,8.07
3,20,85,69,140,46,49,265,55,74,-1,-1,-1,-1,-1,-1,8.2
3,219,80,63,158,53,65,223,61,68,-1,-1,-1,-1,-1,-1,8.44
3,297,81,56,296,52,70,295,50,35,-1,-1,-1,-1,-1,-1,8.52
3,212,45,47,219,46,52,220,62,34,-1,-1,-1,-1,-1,-1,9.37
3,126,46,41,241,48,40,352,79,33,-1,-1,-1,-1,-1,-1,8.78
5,55,69,51,63,52,34,54,41,69,60,62,30,58,85,49,8.79
3,321,44,72,81,47,66,190,59,38,-1,-1,-1,-1,-1,-1,8.25
3,293,80,61,57,84,75,177,85,69,-1,-1,-1,-1,-1,-1,8.3
5,206,82,31,249,40,63,6,88,31,113,78,49,282,41,78,4.79
3,110,50,76,103,66,54,106,64,70,-1,-1,-1,-1,-1,-1,9.33
3,192,63,53,193,79,32,189,60,55,-1,-1,-1,-1,-1,-1,8.85
3,104,64,52,233,71,58,351,42,72,-1,-1,-1,-1,-1,-1,8.99
5,26,73,66,27,55,52,42,72,52,108,45,52,203,69,53,9.34
4,355,80,72,110,51,53,241,50,61,353,52,47,-1,-1,-1,8.12
3,332,74,44,327,81,37,327,72,47,-1,-1,-1,-1,-1,-1,8.81
3,110,90,80,228,61,42,347,50,63,-1,-1,-1,-1,-1,-1,9.36
3,274,90,78,17,72,57,149,90,56,-1,-1,-1,-1,-1,-1,8.75
3,80,53,66,69,89,57,75,69,35,-1,-1,-1,-1,-1,-1,8.83
3,143,88,45,291,50,40,8,47,40,-1,-1,-1,-1,-1,-1,3.86
3,234,57,33,229,44,48,228,80,44,-1,-1,-1,-1,-1,-1,9.36
3,258,69,32,269,66,64,1,75,78,-1,-1,-1,-1,-1,-1,5.48
5,69,67,60,69,54,80,74,43,35,70,51,75,71,62,31,10.0
5,151,52,34,157,71,76,157,63,75,153,43,36,150,78,53,10.0
5,355,88,42,1,87,69,353,81,72,352,73,51,351,46,52,9.37
5,141,71,49,310,40,40,33,76,30,178,76,51,210,75,46,4.01
4,207,60,73,14,85,62,209,62,46,228,74,66,-1,-1,-1,3.62
5,274,84,76,269,47,35,270,86,63,264,40,73,266,81,72,9.52
5,66,65,60,174,80,55,296,85,65,68,78,63,190,49,30,8.22
3,165,77,62,6,88,30,73,72,53,-1,-1,-1,-1,-1,-1,3.5
4,48,78,55,279,79,37,349,71,40,274,59,73,-1,-1,-1,4.01
5,219,78,40,58,71,78,236,76,46,60,75,63,221,69,61,8.78
3,144,85,49,147,58,42,137,48,51,-1,-1,-1,-1,-1,-1,9.11
3,255,90,38,2,83,45,142,55,57,-1,-1,-1,-1,-1,-1,8.79
3,223,62,48,330,52,53,97,45,60,-1,-1,-1,-1,-1,-1,8.99
4,277,41,47,276,76,31,275,72,54,272,55,56,-1,-1,-1,8.88
5,295,83,46,297,69,48,297,74,73,295,48,46,293,68,53,8.88
5,11,61,80,11,66,57,213,76,36,11,80,77,245,51,74,9.53
5,18,40,67,311,64,52,24,85,79,333,58,40,226,62,80,5.29
3,254,79,67,21,67,48,134,73,46,-1,-1,-1,-1,-1,-1,8.32
5,292,72,55,270,65,34,299,71,49,287,46,32,336,59,73,9.79
4,304,71,53,242,76,54,255,87,65,289,56,43,-1,-1,-1,8.3
4,324,70,57,328,62,62,329,74,47,0,56,48,-1,-1,-1,8.08
5,350,78,40,192,77,49,95,63,63,199,71,33,319,88,71,8.73
5,336,78,60,103,86,59,217,90,38,333,54,43,87,87,60,8.99
5,212,58,54,208,70,49,202,89,73,212,71,68,204,56,41,8.64
4,82,55,42,206,79,49,321,57,44,76,52,79,-1,-1,-1,8.0
4,343,89,67,97,53,36,234,62,78,347,49,79,-1,-1,-1,9.88
5,109,87,54,241,53,44,345,66,79,124,46,53,225,85,54,8.83
3,99,84,51,220,45,60,341,47,36,-1,-1,-1,-1,-1,-1,8.2
4,140,82,49,354,42,43,20,40,48,346,55,66,-1,-1,-1,8.28
5,109,86,66,110,75,31,111,50,80,108,57,32,104,59,38,10.0
4,110,40,37,115,40,79,118,62,76,116,68,48,-1,-1,-1,10.0
4,167,75,35,164,46,73,165,48,56,167,86,40,-1,-1,-1,8.93
3,154,50,78,148,41,30,149,44,70,-1,-1,-1,-1,-1,-1,9.6
4,50,63,76,123,69,65,17,58,36,125,42,79,-1,-1,-1,4.96
4,313,60,51,99,43,60,62,82,53,100,80,79,-1,-1,-1,3.58
5,90,88,78,95,74,72,92,56,71,91,73,59,91,63,63,8.52
4,100,45,50,351,88,44,182,52,71,339,44,57,-1,-1,-1,3.84
3,36,44,31,70,60,67,21,46,43,-1,-1,-1,-1,-1,-1,8.75
5,28,77,36,247,70,51,121,40,68,238,59,76,82,47,46,8.16
5,284,50,69,42,82,54,158,52,46,282,63,72,55,57,38,8.21
5,14,51,41,1,49,41,352,82,48,308,88,76,13,63,68,8.86
4,260,61,46,16,66,66,141,73,33,249,64,38,-1,-1,-1,8.58
4,252,60,74,245,84,32,254,45,51,251,83,65,-1,-1,-1,9.88
5,281,58,68,47,87,53,159,54,63,272,72,48,44,52,53,8.43
3,4,73,78,324,74,74,347,63,77,-1,-1,-1,-1,-1,-1,8.66
3,99,42,32,261,54,42,242,88,53,-1,-1,-1,-1,-1,-1,3.52
3,355,83,61,23,79,60,334,63,39,-1,-1,-1,-1,-1,-1,8.88
4,24,76,59,143,68,60,259,63,66,13,59,52,-1,-1,-1,8.39
4,103,59,73,145,44,68,107,70,67,221,41,45,-1,-1,-1,3.56
5,159,84,54,284,82,68,30,41,41,156,45,75,283,48,46,8.83
5,58,43,54,52,68,42,56,61,71,52,81,63,59,42,33,8.53
5,18,40,69,38,53,45,4,46,37,66,50,59,61,66,61,8.65
5,339,43,53,303,74,42,6,74,46,236,85,69,68,80,57,4.43
3,36,74,36,38,89,56,43,72,68,-1,-1,-1,-1,-1,-1,9.11
5,83,53,54,194,71,47,313,40,78,71,57,76,187,82,76,8.81
3,349,65,70,311,49,55,345,66,34,-1,-1,-1,-1,-1,-1,8.92
3,141,78,54,316,74,55,145,58,80,-1,-1,-1,-1,-1,-1,8.78
4,102,44,58,13,77,68,202,83,80,15,40,49,-1,-1,-1,8.57
4,269,87,72,232,57,71,272,70,39,290,70,80,-1,-1,-1,9.24
5,79,41,58,218,86,50,65,42,73,231,85,37,171,85,47,3.72
4,257,85,51,16,43,51,130,61,41,255,75,69,-1,-1,-1,8.67
3,105,70,61,48,49,72,319,53,60,-1,-1,-1,-1,-1,-1,4.0
4,148,60,47,317,50,41,194,80,50,190,64,35,-1,-1,-1,8.03
5,194,70,46,81,68,44,97,52,71,86,81,50,262,72,60,8.73
5,202,60,57,154,51,34,224,84,67,159,68,61,162,47,80,9.29
5,267,41,72,27,76,74,139,85,33,100,52,67,173,46,42,9.3
4,245,82,50,6,71,69,113,46,52,240,73,46,-1,-1,-1,8.28
5,208,86,76,211,52,52,205,80,30,206,57,36,207,44,30,9.8
5,96,60,77,104,66,32,106,58,33,96,76,36,102,89,49,10.0
3,1,61,68,0,69,45,358,49,66,-1,-1,-1,-1,-1,-1,9.15
4,101,44,45,87,70,42,208,56,74,87,82,34,-1,-1,-1,4.7
3,30,81,69,26,41,31,68,51,68,-1,-1,-1,-1,-1,-1,9.41
3,110,59,41,168,60,33,114,44,32,-1,-1,-1,-1,-1,-1,8.99
5,277,88,47,274,70,32,270,52,58,278,47,72,273,90,57,9.48
3,87,49,44,83,86,71,78,75,66,-1,-1,-1,-1,-1,-1,8.95
3,10,50,50,86,89,68,23,77,54,-1,-1,-1,-1,-1,-1,8.81
5,270,53,48,160,43,32,29,69,67,263,44,38,232,58,63,8.27
5,108,47,78,125,84,72,66,51,80,28,68,36,148,49,79,5.13
3,157,58,71,157,49,33,234,75,53,-1,-1,-1,-1,-1,-1,9.93
5,36,53,60,181,87,63,96,52,47,211,58,80,61,50,71,8.93
4,286,74,61,285,58,57,81,82,61,175,41,53,-1,-1,-1,8.97
3,211,65,76,224,58,36,175,71,76,-1,-1,-1,-1,-1,-1,9.95
5,290,61,71,37,41,60,155,67,54,292,52,80,35,61,53,8.46
5,303,70,32,76,85,71,182,63,45,300,78,63,61,73,53,8.5
3,32,76,36,91,70,32,91,73,47,-1,-1,-1,-1,-1,-1,8.52
4,214,41,39,210,87,65,209,71,31,215,52,41,-1,-1,-1,9.23
5,244,68,69,4,56,74,132,81,74,243,78,56,12,62,62,8.87
5,219,59,64,309,43,41,169,62,67,8,54,73,352,60,73,4.49
3,300,77,69,322,46,60,340,55,48,-1,-1,-1,-1,-1,-1,8.68
4,298,54,54,249,60,53,176,59,42,25,66,41,-1,-1,-1,4.17
3,64,74,64,257,87,40,13,54,52,-1,-1,-1,-1,-1,-1,8.89
3,86,46,53,277,44,66,126,78,52,-1,-1,-1,-1,-1,-1,3.65
3,253,54,37,155,43,74,73,50,51,-1,-1,-1,-1,-1,-1,10.0
5,346,72,56,28,85,62,273,51,80,26,80,44,215,53,37,8.79
5,192,44,33,155,62,33,162,90,31,178,45,57,168,77,66,8.04
3,70,65,76,190,45,42,322,67,72,-1,-1,-1,-1,-1,-1,9.79
4,247,84,39,258,46,71,296,66,38,306,77,36,-1,-1,-1,8.67
5,337,60,31,171,57,77,275,78,68,54,63,44,12,49,72,9.37
3,88,41,49,336,57,40,3,73,74,-1,-1,-1,-1,-1,-1,4.45
5,90,55,76,128,58,50,128,66,44,91,84,41,125,86,34,8.69
4,25,73,77,33,47,65,24,90,31,32,57,80,-1,-1,-1,9.62
4,267,60,73,272,44,44,265,61,58,268,89,66,-1,-1,-1,9.16
3,87,66,47,100,61,57,316,56,52,-1,-1,-1,-1,-1,-1,3.77
4,91,69,43,145,43,54,0,51,43,137,68,32,-1,-1,-1,4.37
4,208,72,80,330,42,57,93,76,63,200,49,72,-1,-1,-1,8.39
3,311,64,50,55,70,79,184,90,73,-1,-1,-1,-1,-1,-1,8.44
3,107,75,65,106,50,74,100,47,31,-1,-1,-1,-1,-1,-1,10.0
5,132,62,52,139,79,63,137,73,41,139,54,48,134,89,35,8.65
5,334,56,80,106,56,78,217,82,56,333,44,70,99,42,61,8.48
3,54,59,70,184,52,75,297,90,73,-1,-1,-1,-1,-1,-1,8.87
3,149,82,36,273,62,50,59,45,61,-1,-1,-1,-1,-1,-1,8.02
4,302,87,50,284,46,44,143,49,40,294,88,57,-1,-1,-1,4.48
3,109,79,70,219,51,78,76,73,55,-1,-1,-1,-1,-1,-1,8.81
5,220,48,79,338,50,52,96,57,78,222,46,77,336,62,62,8.65
5,281,54,50,254,78,63,269,72,42,282,69,78,323,69,64,8.17
4,15,88,50,18,78,47,16,82,67,19,71,55,-1,-1,-1,8.72
3,48,71,33,171,72,34,79,75,32,-1,-1,-1,-1,-1,-1,3.82
5,284,60,40,272,73,46,272,86,36,317,79,30,85,67,79,9.53
5,83,44,76,30,51,40,190,85,45,19,64,58,273,48,35,4.4
5,33,50,70,160,74,73,284,53,50,37,88,64,158,46,37,8.83
5,96,84,76,60,61,31,49,69,36,46,68,32,62,61,72,9.25
4,18,90,50,130,77,78,246,85,67,18,81,55,-1,-1,-1,8.19
4,86,75,68,203,69,39,325,75,80,81,48,52,-1,-1,-1,9.93
4,348,84,65,107,89,66,272,57,43,116,52,33,-1,-1,-1,8.16
5,170,56,65,44,50,35,313,66,70,55,44,43,342,83,49,8.09
5,149,49,45,270,90,41,21,47,65,147,82,67,279,47,40,8.26
5,348,62,51,330,47,32,7,75,76,8,74,43,11,89,70,9.15
5,203,84,51,206,79,61,168,61,35,71,83,48,284,89,61,3.6
3,141,52,61,256,61,56,21,59,56,-1,-1,-1,-1,-1,-1,8.55
4,41,81,30,41,76,69,38,72,59,37,87,53,-1,-1,-1,8.76
3,0,77,44,322,66,45,27,48,59,-1,-1,-1,-1,-1,-1,8.99
4,89,86,36,225,66,80,343,53,32,88,63,56,-1,-1,-1,9.56
4,132,82,34,262,55,77,25,55,79,130,79,55,-1,-1,-1,9.39
4,108,41,57,295,87,64,327,68,30,68,65,44,-1,-1,-1,8.58
5,225,50,62,345,85,60,310,49,70,2,55,54,287,54,41,4.22
5,287,68,53,328,46,70,14,50,30,324,71,43,341,70,61,8.77
5,91,78,75,203,79,49,264,81,80,207,73,64,315,81,53,8.77
5,254,42,63,260,73,45,249,73,76,238,50,69,243,48,80,8.95
3,323,80,65,85,40,47,82,49,78,-1,-1,-1,-1,-1,-1,8.99
4,58,63,57,58,90,68,57,86,64,64,77,78,-1,-1,-1,8.83
5,262,47,65,264,43,37,262,50,62,262,80,78,256,87,70,8.61
5,314,60,47,272,65,52,262,48,73,295,52,34,280,56,30,9.43
3,280,52,36,3,49,58,99,71,53,-1,-1,-1,-1,-1,-1,9.35
5,298,88,36,316,75,33,264,82,44,296,40,49,96,48,71,4.36
4,39,75,79,338,48,51,353,73,30,342,84,79,-1,-1,-1,9.74
3,2,77,57,270,45,63,254,46,53,-1,-1,-1,-1,-1,-1,3.77
5,74,67,58,219,80,34,189,72,60,223,83,55,181,66,48,4.23
4,247,83,74,242,79,64,254,44,55,275,80,30,-1,-1,-1,9.97
3,227,48,75,235,87,78,227,75,53,-1,-1,-1,-1,-1,-1,9.21
4,271,72,49,249,76,31,336,45,55,255,42,33,-1,-1,-1,8.43
4,155,44,56,149,51,65,120,51,41,141,64,66,-1,-1,-1,8.01
4,333,86,66,331,90,41,337,43,60,336,55,65,-1,-1,-1,8.98
4,8,88,34,266,45,45,7,89,79,268,74,37,-1,-1,-1,4.87
5,236,65,44,225,82,69,234,46,57,174,69,78,178,66,50,8.58
4,286,89,59,137,78,77,345,75,38,129,79,47,-1,-1,-1,4.05
3,155,76,53,152,89,44,149,48,60,-1,-1,-1,-1,-1,-1,9.13
5,163,85,70,156,59,62,155,50,39,162,43,77,163,86,46,8.54
4,146,75,34,271,84,39,33,79,55,159,62,44,-1,-1,-1,8.04
5,186,83,37,304,76,36,60,45,51,175,81,30,301,43,68,8.32
5,347,77,77,338,82,72,343,80,77,344,62,64,340,50,56,8.86
3,73,80,38,22,85,72,10,74,44,-1,-1,-1,-1,-1,-1,8.76
3,116,55,50,264,74,78,277,85,49,-1,-1,-1,-1,-1,-1,3.7
3,107,90,79,131,53,45,195,44,57,-1,-1,-1,-1,-1,-1,8.16
4,21,81,57,21,90,33,26,86,69,22,66,77,-1,-1,-1,10.0
3,343,76,67,324,82,38,353,51,43,-1,-1,-1,-1,-1,-1,8.08
3,332,50,38,89,54,30,197,40,33,-1,-1,-1,-1,-1,-1,8.33
3,112,53,71,233,62,43,346,87,64,-1,-1,-1,-1,-1,-1,8.14
3,267,78,36,9,59,41,287,43,75,-1,-1,-1,-1,-1,-1,4.9
4,72,77,50,119,48,44,54,86,33,60,46,34,-1,-1,-1,8.91
3,121,61,30,249,76,58,10,86,31,-1,-1,-1,-1,-1,-1,8.1
5,277,50,62,326,52,57,322,45,70,295,40,70,341,81,44,8.76
5,25,88,30,339,47,31,312,67,66,25,53,36,312,51,65,9.77
5,0,61,71,4,62,34,334,75,59,350,57,71,299,79,31,9.75
4,169,65,39,148,74,51,168,70,75,191,41,52,-1,-1,-1,8.29
4,351,75,77,285,51,64,299,90,71,301,75,43,-1,-1,-1,8.25
4,350,81,80,77,85,38,231,43,76,85,87,37,-1,-1,-1,9.47
3,220,82,79,333,51,79,92,77,63,-1,-1,-1,-1,-1,-1,8.93
4,182,51,79,159,69,31,28,70,56,174,73,43,-1,-1,-1,5.45
3,307,50,76,34,71,53,120,48,34,-1,-1,-1,-1,-1,-1,10.0
4,186,48,60,51,76,33,177,76,61,280,82,39,-1,-1,-1,8.41
4,334,48,50,102,70,61,212,57,74,331,80,50,-1,-1,-1,8.48
4,351,83,67,348,74,52,358,70,44,353,83,36,-1,-1,-1,9.05
3,125,88,35,257,74,30,6,73,49,-1,-1,-1,-1,-1,-1,8.35
3,42,67,57,246,43,33,22,53,40,-1,-1,-1,-1,-1,-1,4.24
3,109,46,32,258,43,57,211,48,70,-1,-1,-1,-1,-1,-1,4.94
5,131,62,75,135,76,57,93,65,65,151,53,50,123,75,69,8.79
5,313,69,69,314,45,60,314,63,58,307,83,44,312,83,53,9.08
3,165,70,71,33,51,43,264,50,59,-1,-1,-1,-1,-1,-1,8.13
5,49,46,45,82,82,76,149,41,54,264,42,44,148,51,70,8.59
4,261,47,45,355,65,58,310,82,49,359,90,56,-1,-1,-1,3.76
3,22,47,74,112,44,36,277,89,52,-1,-1,-1,-1,-1,-1,4.57
3,334,46,72,83,46,46,207,62,45,-1,-1,-1,-1,-1,-1,8.84
5,176,56,35,236,48,62,352,76,48,241,75,67,63,67,40,8.94
3,69,45,37,358,45,75,331,66,77,-1,-1,-1,-1,-1,-1,5.27
4,227,53,47,354,59,57,111,80,33,236,63,33,-1,-1,-1,8.94
5,144,69,77,153,40,60,135,45,56,84,86,45,143,42,49,8.42
3,102,64,36,231,60,76,162,84,46,-1,-1,-1,-1,-1,-1,4.56
3,257,43,41,286,48,35,255,88,53,-1,-1,-1,-1,-1,-1,8.5
4,177,61,58,193,87,69,222,41,32,180,79,45,-1,-1,-1,8.17
3,299,40,31,63,66,51,167,76,65,-1,-1,-1,-1,-1,-1,8.84
3,242,60,47,5,60,59,125,73,46,-1,-1,-1,-1,-1,-1,8.41
4,319,78,44,336,45,44,22,51,54,326,67,40,-1,-1,-1,8.66
3,53,73,73,119,69,39,75,89,78,-1,-1,-1,-1,-1,-1,9.85
3,4,88,50,11,55,49,10,68,74,-1,-1,-1,-1,-1,-1,8.8
3,115,58,52,117,90,31,110,58,47,-1,-1,-1,-1,-1,-1,8.83
3,331,46,45,331,74,38,327,45,57,-1,-1,-1,-1,-1,-1,9.27
5,279,44,53,256,57,65,3,77,76,253,74,42,25,85,47,4.2
5,228,84,72,225,87,32,185,74,69,178,58,63,225,46,47,9.52
4,73,56,50,103,54,57,99,70,79,124,50,33,-1,-1,-1,9.87
4,262,47,51,263,73,66,261,73,46,266,44,32,-1,-1,-1,9.03
3,4,63,73,299,69,74,5,44,57,-1,-1,-1,-1,-1,-1,8.18
3,229,83,51,334,78,41,204,79,45,-1,-1,-1,-1,-1,-1,4.46
4,317,67,48,144,67,60,57,59,44,16,64,55,-1,-1,-1,8.6
4,260,87,79,17,51,76,141,55,74,273,56,78,-1,-1,-1,8.9
5,30,88,38,37,44,80,32,74,67,33,47,54,32,51,55,9.21
3,75,70,70,290,40,49,119,46,71,-1,-1,-1,-1,-1,-1,9.27
4,208,87,40,165,86,62,239,78,37,230,40,75,-1,-1,-1,9.25
3,81,71,32,81,57,64,81,68,77,-1,-1,-1,-1,-1,-1,10.0
5,321,53,47,301,81,64,241,46,35,316,44,76,168,66,75,5.0
5,63,62,30,64,66,66,69,53,46,71,43,72,63,53,32,9.55
3,220,53,76,220,64,56,219,85,72,-1,-1,-1,-1,-1,-1,9.04
4,183,50,47,189,79,37,180,46,43,211,87,73,-1,-1,-1,8.22
4,118,40,32,70,87,43,104,84,53,118,80,35,-1,-1,-1,8.73
5,48,63,65,160,84,80,223,64,33,227,65,43,152,62,32,10.0
5,213,71,68,334,52,75,92,50,37,212,85,50,331,44,51,8.58
3,331,50,47,331,69,33,324,89,60,-1,-1,-1,-1,-1,-1,8.96
3,162,51,78,162,62,73,166,67,43,-1,-1,-1,-1,-1,-1,9.57
5,359,70,64,3,80,36,4,58,36,4,65,42,0,40,57,9.32
4,61,71,80,239,54,76,85,87,67,248,50,35,-1,-1,-1,10.0
3,200,52,76,199,90,55,204,42,39,-1,-1,-1,-1,-1,-1,10.0
5,146,82,57,116,59,65,282,41,63,116,64,41,171,75,61,8.78
4,287,50,61,113,63,80,208,61,54,120,88,33,-1,-1,-1,9.88
3,324,68,36,317,64,34,103,84,53,-1,-1,-1,-1,-1,-1,3.77
5,211,44,44,336,51,44,94,49,36,206,66,39,325,63,70,8.65
5,75,46,68,72,69,44,72,76,47,80,87,46,80,86,52,9.37
5,198,85,30,205,62,46,202,85,74,198,66,76,203,89,66,10.0
5,196,51,72,3,68,41,42,64,42,15,79,71,98,49,64,4.07
3,73,65,34,59,79,33,46,86,30,-1,-1,-1,-1,-1,-1,8.03
5,42,63,77,146,47,36,164,86,55,146,46,47,17,70,48,3.97
3,221,85,41,351,90,37,103,77,63,-1,-1,-1,-1,-1,-1,8.89
3,134,72,65,229,48,47,110,49,44,-1,-1,-1,-1,-1,-1,3.82
4,11,73,76,12,69,60,52,90,74,5,82,35,-1,-1,-1,9.6
5,195,62,69,328,82,68,84,71,57,201,45,30,313,73,72,9.97
5,167,65,58,174,46,69,166,57,33,163,65,51,209,41,38,8.83
3,262,41,40,40,50,57,189,71,72,-1,-1,-1,-1,-1,-1,3.82
3,101,57,77,263,65,37,345,49,35,-1,-1,-1,-1,-1,-1,9.32
3,246,53,50,214,59,63,205,63,70,-1,-1,-1,-1,-1,-1,8.94
3,148,62,69,77,83,57,135,61,70,-1,-1,-1,-1,-1,-1,9.0
3,295,57,78,44,50,42,172,46,33,-1,-1,-1,-1,-1,-1,9.53
3,213,65,76,335,64,49,91,70,56,-1,-1,-1,-1,-1,-1,8.28
3,212,43,51,219,42,48,216,47,66,-1,-1,-1,-1,-1,-1,8.83
5,93,72,72,276,51,42,144,63,58,346,56,38,188,57,59,3.52
4,233,69,48,347,69,32,112,58,71,225,90,80,-1,-1,-1,9.72
3,334,44,70,336,46,51,339,62,50,-1,-1,-1,-1,-1,-1,9.34
4,160,69,58,157,43,66,160,88,52,150,66,71,-1,-1,-1,9.41
3,286,76,76,41,79,49,221,51,47,-1,-1,-1,-1,-1,-1,9.21
5,196,45,53,311,66,77,81,42,67,201,74,62,312,57,37,8.19
3,57,75,62,61,65,45,337,69,76,-1,-1,-1,-1,-1,-1,8.11
3,5,72,69,359,83,68,325,42,62,-1,-1,-1,-1,-1,-1,8.28
4,302,70,57,267,77,80,324,55,63,250,65,40,-1,-1,-1,8.76
4,259,59,40,278,85,54,356,79,43,271,47,64,-1,-1,-1,3.55
5,199,64,45,53,64,57,170,85,64,341,87,64,78,69,75,4.12
5,311,62,60,331,87,57,38,70,53,82,78,38,330,74,32,4.18
4,42,77,64,37,65,36,45,90,71,56,40,54,-1,-1,-1,9.09
3,162,51,49,19,58,44,172,77,80,-1,-1,-1,-1,-1,-1,4.99
5,109,46,60,83,53,64,90,80,39,71,75,49,78,66,77,8.96
3,303,58,49,3,84,80,331,74,80,-1,-1,-1,-1,-1,-1,8.44
3,142,46,79,140,89,52,148,61,37,-1,-1,-1,-1,-1,-1,10.0
3,256,40,66,255,63,65,47,55,45,-1,-1,-1,-1,-1,-1,3.92
4,10,72,73,133,68,63,249,52,31,19,55,43,-1,-1,-1,9.15
5,17,50,41,10,61,72,28,76,30,45,73,35,83,67,61,9.32
4,184,89,72,100,84,80,298,66,72,103,67,57,-1,-1,-1,8.04
4,29,74,39,27,69,70,34,51,32,39,89,59,-1,-1,-1,10.0
3,68,73,54,185,73,77,315,88,62,-1,-1,-1,-1,-1,-1,8.04
3,197,87,36,192,61,76,36,56,56,-1,-1,-1,-1,-1,-1,4.61
3,26,60,52,0,75,34,2,81,78,-1,-1,-1,-1,-1,-1,9.01
3,14,61,55,326,80,35,26,82,43,-1,-1,-1,-1,-1,-1,8.83
4,63,63,59,171,83,69,303,62,65,53,50,57,-1,-1,-1,8.01
4,66,60,70,38,64,56,342,73,33,42,55,40,-1,-1,-1,8.77
4,357,84,31,354,43,74,47,71,47,2,41,33,-1,-1,-1,9.39
5,7,86,65,15,40,80,9,45,56,14,86,44,11,78,46,9.15
4,247,60,32,246,79,66,237,68,79,244,64,71,-1,-1,-1,10.0
3,127,69,64,129,70,70,126,72,65,-1,-1,-1,-1,-1,-1,9.06
4,148,69,63,182,62,38,23,48,35,187,72,32,-1,-1,-1,8.61
3,252,41,48,33,43,72,341,82,32,-1,-1,-1,-1,-1,-1,5.21
3,178,40,46,279,66,63,155,48,48,-1,-1,-1,-1,-1,-1,4.08
5,148,73,71,56,86,75,277,60,62,49,70,57,353,41,73,8.82
5,93,42,60,96,59,48,87,71,63,126,50,73,91,42,40,8.7
4,113,86,42,341,58,34,325,84,68,289,51,58,-1,-1,-1,8.72
5,94,73,66,143,47,77,268,59,50,149,65,32,264,67,57,9.69
5,222,67,51,51,81,34,172,78,50,62,87,53,272,75,49,8.03
5,243,63,60,239,55,44,241,70,64,238,46,50,238,52,32,8.9
5,212,55,56,230,58,77,145,78,47,61,79,67,300,46,75,8.11
3,7,53,66,120,71,58,248,71,41,-1,-1,-1,-1,-1,-1,8.96
3,138,89,56,142,89,78,199,87,47,-1,-1,-1,-1,-1,-1,8.83
5,36,49,40,146,90,49,274,65,54,37,56,37,157,86,69,8.5
3,207,41,36,207,85,47,210,84,72,-1,-1,-1,-1,-1,-1,9.68
4,180,85,77,20,86,63,176,40,60,256,62,55,-1,-1,-1,8.27
3,299,65,65,4,46,46,220,64,52,-1,-1,-1,-1,-1,-1,4.17
4,263,40,32,0,55,47,7,71,75,66,49,68,-1,-1,-1,4.52
5,343,77,44,339,84,30,336,75,74,341,62,46,342,87,34,10.0
4,95,61,69,60,83,35,102,57,58,95,50,31,-1,-1,-1,9.63
5,66,41,40,174,87,43,298,70,31,46,72,42,168,79,76,9.48
4,42,40,34,21,68,60,234,47,51,17,79,76,-1,-1,-1,4.73
3,78,53,30,70,78,47,75,82,63,-1,-1,-1,-1,-1,-1,9.14
4,30,77,44,160,42,34,271,73,71,21,82,49,-1,-1,-1,8.22
4,251,57,64,47,69,69,32,72,70,133,43,74,-1,-1,-1,8.1
4,342,75,49,149,67,74,43,44,73,89,54,35,-1,-1,-1,5.42
5,326,55,47,327,67,59,326,78,76,329,49,46,324,81,65,8.97
3,136,58,78,255,41,52,1,61,65,-1,-1,-1,-1,-1,-1,8.55
5,70,82,34,43,43,69,41,41,30,74,84,52,23,54,77,9.05
3,27,47,30,24,64,66,343,75,58,-1,-1,-1,-1,-1,-1,9.37
5,297,62,65,279,59,74,239,86,72,297,65,30,252,77,57,9.03
5,342,83,71,349,88,63,63,81,50,341,69,80,260,77,30,5.39
5,254,70,51,277,83,42,293,84,61,301,41,52,248,61,49,8.03
3,85,82,74,200,44,61,320,86,52,-1,-1,-1,-1,-1,-1,8.73
3,37,62,37,176,71,48,282,59,60,-1,-1,-1,-1,-1,-1,8.48
3,351,57,48,307,42,66,335,66,80,-1,-1,-1,-1,-1,-1,8.63
3,154,44,78,296,70,55,101,88,44,-1,-1,-1,-1,-1,-1,3.76
3,135,68,66,128,55,49,133,77,56,-1,-1,-1,-1,-1,-1,9.18
5,153,50,75,101,77,78,139,42,44,139,75,76,137,82,37,9.84
5,218,87,57,115,63,67,360,64,58,236,59,52,144,42,32,8.63
4,3,59,32,231,84,70,156,46,59,232,56,67,-1,-1,-1,3.83
5,21,71,79,22,86,41,280,48,41,135,78,71,32,49,60,4.65
5,8,70,67,263,85,58,128,40,46,250,75,54,245,66,45,8.3
5,302,87,49,312,57,33,306,79,67,308,71,40,303,88,65,8.69
5,331,56,60,100,80,42,216,45,80,347,45,42,103,44,79,9.99
3,52,55,51,190,76,61,144,47,54,-1,-1,-1,-1,-1,-1,3.95
3,140,78,33,270,62,67,20,57,38,-1,-1,-1,-1,-1,-1,8.39
5,283,58,42,251,71,31,225,51,40,213,47,77,38,76,77,10.0
3,336,62,53,278,85,72,307,40,79,-1,-1,-1,-1,-1,-1,8.81
5,193,87,55,306,45,65,64,41,50,187,59,41,313,74,37,8.42
3,189,89,56,148,41,38,296,42,69,-1,-1,-1,-1,-1,-1,3.66
5,307,46,37,293,60,71,354,66,49,308,90,67,316,80,41,8.67
5,227,90,61,0,90,64,120,45,75,236,71,37,342,83,62,8.13
5,86,40,79,212,57,66,326,86,73,86,51,57,206,66,69,8.14
3,120,84,39,184,77,53,171,49,35,-1,-1,-1,-1,-1,-1,8.25
3,159,65,31,203,84,30,76,81,36,-1,-1,-1,-1,-1,-1,4.13
4,15,85,53,279,78,66,261,74,66,270,40,48,-1,-1,-1,3.6
4,257,54,65,344,66,40,60,80,30,273,58,54,-1,-1,-1,3.91
3,245,79,41,239,52,47,242,41,36,-1,-1,-1,-1,-1,-1,8.62
4,22,44,60,25,74,49,133,79,50,275,61,30,-1,-1,-1,4.29
4,109,56,41,157,59,34,213,84,32,176,58,68,-1,-1,-1,3.66
5,97,46,55,142,74,74,207,43,32,351,51,33,200,80,49,5.22
3,307,65,51,294,64,33,318,52,35,-1,-1,-1,-1,-1,-1,8.92
3,288,84,40,82,54,56,206,78,50,-1,-1,-1,-1,-1,-1,8.19
3,317,76,50,124,75,39,239,89,77,-1,-1,-1,-1,-1,-1,9.01
3,19,55,44,228,66,39,107,67,54,-1,-1,-1,-1,-1,-1,8.04
3,260,71,80,90,87,72,25,48,41,-1,-1,-1,-1,-1,-1,9.79
3,292,62,37,293,80,50,290,56,33,-1,-1,-1,-1,-1,-1,9.45
5,100,83,39,105,42,51,34,75,71,97,64,55,77,85,39,8.48
4,163,88,46,271,87,68,33,48,52,166,74,79,-1,-1,-1,8.61
3,200,63,66,248,76,76,228,88,59,-1,-1,-1,-1,-1,-1,8.57
4,199,86,53,333,73,63,76,74,37,202,65,70,-1,-1,-1,8.67
4,223,44,79,218,67,55,97,80,74,211,65,78,-1,-1,-1,8.42
3,311,67,79,315,67,45,308,88,58,-1,-1,-1,-1,-1,-1,9.17
4,57,40,55,61,62,41,61,77,75,60,54,60,-1,-1,-1,8.7
4,64,77,40,78,55,61,106,43,64,108,65,39,-1,-1,-1,8.43
3,6,84,70,27,87,66,351,47,78,-1,-1,-1,-1,-1,-1,8.43
5,205,90,58,201,42,68,184,51,62,173,74,44,187,72,80,8.85
5,153,54,75,180,83,54,177,79,53,153,54,72,124,90,80,8.69
3,142,88,73,78,61,78,94,61,50,-1,-1,-1,-1,-1,-1,8.64
3,258,85,50,216,81,78,243,71,49,-1,-1,-1,-1,-1,-1,8.65
5,131,49,60,26,44,31,257,63,54,333,87,30,207,84,57,3.51
5,14,67,71,73,75,43,159,65,38,63,42,61,102,46,47,4.15
3,172,64,61,55,50,39,269,75,41,-1,-1,-1,-1,-1,-1,8.4
5,318,52,73,284,45,63,151,58,57,285,54,47,160,58,50,8.04
4,165,65,49,173,60,73,170,42,41,165,83,78,-1,-1,-1,10.0
3,57,80,75,58,55,45,54,44,37,-1,-1,-1,-1,-1,-1,9.66
4,207,70,53,266,44,79,250,64,53,58,89,41,-1,-1,-1,4.42
5,339,89,57,341,61,70,340,82,65,333,75,55,341,45,66,9.4
3,284,90,62,282,87,75,282,59,33,-1,-1,-1,-1,-1,-1,10.0
3,183,41,44,234,57,40,248,40,34,-1,-1,-1,-1,-1,-1,8.2
5,11,70,32,132,89,34,252,48,49,5,61,61,129,70,33,8.13
5,267,79,38,269,59,33,267,56,79,273,42,49,267,43,42,10.0
4,73,55,58,196,41,70,156,85,71,63,65,43,-1,-1,-1,4.36
4,348,42,31,354,49,65,348,68,48,356,88,74,-1,-1,-1,9.92
3,231,55,34,249,44,60,305,47,35,-1,-1,-1,-1,-1,-1,8.93
5,51,79,65,53,87,73,47,68,75,55,67,41,50,42,42,8.97
4,70,52,48,72,51,50,70,81,71,68,68,64,-1,-1,-1,9.43
5,49,84,66,76,87,56,10,70,38,33,88,53,10,59,60,8.59
3,274,88,76,264,59,66,1,80,79,-1,-1,-1,-1,-1,-1,4.38
3,91,82,67,60,42,37,61,88,64,-1,-1,-1,-1,-1,-1,8.48
4,279,90,79,129,73,70,103,79,66,126,88,49,-1,-1,-1,8.77
4,11,77,54,245,75,30,258,84,66,230,82,65,-1,-1,-1,8.25
4,249,59,48,261,40,65,23,63,42,269,72,42,-1,-1,-1,8.15
4,37,44,72,37,88,62,43,70,46,43,60,44,-1,-1,-1,9.39
4,171,44,58,299,70,50,62,84,52,167,73,38,-1,-1,-1,8.55
5,48,61,53,59,47,63,36,71,30,70,41,38,84,60,48,8.07
3,205,66,53,140,70,68,291,61,53,-1,-1,-1,-1,-1,-1,3.89
5,73,51,51,150,59,30,101,45,51,210,43,76,89,75,74,5.43
3,65,53,76,71,68,30,74,62,70,-1,-1,-1,-1,-1,-1,9.86
4,87,82,62,324,73,76,209,64,30,324,44,32,-1,-1,-1,9.29
5,330,88,56,214,65,65,213,70,74,273,73,80,94,66,53,8.17
5,78,72,44,147,73,39,336,71,41,149,61,63,303,41,74,3.5
4,210,60,80,200,82,67,194,49,67,205,57,38,-1,-1,-1,10.0
5,263,90,75,61,59,44,6,75,46,54,56,42,211,61,30,3.92
3,19,65,79,38,46,73,48,60,44,-1,-1,-1,-1,-1,-1,9.16
3,214,66,51,250,87,30,199,80,47,-1,-1,-1,-1,-1,-1,8.49
3,340,89,40,152,76,76,7,57,41,-1,-1,-1,-1,-1,-1,9.91
4,224,48,42,270,77,34,218,67,60,250,90,49,-1,-1,-1,8.58
3,163,81,68,241,72,50,148,40,56,-1,-1,-1,-1,-1,-1,4.01
3,99,67,58,62,67,70,243,58,30,-1,-1,-1,-1,-1,-1,9.92
5,302,51,59,230,43,34,283,51,56,103,79,71,124,84,36,4.31
3,11,40,64,11,42,76,16,47,66,-1,-1,-1,-1,-1,-1,8.57
5,172,55,72,240,87,75,24,71,51,222,40,49,329,42,48,4.22
3,48,58,52,176,56,46,291,54,71,-1,-1,-1,-1,-1,-1,8.59
4,326,47,64,211,72,75,335,61,67,24,79,39,-1,-1,-1,8.61
5,104,85,56,201,40,77,148,57,56,27,68,45,195,66,40,9.06
4,220,67,78,266,68,55,320,52,45,257,63,42,-1,-1,-1,3.51
4,231,54,41,233,83,60,224,69,37,233,82,73,-1,-1,-1,9.19
5,26,74,60,38,80,74,356,88,73,38,60,65,354,68,44,8.05
5,159,74,59,291,55,43,54,84,49,172,53,38,290,49,61,8.95
5,358,75,40,190,76,43,187,54,48,204,49,72,306,63,76,10.0
4,269,69,77,26,51,32,163,81,30,264,50,44,-1,-1,-1,9.97
3,132,62,43,117,89,42,162,89,50,-1,-1,-1,-1,-1,-1,8.33
3,179,89,53,144,43,64,149,45,51,-1,-1,-1,-1,-1,-1,8.29
4,163,60,78,90,74,53,209,77,63,85,60,78,-1,-1,-1,3.99
5,75,41,44,252,82,58,52,75,39,239,83,63,43,67,56,4.28
4,34,56,60,335,59,78,119,77,64,238,40,68,-1,-1,-1,8.74
3,339,67,45,98,44,39,218,70,32,-1,-1,-1,-1,-1,-1,8.51
4,0,50,46,3,62,67,6,45,60,2,85,35,-1,-1,-1,9.2
5,265,87,45,268,49,73,265,70,72,269,64,80,265,88,53,9.09
5,258,43,68,258,68,54,263,79,69,256,48,70,262,60,62,9.38
4,273,73,77,265,74,71,211,59,38,231,86,62,-1,-1,-1,8.43
3,20,53,45,143,84,43,250,67,68,-1,-1,-1,-1,-1,-1,8.23
4,71,47,38,192,51,31,312,42,65,54,58,78,-1,-1,-1,9.87
4,62,43,79,227,78,41,96,72,44,27,63,80,-1,-1,-1,4.53
3,283,57,50,127,46,43,104,65,43,-1,-1,-1,-1,-1,-1,8.79
4,350,75,65,353,84,60,355,63,35,357,59,75,-1,-1,-1,9.04
4,277,74,73,283,78,66,296,63,43,280,44,70,-1,-1,-1,9.4
5,54,54,38,16,40,64,59,90,61,49,71,61,26,74,74,8.09
4,202,52,39,149,64,50,151,70,54,198,72,67,-1,-1,-1,8.17
4,324,85,63,320,50,39,314,87,71,317,76,43,-1,-1,-1,8.92
4,309,80,73,285,79,37,132,55,39,323,43,69,-1,-1,-1,4.99
5,317,58,46,93,78,40,209,43,55,327,85,55,86,79,74,8.59
3,9,51,47,316,59,33,243,87,77,-1,-1,-1,-1,-1,-1,5.32
3,86,90,71,127,58,45,11,84,31,-1,-1,-1,-1,-1,-1,4.98
5,67,44,69,54,57,74,182,60,41,170,84,60,109,62,62,4.41
4,77,40,56,39,82,30,12,48,62,200,55,59,-1,-1,-1,9.09
5,230,88,36,54,74,63,336,51,70,56,78,34,258,40,39,10.0
3,145,50,34,144,71,63,152,68,70,-1,-1,-1,-1,-1,-1,9.51
4,232,59,44,49,62,66,86,70,40,197,85,54,-1,-1,-1,9.08
5,58,60,60,174,54,50,296,47,47,69,51,76,181,63,42,8.33
3,90,55,30,98,64,71,98,80,52,-1,-1,-1,-1,-1,-1,10.0
3,83,87,77,67,73,65,335,45,67,-1,-1,-1,-1,-1,-1,4.36
5,148,50,64,145,85,57,142,50,48,143,41,78,150,77,38,8.74
3,168,42,65,173,87,32,192,63,30,-1,-1,-1,-1,-1,-1,9.21
5,65,80,32,272,87,31,9,82,52,38,52,59,5,78,52,4.22
3,222,79,43,329,40,65,233,80,50,-1,-1,-1,-1,-1,-1,3.99
5,153,85,37,201,53,75,38,89,32,110,59,35,98,57,41,5.41
3,234,79,31,215,68,47,229,83,34,-1,-1,-1,-1,-1,-1,8.98
4,340,80,57,318,79,78,296,50,79,356,74,32,-1,-1,-1,9.21
3,62,71,79,37,55,66,44,85,31,-1,-1,-1,-1,-1,-1,9.67
4,4,41,35,40,61,44,50,85,79,9,70,71,-1,-1,-1,9.34
3,101,77,66,100,77,50,107,78,70,-1,-1,-1,-1,-1,-1,9.02
4,134,58,38,196,44,80,277,58,76,356,79,59,-1,-1,-1,4.97
3,228,51,39,243,76,53,280,49,50,-1,-1,-1,-1,-1,-1,8.99
4,164,45,37,171,88,66,164,66,68,171,47,70,-1,-1,-1,8.69
5,43,49,46,173,69,64,285,84,43,50,44,69,166,50,57,8.23
3,4,78,32,330,76,35,0,85,75,-1,-1,-1,-1,-1,-1,9.9
4,259,67,65,265,41,60,213,60,52,261,88,46,-1,-1,-1,8.38
3,199,75,57,214,54,66,192,46,61,-1,-1,-1,-1,-1,-1,8.17
4,206,43,73,213,60,63,210,70,35,212,48,79,-1,-1,-1,9.59
4,163,56,49,118,66,56,183,90,38,120,83,58,-1,-1,-1,8.78
4,187,45,38,184,81,77,180,83,54,180,43,55,-1,-1,-1,9.0
5,273,59,79,35,52,34,156,76,71,266,78,51,19,53,59,9.61
5,242,62,69,268,46,79,217,71,60,246,43,52,276,57,35,9.42
4,94,78,57,103,47,65,104,74,39,100,64,54,-1,-1,-1,9.2
4,244,58,61,68,74,71,129,82,58,338,66,30,-1,-1,-1,9.42
5,279,82,50,243,46,30,299,72,48,230,57,63,358,68,59,4.31
4,15,90,65,22,59,31,16,52,69,21,73,40,-1,-1,-1,9.81
3,7,51,60,11,81,40,16,78,44,-1,-1,-1,-1,-1,-1,9.4
4,52,80,38,51,62,41,45,47,35,47,62,51,-1,-1,-1,9.35
3,330,85,37,275,44,42,337,82,69,-1,-1,-1,-1,-1,-1,8.55
3,278,41,51,42,75,70,158,85,46,-1,-1,-1,-1,-1,-1,8.27
4,107,50,80,84,82,57,66,82,30,70,48,33,-1,-1,-1,9.25
4,287,79,67,281,63,55,289,83,49,285,44,64,-1,-1,-1,9.48
3,169,64,42,165,43,47,161,67,43,-1,-1,-1,-1,-1,-1,9.24
5,40,68,52,30,51,73,21,80,74,58,46,68,358,74,58,8.45
4,333,42,34,262,70,35,280,75,39,97,84,43,-1,-1,-1,8.15
5,309,58,51,79,42,61,190,83,49,327,82,73,73,84,48,8.06
3,321,68,54,326,71,40,326,61,52,-1,-1,-1,-1,-1,-1,8.64
3,319,70,62,255,47,38,185,41,72,-1,-1,-1,-1,-1,-1,4.47
5,307,88,71,320,66,71,140,72,59,85,62,54,148,42,70,8.68
5,18,73,55,18,61,31,29,80,50,39,70,39,61,90,65,8.99
4,46,48,50,45,86,42,46,50,40,51,77,63,-1,-1,-1,9.24
5,118,84,70,241,77,50,357,45,45,135,42,50,254,52,38,8.56
5,238,58,63,230,57,68,233,54,44,231,79,32,229,44,47,9.3
3,37,81,48,40,64,70,46,89,43,-1,-1,-1,-1,-1,-1,9.1
5,331,49,67,327,61,34,329,69,58,326,59,62,326,68,50,9.32
4,48,65,64,83,76,48,49,50,70,100,46,71,-1,-1,-1,8.14
3,125,81,39,93,89,62,106,47,31,-1,-1,-1,-1,-1,-1,8.29
4,225,52,43,233,61,78,215,66,64,278,53,51,-1,-1,-1,8.75
3,202,47,45,2,86,48,213,89,45,-1,-1,-1,-1,-1,-1,4.43
5,78,44,79,190,69,76,312,53,32,71,65,45,181,67,74,9.61
5,307,87,55,75,87,32,196,82,61,312,64,46,86,51,67,8.38
5,296,60,64,291,69,77,296,67,75,290,47,60,297,47,50,8.79
3,134,69,45,343,78,50,180,55,69,-1,-1,-1,-1,-1,-1,4.49
3,341,57,35,304,74,74,333,56,66,-1,-1,-1,-1,-1,-1,9.54
3,285,74,51,73,69,57,144,42,32,-1,-1,-1,-1,-1,-1,3.6
3,296,52,57,42,82,76,51,68,69,-1,-1,-1,-1,-1,-1,4.18
5,236,44,63,347,83,77,108,79,40,231,42,49,342,55,53,8.12
5,203,66,48,14,52,70,274,45,66,111,44,34,43,80,32,5.45
4,302,61,61,272,73,54,260,69,66,298,40,64,-1,-1,-1,8.22
4,108,62,61,313,81,77,292,41,30,315,78,37,-1,-1,-1,10.0
4,81,68,66,75,87,32,116,77,43,82,67,40,-1,-1,-1,8.12
5,162,65,66,304,87,65,26,86,52,306,67,68,216,84,33,3.82
5,336,42,75,335,53,59,333,47,55,332,71,43,338,71,64,9.11
5,44,59,55,243,58,61,163,50,54,357,60,54,103,65,47,8.19
3,345,55,63,114,87,37,225,53,71,-1,-1,-1,-1,-1,-1,8.7
4,255,72,47,332,82,73,282,55,69,327,63,65,-1,-1,-1,8.13
3,32,45,52,156,88,69,290,52,34,-1,-1,-1,-1,-1,-1,8.62
4,238,51,44,358,56,32,319,49,55,284,90,74,-1,-1,-1,5.31
5,14,81,39,144,57,30,117,85,78,149,43,35,16,83,48,5.2
4,132,47,45,129,74,46,132,42,63,130,66,30,-1,-1,-1,9.21
5,116,56,34,235,84,70,357,69,63,119,79,76,239,61,52,8.9
3,130,45,40,125,82,67,121,48,61,-1,-1,-1,-1,-1,-1,9.03
4,256,70,72,177,43,75,228,52,36,195,56,70,-1,-1,-1,9.0
3,343,85,61,263,68,56,200,54,36,-1,-1,-1,-1,-1,-1,4.18
4,207,84,55,329,43,79,82,43,59,191,82,42,-1,-1,-1,8.37
4,103,84,79,334,54,39,176,42,49,343,55,32,-1,-1,-1,9.7
5,317,84,34,2,61,48,342,45,34,306,78,35,326,53,30,8.65
4,219,82,47,220,82,37,224,88,40,219,40,38,-1,-1,-1,9.31
5,75,77,60,74,40,73,69,64,65,30,56,75,84,90,72,8.89
3,15,45,79,126,72,55,254,73,75,-1,-1,-1,-1,-1,-1,8.57
4,316,54,67,293,69,48,263,84,38,295,68,74,-1,-1,-1,8.16
4,110,68,47,133,45,67,125,74,69,120,89,33,-1,-1,-1,8.46
5,324,90,75,320,81,69,316,77,30,324,79,65,324,56,36,10.0
5,183,41,40,23,63,68,53,60,77,256,61,40,210,61,51,8.02
3,27,84,75,149,46,58,256,62,59,-1,-1,-1,-1,-1,-1,8.7
5,237,87,54,275,87,30,237,49,52,236,88,52,238,75,62,8.91
3,69,78,68,204,83,49,100,88,32,-1,-1,-1,-1,-1,-1,3.87
4,80,86,77,165,79,66,350,84,79,171,82,60,-1,-1,-1,9.46
4,295,76,43,55,86,58,173,69,67,287,65,53,-1,-1,-1,8.45
5,53,83,54,86,81,37,334,77,55,98,46,67,122,54,48,3.78
3,345,84,32,255,90,67,299,50,42,-1,-1,-1,-1,-1,-1,3.64
3,103,68,65,222,62,38,333,74,59,-1,-1,-1,-1,-1,-1,8.59
4,278,76,57,271,40,80,251,73,68,271,50,41,-1,-1,-1,8.84
3,128,51,42,123,74,42,122,68,50,-1,-1,-1,-1,-1,-1,8.7
5,106,57,75,34,66,69,52,55,66,297,62,32,244,74,80,4.76
5,75,51,78,179,53,31,297,66,34,70,41,45,182,45,58,9.82
4,136,72,35,225,44,40,33,86,64,216,83,66,-1,-1,-1,4.01
4,279,52,44,302,86,61,326,83,60,321,69,56,-1,-1,-1,8.28
3,234,87,74,186,55,59,2,62,42,-1,-1,-1,-1,-1,-1,9.39
4,342,56,39,98,86,55,217,71,60,336,40,42,-1,-1,-1,8.01
4,306,50,40,58,68,79,186,81,61,304,69,60,-1,-1,-1,8.66
5,148,63,69,156,54,32,152,90,46,154,51,40,149,41,33,8.89
4,257,83,75,20,88,50,135,85,78,263,66,80,-1,-1,-1,8.72
4,123,56,67,8,89,79,43,57,60,176,65,73,-1,-1,-1,4.49
3,230,89,55,225,55,32,221,68,32,-1,-1,-1,-1,-1,-1,9.29
5,318,80,43,81,75,43,197,50,48,310,87,31,74,42,69,8.38
4,355,70,40,65,40,73,342,86,80,65,50,32,-1,-1,-1,9.19
5,89,66,58,52,42,35,108,88,31,68,65,73,86,87,53,9.29
4,358,84,45,26,71,68,46,43,61,1,66,67,-1,-1,-1,8.16
5,309,78,77,308,74,78,310,56,38,312,40,61,309,88,35,10.0
5,104,86,79,110,48,54,57,84,46,53,69,39,87,88,52,8.94
5,301,52,33,64,65,44,190,78,64,320,67,43,61,45,39,8.81
3,21,84,36,18,46,77,28,56,34,-1,-1,-1,-1,-1,-1,9.65
3,127,63,45,42,54,43,268,46,38,-1,-1,-1,-1,-1,-1,4.15
3,326,52,69,98,56,47,210,42,47,-1,-1,-1,-1,-1,-1,8.51
3,117,71,65,52,56,64,74,55,43,-1,-1,-1,-1,-1,-1,8.49
4,185,74,33,299,73,51,69,50,58,186,79,48,-1,-1,-1,8.13
5,271,46,60,181,51,69,224,79,40,170,54,64,164,79,75,4.08
4,85,48,63,97,41,31,29,58,73,31,45,58,-1,-1,-1,9.61
5,164,44,37,210,86,55,220,69,35,200,86,54,317,46,42,4.06
3,256,61,64,260,53,46,262,84,34,-1,-1,-1,-1,-1,-1,9.16
3,252,68,38,247,86,38,248,61,34,-1,-1,-1,-1,-1,-1,8.99
5,179,74,32,179,48,79,174,63,55,182,68,52,175,44,79,9.75
3,142,68,59,95,87,62,106,77,72,-1,-1,-1,-1,-1,-1,8.47
5,41,85,41,81,67,73,55,72,49,67,89,47,18,69,79,9.36
4,205,49,74,315,67,33,94,44,77,197,63,59,-1,-1,-1,9.41
3,203,52,64,210,48,59,207,68,57,-1,-1,-1,-1,-1,-1,8.69
5,57,45,79,151,59,48,305,88,80,147,79,61,181,60,80,8.09
5,60,58,64,122,44,40,190,88,70,112,52,40,350,79,68,3.72
5,328,57,40,76,85,53,190,62,35,330,54,34,79,43,69,8.57
3,111,43,65,124,57,33,80,89,31,-1,-1,-1,-1,-1,-1,9.9
5,262,71,66,138,78,60,300,40,71,139,65,51,113,59,34,8.64
4,45,72,56,45,58,76,43,66,80,45,68,66,-1,-1,-1,9.33
5,166,51,65,305,61,67,53,71,62,184,71,37,297,90,33,8.69
4,280,86,65,354,51,63,129,83,55,244,56,78,-1,-1,-1,8.15
5,311,47,65,337,74,74,334,42,38,334,64,59,0,46,54,8.71
3,23,89,60,127,49,73,246,68,62,-1,-1,-1,-1,-1,-1,8.37
4,282,47,51,272,63,73,259,66,62,283,69,45,-1,-1,-1,8.68
3,330,47,56,332,55,71,9,53,64,-1,-1,-1,-1,-1,-1,8.08
5,262,47,47,133,57,39,105,49,71,125,61,43,329,69,58,8.73
5,318,51,41,9,88,68,298,64,43,320,68,62,353,52,65,8.56
4,333,77,68,37,71,59,25,78,51,338,75,31,-1,-1,-1,8.35
3,62,69,70,180,77,56,305,86,42,-1,-1,-1,-1,-1,-1,8.98
4,190,48,60,28,85,54,86,48,65,56,42,74,-1,-1,-1,4.46
3,238,68,30,277,40,42,243,55,52,-1,-1,-1,-1,-1,-1,8.87
3,136,57,60,127,81,77,129,52,43,-1,-1,-1,-1,-1,-1,9.19
4,275,52,49,262,46,32,317,55,51,309,62,42,-1,-1,-1,8.63
5,333,71,75,105,90,43,213,46,59,346,88,78,106,57,63,8.96
5,56,75,31,74,75,42,19,69,41,50,55,39,63,66,43,8.38
3,194,49,80,272,58,78,62,72,55,-1,-1,-1,-1,-1,-1,3.67
3,95,71,49,139,43,51,307,40,56,-1,-1,-1,-1,-1,-1,4.02
3,239,53,45,241,41,69,239,53,79,-1,-1,-1,-1,-1,-1,9.48
4,292,67,34,315,55,44,210,52,70,197,63,75,-1,-1,-1,5.12
5,135,41,66,255,62,50,2,48,75,139,62,64,243,83,64,4.14
5,95,83,58,196,45,74,336,49,70,91,42,50,206,74,66,8.66
5,320,71,30,49,67,49,159,87,64,351,78,67,216,41,74,9.42
4,195,85,70,46,84,70,99,62,60,21,44,70,-1,-1,-1,9.19
5,191,53,34,106,71,30,162,55,72,119,81,72,140,59,68,9.96
3,239,86,59,171,55,46,228,64,36,-1,-1,-1,-1,-1,-1,8.07
3,73,83,48,79,55,43,73,46,37,-1,-1,-1,-1,-1,-1,8.58
4,157,56,46,292,57,73,52,46,77,158,79,51,-1,-1,-1,8.58
3,168,61,62,143,67,47,118,40,42,-1,-1,-1,-1,-1,-1,8.44
5,358,58,46,34,71,41,50,74,56,346,88,73,44,71,51,8.94
3,225,89,56,174,52,44,316,57,58,-1,-1,-1,-1,-1,-1,3.98
4,349,49,76,343,42,61,344,68,39,344,89,54,-1,-1,-1,8.7
5,11,51,49,138,49,38,249,53,43,7,58,44,137,68,62,8.53
4,19,64,41,343,49,75,23,83,42,26,70,73,-1,-1,-1,9.04
5,259,76,64,22,89,79,145,47,58,256,42,39,24,41,37,9.94
4,154,49,40,178,71,47,117,40,48,178,90,72,-1,-1,-1,8.17
3,20,70,55,134,79,41,243,56,74,-1,-1,-1,-1,-1,-1,8.82
4,121,71,41,210,48,33,94,50,70,201,66,73,-1,-1,-1,4.86
5,7,79,54,42,87,56,358,57,76,8,56,66,51,85,50,8.03
5,185,71,63,293,86,78,245,61,74,296,86,78,357,81,45,9.09
5,102,89,36,105,75,35,103,75,56,104,53,31,99,75,30,9.26
3,179,84,71,168,75,79,193,78,68,-1,-1,-1,-1,-1,-1,8.26
5,188,50,62,215,72,52,267,47,39,176,69,35,203,76,33,3.53
4,26,78,63,24,89,44,22,65,34,26,59,30,-1,-1,-1,8.53
5,10,71,63,353,69,73,12,65,63,340,52,71,300,58,66,8.83
3,322,44,33,143,80,66,206,72,79,-1,-1,-1,-1,-1,-1,9.55
5,272,89,39,321,42,54,329,76,62,306,75,37,290,71,67,8.06
4,146,46,41,136,66,76,142,84,50,168,46,59,-1,-1,-1,8.13
3,189,54,36,308,76,46,66,74,41,-1,-1,-1,-1,-1,-1,8.6
3,350,76,39,345,61,58,350,68,65,-1,-1,-1,-1,-1,-1,9.2
5,84,81,60,215,54,31,342,87,64,93,81,66,222,73,58,8.26
4,36,87,59,34,76,47,352,62,47,5,52,80,-1,-1,-1,8.42
3,38,65,34,43,51,41,38,67,43,-1,-1,-1,-1,-1,-1,9.21
5,124,65,54,167,88,62,157,90,74,40,90,75,105,56,30,5.14
3,347,55,50,110,68,41,217,86,44,-1,-1,-1,-1,-1,-1,8.03
5,335,69,70,93,64,54,213,43,44,323,48,46,83,56,33,8.61
3,92,58,60,156,57,33,4,75,59,-1,-1,-1,-1,-1,-1,4.32
3,216,51,50,348,86,47,90,74,72,-1,-1,-1,-1,-1,-1,8.24
3,74,56,45,184,76,54,294,89,63,-1,-1,-1,-1,-1,-1,8.57
5,123,59,30,83,82,56,97,76,72,84,50,44,113,43,70,9.36
5,282,46,61,238,47,65,22,65,39,319,90,63,72,53,51,3.72
4,144,49,54,10,79,68,83,85,71,2,89,47,-1,-1,-1,4.23
3,270,71,73,264,71,73,264,79,73,-1,-1,-1,-1,-1,-1,9.02
5,53,77,51,100,47,63,120,70,64,61,79,44,65,86,44,8.35
5,237,86,48,156,49,69,19,40,46,167,66,75,10,44,31,4.92
4,226,56,67,280,61,42,268,63,52,217,47,46,-1,-1,-1,8.1
4,44,52,38,50,58,79,27,77,34,19,90,40,-1,-1,-1,9.63
4,324,47,71,329,86,45,322,42,69,328,58,57,-1,-1,-1,8.76
3,127,44,34,252,67,73,6,61,80,-1,-1,-1,-1,-1,-1,9.82
4,267,67,59,281,80,53,297,90,72,271,55,41,-1,-1,-1,8.77
3,104,41,49,212,82,36,338,64,74,-1,-1,-1,-1,-1,-1,9.02
4,348,79,43,110,75,49,212,59,46,340,41,51,-1,-1,-1,8.75
5,68,62,74,195,62,80,317,80,58,62,49,69,194,57,52,8.59
4,293,75,50,301,40,61,180,55,52,119,50,66,-1,-1,-1,9.01
3,342,69,60,24,68,66,318,63,47,-1,-1,-1,-1,-1,-1,8.05
5,313,54,57,310,71,67,315,70,56,316,72,34,309,53,61,8.76
4,97,88,49,220,76,59,332,50,55,91,42,45,-1,-1,-1,8.83
3,60,63,30,61,73,68,60,40,68,-1,-1,-1,-1,-1,-1,9.54
4,168,44,53,140,74,51,121,87,59,116,47,55,-1,-1,-1,8.49
5,186,49,43,189,57,42,193,46,76,193,51,40,188,86,46,8.99
4,300,67,68,300,71,31,299,76,58,292,46,41,-1,-1,-1,9.35
4,194,78,47,177,81,32,173,47,35,159,84,52,-1,-1,-1,8.08
4,206,49,65,214,41,65,211,67,69,212,80,49,-1,-1,-1,8.7
3,303,56,59,111,66,65,239,86,50,-1,-1,-1,-1,-1,-1,8.06
4,54,45,74,162,72,65,293,75,41,54,41,48,-1,-1,-1,8.14
4,247,46,52,72,45,37,153,83,55,52,42,31,-1,-1,-1,4.21
4,306,55,30,324,89,75,12,60,67,327,43,49,-1,-1,-1,9.2
3,222,56,70,354,77,45,115,89,48,-1,-1,-1,-1,-1,-1,8.9
3,306,78,38,140,59,34,99,46,48,-1,-1,-1,-1,-1,-1,3.73
3,87,63,54,330,51,76,45,83,49,-1,-1,-1,-1,-1,-1,3.51
5,237,72,56,173,60,43,216,88,39,233,53,68,202,88,54,8.95
3,273,54,52,340,60,56,220,72,54,-1,-1,-1,-1,-1,-1,4.03
5,271,52,80,33,41,78,143,61,60,263,49,64,28,45,54,8.53
3,252,55,77,15,80,36,150,80,48,-1,-1,-1,-1,-1,-1,9.02
5,225,89,58,217,68,76,274,68,44,283,45,69,285,67,64,8.5
4,195,61,44,300,51,67,61,77,66,180,41,71,-1,-1,-1,8.67
5,53,68,36,197,73,73,52,77,48,273,57,52,124,76,64,4.06
3,118,88,35,248,62,61,5,57,37,-1,-1,-1,-1,-1,-1,8.43
4,74,59,56,325,64,46,108,89,66,44,72,42,-1,-1,-1,3.58
4,306,43,41,193,61,34,275,62,47,188,52,45,-1,-1,-1,3.69
3,17,70,78,77,72,80,337,66,78,-1,-1,-1,-1,-1,-1,4.14
5,170,53,53,140,79,42,110,45,62,144,82,53,163,88,57,8.05
3,118,50,32,101,50,77,83,79,49,-1,-1,-1,-1,-1,-1,9.26
5,350,78,69,349,42,79,351,69,71,359,74,53,353,74,58,8.97
4,87,62,48,222,87,64,334,45,59,103,79,64,-1,-1,-1,8.09
4,349,51,54,25,67,41,13,54,68,153,84,80,-1,-1,-1,8.78
5,69,42,58,70,84,57,70,53,53,73,46,72,79,80,38,9.13
5,296,70,42,294,71,53,279,43,75,313,84,47,288,81,43,8.42
3,222,76,59,330,79,72,98,61,39,-1,-1,-1,-1,-1,-1,8.0
3,26,57,51,18,71,66,27,83,67,-1,-1,-1,-1,-1,-1,9.04
4,20,81,58,274,83,75,202,79,80,174,75,79,-1,-1,-1,3.63
5,75,72,40,324,62,67,93,57,56,329,70,41,114,83,79,5.16
4,147,64,43,64,53,36,136,48,45,58,63,54,-1,-1,-1,8.12
3,331,52,56,84,68,59,212,86,31,-1,-1,-1,-1,-1,-1,8.54
3,307,72,72,210,74,57,263,44,52,-1,-1,-1,-1,-1,-1,3.58
3,198,88,73,176,86,62,235,73,42,-1,-1,-1,-1,-1,-1,8.93
5,47,79,69,58,80,41,57,77,36,53,78,51,21,53,30,8.46
4,31,71,80,303,49,53,229,50,41,7,51,76,-1,-1,-1,4.53
4,35,81,79,350,81,35,285,77,39,351,40,44,-1,-1,-1,5.02
4,337,52,57,338,77,51,334,77,70,342,87,63,-1,-1,-1,8.84
5,87,67,67,131,70,69,197,68,38,130,86,34,35,56,58,3.58
5,153,45,52,134,51,76,153,78,72,156,55,72,155,61,34,9.59
3,310,52,31,63,64,35,194,78,36,-1,-1,-1,-1,-1,-1,8.44
5,110,41,74,220,64,57,356,76,48,103,62,30,237,76,77,9.38
5,31,79,75,30,50,53,32,48,63,29,72,60,31,87,51,9.2
4,292,52,39,235,61,51,224,48,35,238,62,68,-1,-1,-1,8.37
5,251,83,70,253,54,38,252,82,64,254,85,33,250,80,50,9.15
5,128,79,67,186,57,40,161,47,75,119,62,63,149,75,47,8.27
5,211,46,75,202,61,36,201,71,69,207,43,53,209,40,78,9.92
5,185,85,71,313,81,67,65,82,62,187,40,72,305,71,62,8.67
5,246,63,76,350,64,42,106,81,69,227,77,45,2,69,56,8.68
3,261,62,80,262,47,74,255,52,66,-1,-1,-1,-1,-1,-1,8.56
4,257,68,52,357,48,35,135,90,68,250,52,67,-1,-1,-1,8.42
4,280,54,77,53,61,74,175,64,70,285,67,75,-1,-1,-1,8.82
3,231,88,59,355,69,46,105,89,39,-1,-1,-1,-1,-1,-1,8.76
4,116,90,37,52,85,39,104,53,75,67,41,60,-1,-1,-1,9.02
5,146,58,46,151,43,51,149,76,79,148,75,75,145,82,36,10.0
5,317,53,62,74,57,61,198,79,73,327,52,30,80,47,71,9.85
4,188,46,63,172,75,43,89,76,54,185,80,43,-1,-1,-1,4.2
5,360,59,36,251,59,43,250,44,59,234,83,44,238,41,71,4.09
3,261,40,49,258,54,46,326,90,47,-1,-1,-1,-1,-1,-1,8.92
3,57,68,67,46,85,47,75,68,68,-1,-1,-1,-1,-1,-1,8.86
3,152,50,58,94,42,30,310,78,46,-1,-1,-1,-1,-1,-1,4.29
3,122,56,49,131,69,79,81,54,47,-1,-1,-1,-1,-1,-1,8.64
5,132,90,65,251,56,65,357,45,56,125,53,72,256,83,47,8.84
3,157,88,75,126,53,55,165,71,33,-1,-1,-1,-1,-1,-1,9.65
3,348,50,70,57,62,44,43,66,30,-1,-1,-1,-1,-1,-1,9.61
5,122,89,53,119,66,58,120,70,55,115,66,77,125,53,74,9.16
4,97,55,79,154,80,42,301,73,76,16,82,71,-1,-1,-1,4.09
5,22,82,30,27,82,70,26,72,40,28,86,39,23,72,49,8.91
3,184,47,57,295,41,46,49,45,49,-1,-1,-1,-1,-1,-1,8.91
4,18,64,49,328,56,31,6,87,67,10,66,75,-1,-1,-1,9.73
3,273,85,60,251,84,67,276,55,72,-1,-1,-1,-1,-1,-1,8.26
3,178,40,45,333,40,68,146,90,47,-1,-1,-1,-1,-1,-1,9.46
5,0,41,51,6,67,70,296,75,48,288,62,74,331,42,53,8.99
5,15,50,36,333,64,70,287,90,45,273,78,35,355,86,59,4.18
3,20,55,74,26,87,72,19,84,57,-1,-1,-1,-1,-1,-1,9.08
4,118,65,50,5,64,70,121,84,42,15,88,73,-1,-1,-1,3.56
3,282,62,71,290,75,64,338,56,41,-1,-1,-1,-1,-1,-1,8.92
4,357,57,62,352,67,60,347,74,40,347,64,69,-1,-1,-1,9.0
3,34,79,64,36,70,31,115,70,80,-1,-1,-1,-1,-1,-1,9.95
3,277,89,49,269,46,37,270,62,47,-1,-1,-1,-1,-1,-1,9.49
3,186,64,39,3,74,30,203,49,79,-1,-1,-1,-1,-1,-1,9.96
3,240,69,54,235,78,73,257,47,70,-1,-1,-1,-1,-1,-1,8.85
3,187,79,40,193,66,79,49,83,30,-1,-1,-1,-1,-1,-1,4.75
5,225,88,70,206,61,43,159,51,70,181,62,76,198,48,37,9.59
4,212,85,71,313,47,76,4,49,46,324,90,57,-1,-1,-1,3.88
4,321,56,67,346,79,79,308,86,49,346,74,55,-1,-1,-1,8.35
5,311,78,41,82,59,35,191,65,69,313,41,49,79,58,37,8.87
5,287,58,46,357,73,33,337,82,49,354,46,35,108,71,64,9.19
4,311,88,38,319,67,76,317,62,30,319,72,47,-1,-1,-1,10.0
3,80,44,66,83,66,31,76,81,71,-1,-1,-1,-1,-1,-1,10.0
5,323,90,63,283,40,37,152,72,68,281,76,56,234,60,63,8.65
4,234,80,77,19,59,59,218,53,48,19,59,75,-1,-1,-1,4.5
3,57,60,65,351,49,50,239,69,40,-1,-1,-1,-1,-1,-1,8.88
4,276,45,48,45,70,48,171,74,77,291,87,66,-1,-1,-1,9.0
3,244,41,76,355,48,58,118,44,59,-1,-1,-1,-1,-1,-1,8.89
5,257,75,34,208,73,76,126,80,74,203,85,34,214,74,46,4.7
3,142,84,66,257,56,58,27,50,51,-1,-1,-1,-1,-1,-1,8.2
5,101,66,35,100,59,49,116,89,39,106,68,72,40,48,45,8.07
3,260,48,44,266,74,46,267,79,48,-1,-1,-1,-1,-1,-1,9.5
5,21,42,41,30,51,74,21,43,49,20,79,66,26,65,53,8.55
5,160,57,44,122,51,52,183,61,49,185,62,71,174,71,65,8.77
4,203,66,70,324,67,36,77,43,68,187,41,76,-1,-1,-1,9.33
5,133,75,60,238,65,34,238,84,51,235,48,49,199,68,46,4.18
5,213,90,78,208,45,41,215,80,65,208,60,57,207,86,40,9.03
4,306,57,51,189,64,78,230,69,68,178,50,30,-1,-1,-1,5.47
4,51,41,73,170,44,42,135,52,66,18,88,53,-1,-1,-1,4.13
4,264,90,60,267,41,48,268,72,36,266,74,51,-1,-1,-1,8.94
5,198,89,31,81,89,34,200,72,60,74,69,53,28,70,35,8.88
3,256,63,74,256,55,49,259,75,57,-1,-1,-1,-1,-1,-1,8.92
4,222,56,75,302,55,51,306,67,64,316,85,75,-1,-1,-1,3.66
5,249,71,57,4,84,45,137,58,73,259,50,33,9,41,65,8.66
3,325,67,36,87,85,38,207,77,59,-1,-1,-1,-1,-1,-1,8.37
4,12,49,51,160,80,49,224,69,60,125,65,62,-1,-1,-1,8.06
4,343,81,68,350,75,53,352,59,37,351,72,79,-1,-1,-1,9.76
3,76,76,71,72,73,36,66,47,79,-1,-1,-1,-1,-1,-1,9.59
3,336,89,44,83,88,46,210,46,60,-1,-1,-1,-1,-1,-1,8.42
4,140,49,57,160,47,57,110,68,42,122,90,35,-1,-1,-1,8.96
3,149,51,71,172,54,38,173,46,36,-1,-1,-1,-1,-1,-1,9.33
3,187,64,51,190,50,68,206,72,57,-1,-1,-1,-1,-1,-1,8.6
3,269,77,47,249,86,37,209,89,33,-1,-1,-1,-1,-1,-1,8.18
4,190,73,62,209,59,59,201,73,45,246,65,49,-1,-1,-1,8.43
5,142,54,60,252,50,60,9,66,46,136,48,59,253,66,38,8.49
5,303,64,70,70,54,58,196,49,53,310,66,37,67,69,34,8.48
3,201,41,67,241,68,36,211,68,65,-1,-1,-1,-1,-1,-1,8.73
5,214,58,37,174,86,78,162,77,33,177,56,71,195,79,37,9.45
5,236,54,73,240,81,69,244,76,30,241,82,51,238,53,38,9.54
4,22,71,52,358,52,76,63,88,55,17,75,63,-1,-1,-1,8.9
3,98,62,57,219,40,36,337,69,66,-1,-1,-1,-1,-1,-1,8.56
5,97,79,46,26,89,70,256,58,44,73,85,62,316,54,40,4.39
4,120,76,71,124,89,62,129,89,77,124,63,52,-1,-1,-1,9.47
5,34,52,64,34,62,37,34,79,41,31,75,68,24,60,78,9.51
5,268,75,50,271,84,35,269,84,66,274,63,46,273,72,44,9.46
3,269,44,77,350,42,54,228,51,45,-1,-1,-1,-1,-1,-1,3.65
4,264,45,56,299,65,53,49,61,53,202,60,38,-1,-1,-1,8.33
5,231,42,50,224,82,41,230,57,69,227,63,68,223,62,59,9.15
4,273,76,69,322,58,63,274,52,60,283,80,45,-1,-1,-1,8.56
4,42,87,33,144,48,49,188,55,52,141,68,56,-1,-1,-1,4.17
5,193,55,47,197,53,49,198,88,65,196,84,49,195,48,80,8.84
5,102,59,52,323,57,76,116,61,56,313,47,63,210,81,38,3.98
4,82,85,52,155,81,65,190,78,64,153,86,43,-1,-1,-1,4.37
4,98,52,65,228,72,66,337,54,74,109,45,70,-1,-1,-1,8.04
3,291,87,70,287,88,35,264,54,39,-1,-1,-1,-1,-1,-1,9.09
3,317,56,50,280,75,45,314,51,31,-1,-1,-1,-1,-1,-1,8.92
4,17,66,34,11,51,54,20,87,44,13,81,66,-1,-1,-1,9.2
4,38,90,38,29,44,68,38,65,51,31,58,69,-1,-1,-1,9.34
4,276,68,58,333,61,75,341,67,75,309,42,34,-1,-1,-1,9.96
5,268,59,30,276,49,48,286,70,56,261,79,34,298,89,41,8.44
3,90,57,44,131,81,47,274,76,63,-1,-1,-1,-1,-1,-1,9.33
3,118,75,71,137,85,62,203,55,42,-1,-1,-1,-1,-1,-1,8.9
4,5,90,37,182,43,46,56,62,55,190,89,63,-1,-1,-1,9.17
5,2,49,68,125,80,71,236,66,43,359,70,51,126,46,37,8.12
3,237,61,57,255,53,80,304,72,42,-1,-1,-1,-1,-1,-1,9.96
5,169,90,78,350,79,77,114,63,64,348,71,79,38,68,69,9.19
4,224,57,78,338,52,42,89,65,71,333,45,45,-1,-1,-1,9.64
5,163,80,47,64,64,59,134,54,47,142,57,68,320,85,58,4.41
3,329,68,51,296,49,38,328,61,33,-1,-1,-1,-1,-1,-1,8.07
5,241,40,50,81,66,71,94,89,65,135,50,68,316,85,71,8.81
4,156,90,79,66,75,35,109,40,57,72,75,48,-1,-1,-1,4.57
4,247,51,42,245,60,54,345,58,69,109,53,67,-1,-1,-1,8.9
3,357,55,52,117,61,78,255,54,62,-1,-1,-1,-1,-1,-1,8.27
4,123,66,45,129,44,58,123,74,50,129,42,74,-1,-1,-1,9.15
3,231,79,55,349,74,79,128,58,39,-1,-1,-1,-1,-1,-1,9.4
5,130,43,52,155,86,55,141,53,31,154,66,46,115,62,78,9.27
4,131,45,45,232,75,65,353,86,46,129,56,35,-1,-1,-1,8.47
3,2,63,66,43,69,73,270,81,38,-1,-1,-1,-1,-1,-1,4.71
3,308,63,33,227,62,40,145,56,45,-1,-1,-1,-1,-1,-1,3.96
4,18,90,74,73,78,61,6,65,79,157,77,45,-1,-1,-1,4.31
5,21,53,58,153,43,50,348,51,68,185,54,68,285,89,55,3.9
5,46,40,45,178,44,42,7,72,32,353,77,53,148,90,34,9.45
3,166,70,68,298,84,72,44,85,45,-1,-1,-1,-1,-1,-1,8.66
4,282,50,48,273,50,61,284,71,58,256,43,38,-1,-1,-1,8.46
5,351,79,33,4,66,33,23,80,48,14,78,43,0,40,52,8.97
3,287,72,52,48,48,69,176,77,58,-1,-1,-1,-1,-1,-1,8.81
4,76,70,80,180,85,80,301,46,75,68,71,63,-1,-1,-1,8.43
4,94,47,57,96,55,41,116,54,52,120,84,68,-1,-1,-1,8.61
3,50,55,50,172,70,79,282,58,43,-1,-1,-1,-1,-1,-1,9.53
5,234,81,63,347,67,71,109,72,76,231,77,52,348,74,51,8.57
3,149,56,76,267,88,52,42,84,47,-1,-1,-1,-1,-1,-1,8.04
5,158,61,46,212,85,32,77,85,33,205,59,51,347,53,58,4.3
3,55,64,66,132,77,62,17,44,54,-1,-1,-1,-1,-1,-1,4.2
5,132,47,45,135,55,40,323,78,58,315,46,31,345,87,42,9.26
3,288,51,59,47,73,54,176,44,63,-1,-1,-1,-1,-1,-1,8.71
3,83,41,61,79,75,62,88,57,75,-1,-1,-1,-1,-1,-1,8.6
5,238,71,79,11,45,72,125,54,52,245,43,71,358,60,61,8.76
3,212,86,37,316,59,76,92,69,59,-1,-1,-1,-1,-1,-1,9.06
3,155,83,50,54,65,60,170,56,79,-1,-1,-1,-1,-1,-1,3.72
4,21,78,31,24,88,34,27,44,61,22,76,42,-1,-1,-1,8.5
3,170,64,51,236,60,34,347,79,56,-1,-1,-1,-1,-1,-1,8.87
3,83,70,70,202,48,32,333,81,38,-1,-1,-1,-1,-1,-1,9.72
5,314,78,78,63,68,51,200,73,53,320,44,49,77,74,56,8.98
3,19,62,51,132,69,44,255,54,58,-1,-1,-1,-1,-1,-1,8.47
5,91,52,51,74,82,77,316,50,46,75,78,30,234,80,60,9.24
4,288,81,68,292,56,50,292,55,71,296,50,49,-1,-1,-1,9.35
4,261,86,66,137,54,68,181,58,80,129,62,71,-1,-1,-1,3.59
3,217,59,49,130,90,69,343,80,35,-1,-1,-1,-1,-1,-1,8.14
5,198,68,75,199,63,73,197,88,71,195,41,80,197,84,70,8.95
4,62,42,66,187,84,58,319,55,36,67,53,42,-1,-1,-1,8.91
5,9,68,76,2,73,61,0,76,55,5,56,41,6,52,36,9.14
5,304,47,54,254,46,73,170,63,78,267,57,72,32,87,36,5.2
3,46,53,74,168,81,77,287,69,30,-1,-1,-1,-1,-1,-1,9.19
4,106,81,58,234,50,38,349,77,62,113,66,64,-1,-1,-1,8.62
3,224,73,36,341,62,76,63,64,45,-1,-1,-1,-1,-1,-1,9.65
4,328,45,70,358,72,49,302,61,78,0,83,37,-1,-1,-1,9.37
4,171,63,64,301,83,30,202,48,44,305,47,33,-1,-1,-1,4.05
4,214,86,47,212,78,39,217,53,56,217,76,63,-1,-1,-1,9.19
3,208,88,46,208,64,34,214,84,64,-1,-1,-1,-1,-1,-1,9.36
4,70,66,41,65,78,59,66,67,73,69,88,47,-1,-1,-1,8.89
4,95,85,72,14,58,60,62,85,50,12,49,78,-1,-1,-1,8.47
5,263,87,78,22,74,49,144,84,65,260,64,30,23,52,78,9.29
4,241,90,51,204,86,77,206,73,53,230,72,38,-1,-1,-1,8.03
4,175,84,47,289,77,67,53,54,57,186,54,52,-1,-1,-1,8.47
4,350,84,42,123,76,67,230,43,77,357,62,59,-1,-1,-1,8.53
3,238,41,68,209,84,36,14,83,74,-1,-1,-1,-1,-1,-1,4.54
3,307,67,31,307,60,30,303,62,57,-1,-1,-1,-1,-1,-1,8.96
3,231,58,43,340,70,42,111,56,60,-1,-1,-1,-1,-1,-1,8.87
4,248,41,57,49,83,30,64,65,39,49,88,53,-1,-1,-1,9.18
3,284,79,66,338,76,40,276,53,76,-1,-1,-1,-1,-1,-1,9.14
5,285,65,45,293,87,53,291,63,32,286,67,38,288,69,50,8.6
3,229,82,72,233,62,35,234,53,35,-1,-1,-1,-1,-1,-1,9.52
3,211,54,53,117,69,33,18,78,32,-1,-1,-1,-1,-1,-1,4.34
4,235,66,43,281,55,66,212,58,54,287,50,50,-1,-1,-1,8.57
4,190,73,52,105,53,68,235,43,32,167,65,74,-1,-1,-1,4.82
4,359,67,55,291,81,73,289,88,38,359,84,61,-1,-1,-1,8.44
3,308,46,44,54,74,56,171,67,63,-1,-1,-1,-1,-1,-1,8.45
4,335,59,64,7,84,46,18,84,41,346,77,72,-1,-1,-1,8.81
4,41,52,48,49,86,49,39,62,76,47,43,32,-1,-1,-1,9.85
5,94,60,69,107,51,46,62,46,45,80,90,54,73,53,76,8.76
4,136,87,36,257,79,32,19,55,77,128,70,36,-1,-1,-1,9.77
5,333,88,40,338,47,51,342,90,80,332,53,33,333,43,55,9.64
5,48,50,68,169,74,47,284,77,33,52,89,70,172,42,46,8.41
3,87,41,73,120,45,61,119,65,53,-1,-1,-1,-1,-1,-1,8.78
5,318,65,77,27,76,39,224,83,60,237,78,51,107,75,49,8.89
3,243,55,63,7,70,51,119,60,33,-1,-1,-1,-1,-1,-1,8.33
5,321,90,32,353,66,49,350,46,34,4,88,46,347,40,78,9.51
4,17,70,64,34,76,59,70,57,56,3,54,49,-1,-1,-1,8.29
5,107,48,42,109,63,74,113,76,75,109,46,78,108,53,51,8.81
4,76,82,33,202,49,41,331,40,36,86,88,36,-1,-1,-1,8.95
5,175,90,54,300,57,47,47,71,76,170,83,79,285,43,47,8.17
4,313,74,69,316,50,59,312,75,36,314,65,49,-1,-1,-1,9.28
5,320,67,51,74,88,41,195,56,45,314,55,33,71,66,72,8.13
3,129,81,54,333,47,80,208,51,77,-1,-1,-1,-1,-1,-1,8.34
4,342,74,66,341,64,77,8,89,56,336,49,59,-1,-1,-1,8.24
4,246,78,46,151,78,43,293,40,54,147,77,73,-1,-1,-1,4.26
5,178,51,35,181,40,31,184,86,58,177,52,39,177,57,52,9.2
3,178,82,41,255,76,54,335,69,42,-1,-1,-1,-1,-1,-1,3.52
5,4,78,34,10,55,78,322,85,76,7,73,73,345,49,50,9.36
5,102,47,78,107,74,53,102,67,42,105,56,57,106,70,42,8.84
4,59,63,41,12,72,53,211,86,66,16,89,67,-1,-1,-1,3.95
3,32,49,58,181,56,42,296,90,42,-1,-1,-1,-1,-1,-1,8.71
4,256,84,75,268,66,67,260,52,41,257,82,35,-1,-1,-1,10.0
5,323,77,72,324,85,76,324,45,64,322,48,73,330,70,64,8.81
5,240,90,62,242,86,62,240,47,35,236,85,78,241,77,51,9.09
5,82,42,42,211,63,60,312,63,48,82,80,37,211,42,61,8.98
3,175,47,50,179,88,37,176,87,69,-1,-1,-1,-1,-1,-1,9.34
3,299,80,55,254,84,32,246,57,47,-1,-1,-1,-1,-1,-1,8.46
5,16,71,47,35,52,37,343,56,48,4,53,30,341,55,56,8.05
5,7,59,45,282,87,38,141,68,79,285,48,48,340,62,76,5.17
5,158,63,46,47,77,68,196,63,74,56,46,80,330,76,79,4.18
4,92,76,52,90,45,41,183,79,66,99,90,31,-1,-1,-1,4.18
3,146,54,41,85,43,79,28,83,54,-1,-1,-1,-1,-1,-1,4.79
4,159,48,56,257,77,35,274,82,71,251,79,34,-1,-1,-1,4.64
4,44,52,57,43,74,57,42,61,30,48,64,37,-1,-1,-1,9.34
3,110,68,69,223,84,57,353,81,57,-1,-1,-1,-1,-1,-1,8.24
4,180,86,66,293,79,30,57,83,73,178,69,38,-1,-1,-1,10.0
3,290,69,66,294,64,59,297,73,58,-1,-1,-1,-1,-1,-1,8.58
5,337,88,46,85,80,78,216,59,31,324,71,78,78,52,62,4.61
5,272,77,55,27,46,76,154,45,64,270,43,49,19,76,66,8.59
3,55,53,48,37,80,71,60,51,71,-1,-1,-1,-1,-1,-1,8.26
3,229,89,68,206,55,67,185,81,74,-1,-1,-1,-1,-1,-1,8.64
4,88,75,55,93,72,43,89,48,63,87,63,66,-1,-1,-1,8.83
5,196,59,57,256,40,45,202,87,40,348,43,31,337,88,48,3.84
5,66,53,49,63,75,33,66,64,47,65,71,58,66,80,57,9.24
5,64,64,55,197,49,41,162,41,39,187,74,70,200,70,46,3.69
5,27,89,44,343,45,64,186,83,57,330,62,72,52,62,39,4.02
4,257,89,46,16,45,71,122,43,49,255,52,56,-1,-1,-1,8.6
5,181,74,77,236,44,45,346,84,61,234,56,39,268,62,42,3.75
3,181,72,30,180,59,67,172,58,39,-1,-1,-1,-1,-1,-1,9.65
5,134,67,79,307,45,61,157,82,78,252,76,60,336,83,48,3.68
3,359,71,63,268,45,49,68,57,71,-1,-1,-1,-1,-1,-1,4.04
5,22,87,57,277,45,47,253,62,35,358,43,66,310,72,58,4.29
5,233,86,31,24,51,42,208,55,77,26,74,78,24,51,47,10.0
4,279,72,45,279,74,41,269,76,77,277,90,55,-1,-1,-1,8.62
5,332,78,79,345,50,45,2,44,74,7,89,67,352,55,74,8.11
3,249,83,53,17,69,62,125,56,61,-1,-1,-1,-1,-1,-1,8.66
3,43,78,44,47,83,41,41,75,36,-1,-1,-1,-1,-1,-1,9.14
4,49,67,78,169,53,53,282,63,63,52,71,51,-1,-1,-1,8.72
4,135,41,74,140,62,52,141,68,60,134,54,57,-1,-1,-1,9.28
3,312,55,62,66,61,78,200,86,56,-1,-1,-1,-1,-1,-1,8.97
3,145,53,62,111,49,41,147,85,72,-1,-1,-1,-1,-1,-1,8.16
4,91,80,34,84,84,36,64,62,77,65,74,69,-1,-1,-1,9.76
3,1,66,32,120,42,61,249,63,34,-1,-1,-1,-1,-1,-1,8.15
4,70,50,80,77,40,43,79,85,57,139,54,76,-1,-1,-1,8.47
4,320,65,42,7,74,72,303,63,56,10,73,43,-1,-1,-1,8.71
3,44,56,63,20,85,65,310,46,65,-1,-1,-1,-1,-1,-1,4.15
5,287,90,54,47,47,58,164,54,31,285,43,80,57,42,60,9.12
4,211,43,41,158,56,50,331,54,54,153,70,40,-1,-1,-1,9.12
4,312,52,72,87,52,31,208,46,70,326,61,37,-1,-1,-1,9.89
4,200,59,38,128,72,53,68,65,70,126,41,31,-1,-1,-1,4.26
3,92,79,60,48,72,63,152,46,32,-1,-1,-1,-1,-1,-1,3.69
5,166,84,51,291,75,70,56,66,64,179,41,64,293,61,63,8.27
4,42,89,78,38,47,40,40,58,47,42,80,79,-1,-1,-1,9.83
4,267,63,80,325,88,39,296,81,53,329,83,69,-1,-1,-1,9.94
5,351,75,54,92,80,38,219,46,46,351,61,58,95,72,61,8.41
4,207,59,45,317,42,80,84,47,71,192,42,66,-1,-1,-1,8.19
3,230,51,39,81,45,32,240,86,72,-1,-1,-1,-1,-1,-1,4.97
5,348,82,55,353,65,31,350,64,59,347,76,37,348,61,78,10.0
3,79,80,65,195,44,76,318,75,42,-1,-1,-1,-1,-1,-1,8.79
4,139,89,69,176,52,68,105,53,49,105,86,61,-1,-1,-1,8.29
4,31,52,52,82,49,73,39,62,46,61,41,59,-1,-1,-1,8.26
3,269,63,78,267,79,79,268,87,44,-1,-1,-1,-1,-1,-1,10.0
5,102,52,64,46,66,57,170,61,58,33,75,38,255,56,33,3.65
4,335,52,37,321,90,31,274,64,39,319,55,49,-1,-1,-1,8.19
3,169,75,69,318,61,31,329,69,65,-1,-1,-1,-1,-1,-1,5.49
4,175,84,49,301,77,64,214,69,41,317,44,66,-1,-1,-1,3.55
4,138,46,54,136,76,35,143,74,70,142,84,46,-1,-1,-1,9.45
3,148,69,79,7,59,55,270,58,71,-1,-1,-1,-1,-1,-1,8.04
4,90,41,43,72,80,63,126,78,45,85,84,72,-1,-1,-1,8.58
3,353,60,62,128,64,60,233,53,39,-1,-1,-1,-1,-1,-1,8.88
4,14,61,44,349,44,37,213,52,70,64,77,54,-1,-1,-1,3.6
3,190,40,78,256,71,37,113,61,52,-1,-1,-1,-1,-1,-1,5.41
3,242,57,40,0,55,46,140,45,32,-1,-1,-1,-1,-1,-1,8.59
5,139,83,41,256,55,32,26,51,67,134,69,37,254,55,37,8.26
5,264,53,70,36,64,39,142,56,73,271,75,55,32,87,72,8.19
3,113,73,37,118,54,49,120,86,78,-1,-1,-1,-1,-1,-1,10.0
3,267,44,57,310,84,67,291,79,77,-1,-1,-1,-1,-1,-1,8.24
4,72,60,60,63,87,36,64,51,70,68,58,60,-1,-1,-1,9.14
5,288,65,31,64,57,43,171,57,36,288,52,52,60,76,39,8.57
4,184,73,41,183,63,48,180,63,60,138,84,31,-1,-1,-1,8.37
3,244,80,32,244,48,43,245,54,39,-1,-1,-1,-1,-1,-1,9.35
3,168,41,36,153,53,46,112,75,50,-1,-1,-1,-1,-1,-1,8.9
3,286,80,36,347,85,41,45,71,64,-1,-1,-1,-1,-1,-1,3.98
3,13,43,40,14,44,58,18,88,39,-1,-1,-1,-1,-1,-1,8.96
4,179,78,33,33,88,37,257,81,68,183,81,45,-1,-1,-1,4.02
5,237,48,50,230,46,58,261,74,30,224,42,79,238,65,52,9.87
5,28,58,43,2,89,35,352,81,40,35,60,39,36,67,35,8.51
5,5,58,44,65,86,67,332,72,59,206,72,58,13,50,37,8.86
3,30,43,41,162,83,53,266,40,33,-1,-1,-1,-1,-1,-1,8.68
3,246,44,49,201,85,57,193,90,70,-1,-1,-1,-1,-1,-1,8.12
4,97,40,73,47,78,76,31,67,76,41,50,58,-1,-1,-1,8.95
5,10,90,64,197,68,53,164,78,72,196,65,51,194,76,53,8.88
3,55,66,65,51,68,79,48,50,47,-1,-1,-1,-1,-1,-1,8.84
5,165,90,66,275,80,51,44,85,79,160,55,66,280,75,56,8.53
4,8,66,61,200,72,58,255,71,63,193,48,63,-1,-1,-1,8.98
3,201,85,63,309,66,71,68,82,68,-1,-1,-1,-1,-1,-1,8.57
4,145,66,48,150,44,74,149,84,55,151,73,43,-1,-1,-1,8.61
3,259,72,54,25,73,54,144,73,48,-1,-1,-1,-1,-1,-1,8.18
5,319,87,72,288,71,32,85,76,42,195,58,31,326,72,61,9.38
3,279,73,34,245,69,50,261,77,37,-1,-1,-1,-1,-1,-1,8.03
5,330,47,60,5,74,52,318,63,50,304,76,39,307,83,69,8.82
5,24,54,51,32,65,53,32,89,69,33,44,49,23,72,38,8.52
5,22,85,42,1,78,75,213,72,80,1,78,59,249,62,34,9.24
3,160,61,46,160,90,70,158,70,41,-1,-1,-1,-1,-1,-1,9.21
4,110,48,67,117,44,72,109,65,61,112,63,47,-1,-1,-1,8.76
5,193,63,30,183,84,49,188,64,50,189,81,30,184,70,51,8.59
5,299,75,40,213,62,52,210,72,31,222,41,36,120,74,53,8.92
4,254,71,46,251,90,52,257,43,59,256,61,33,-1,-1,-1,8.77
5,174,54,74,236,50,42,281,87,58,41,50,31,346,90,67,4.71
4,339,46,77,333,80,37,336,55,47,335,77,75,-1,-1,-1,10.0
5,312,59,66,316,83,44,315,53,60,319,84,50,312,50,68,8.79
3,301,68,52,300,45,30,296,69,71,-1,-1,-1,-1,-1,-1,10.0
5,250,82,36,274,64,53,223,78,31,281,86,45,275,78,55,8.24
3,119,40,39,59,64,54,62,88,38,-1,-1,-1,-1,-1,-1,8.5
5,267,72,40,187,60,45,85,48,77,187,74,79,312,84,32,5.39
4,62,87,80,91,53,77,151,59,48,279,45,78,-1,-1,-1,8.02
4,29,84,42,168,57,42,279,47,67,34,57,76,-1,-1,-1,9.24
4,355,51,80,358,88,57,349,41,30,355,62,39,-1,-1,-1,9.77
4,353,50,49,112,66,69,244,67,79,8,49,38,-1,-1,-1,5.04
4,114,88,50,52,71,40,216,45,78,42,57,35,-1,-1,-1,10.0
5,107,57,52,151,42,41,297,56,43,56,88,66,108,50,30,8.16
5,45,51,80,350,68,44,58,65,74,236,62,48,62,82,30,10.0
3,67,77,61,341,42,48,138,84,35,-1,-1,-1,-1,-1,-1,4.08
3,236,56,79,225,77,57,217,63,45,-1,-1,-1,-1,-1,-1,8.73
3,98,67,40,13,58,41,70,62,50,-1,-1,-1,-1,-1,-1,8.12
3,336,75,78,342,45,41,341,50,53,-1,-1,-1,-1,-1,-1,10.0
3,63,85,67,192,52,44,171,67,62,-1,-1,-1,-1,-1,-1,3.95
5,255,51,56,69,42,31,153,57,76,204,41,77,182,51,64,9.67
4,216,71,54,273,86,33,222,84,30,217,61,43,-1,-1,-1,8.59
3,157,60,79,19,51,49,116,56,68,-1,-1,-1,-1,-1,-1,3.72
3,300,46,59,172,40,64,220,65,56,-1,-1,-1,-1,-1,-1,3.81
3,315,89,40,78,49,30,196,44,71,-1,-1,-1,-1,-1,-1,9.21
4,335,53,36,264,88,38,273,47,39,318,65,71,-1,-1,-1,8.76
4,287,59,57,166,85,31,43,58,33,118,55,51,-1,-1,-1,8.63
4,314,59,32,314,85,42,316,40,72,314,87,80,-1,-1,-1,9.57
5,355,47,50,174,81,36,120,42,48,63,84,64,8,59,66,8.95
5,340,60,53,108,71,61,210,84,47,347,53,80,92,62,31,9.66
4,246,88,45,252,59,49,246,44,66,255,72,76,-1,-1,-1,9.45
4,149,88,51,290,51,37,336,66,34,100,78,72,-1,-1,-1,9.48
5,299,82,60,296,81,45,11,82,76,303,56,37,133,77,33,9.29
4,136,89,33,273,48,64,311,61,44,289,83,49,-1,-1,-1,8.74
4,52,41,53,79,88,79,28,58,57,58,80,77,-1,-1,-1,8.93
5,268,51,69,248,76,61,292,46,60,263,67,44,294,67,67,8.12
4,181,77,67,138,41,56,165,51,47,118,69,63,-1,-1,-1,8.91
3,355,66,32,56,60,80,40,50,51,-1,-1,-1,-1,-1,-1,9.98
4,119,55,77,243,55,54,347,55,47,122,63,65,-1,-1,-1,8.85
5,295,72,36,290,53,63,295,40,73,298,57,62,289,40,77,8.57
5,294,89,72,293,43,32,295,77,47,297,53,77,296,79,64,9.7
3,4,71,72,328,81,45,359,60,74,-1,-1,-1,-1,-1,-1,8.64
3,79,72,50,83,84,64,77,47,34,-1,-1,-1,-1,-1,-1,9.34
4,105,80,58,226,42,48,343,66,40,115,87,60,-1,-1,-1,8.15
5,218,60,63,72,52,44,237,46,44,295,54,52,232,67,42,4.46
4,238,52,50,210,50,66,17,90,50,223,90,37,-1,-1,-1,3.75
3,130,62,61,125,74,77,132,59,76,-1,-1,-1,-1,-1,-1,8.66
3,262,63,37,25,72,58,155,48,62,-1,-1,-1,-1,-1,-1,8.45
5,35,56,73,52,75,51,69,56,64,5,42,36,74,73,55,8.16
3,210,89,70,203,49,75,203,61,55,-1,-1,-1,-1,-1,-1,9.29
4,334,45,80,12,63,46,349,60,74,16,89,74,-1,-1,-1,8.94
5,20,68,69,133,47,33,267,67,46,28,53,49,137,55,73,8.69
5,358,85,59,295,44,68,304,87,45,292,78,32,308,81,65,8.55
4,18,60,42,50,61,63,204,51,35,151,86,52,-1,-1,-1,9.34
5,234,87,30,229,78,53,158,59,30,251,84,52,182,67,67,3.76
3,146,68,71,149,87,42,127,43,43,-1,-1,-1,-1,-1,-1,8.75
3,233,86,67,226,71,69,225,77,60,-1,-1,-1,-1,-1,-1,9.38
5,77,58,51,114,60,57,128,57,63,103,68,70,360,72,51,3.57
3,142,49,32,142,45,59,151,40,33,-1,-1,-1,-1,-1,-1,9.22
3,121,49,76,264,59,49,64,64,48,-1,-1,-1,-1,-1,-1,3.81
3,59,61,44,134,68,38,336,89,42,-1,-1,-1,-1,-1,-1,3.54
5,82,79,55,199,68,48,290,79,40,261,83,70,3,86,70,8.65
5,42,78,46,30,53,75,89,84,67,31,77,31,56,75,45,9.71
3,64,52,37,173,81,75,297,66,32,-1,-1,-1,-1,-1,-1,9.33
3,276,63,45,55,73,80,165,72,60,-1,-1,-1,-1,-1,-1,8.45
4,186,56,76,318,64,50,82,46,71,203,53,62,-1,-1,-1,8.9
3,31,61,76,169,48,61,238,88,75,-1,-1,-1,-1,-1,-1,3.93
4,351,75,71,105,43,30,225,51,78,351,79,35,-1,-1,-1,9.01
3,230,48,78,44,47,56,3,64,55,-1,-1,-1,-1,-1,-1,9.39
5,157,58,53,139,63,36,98,48,48,128,84,57,40,41,76,4.13
4,338,43,59,0,66,68,290,87,49,3,55,47,-1,-1,-1,8.8
3,9,80,52,306,72,36,159,41,80,-1,-1,-1,-1,-1,-1,4.67
5,174,65,62,296,86,62,59,46,36,181,71,41,287,53,53,8.97
4,33,49,36,149,69,53,282,77,79,36,62,40,-1,-1,-1,9.1
3,98,59,76,54,61,78,64,44,42,-1,-1,-1,-1,-1,-1,9.7
3,146,62,37,266,61,35,38,54,56,-1,-1,-1,-1,-1,-1,8.62
3,14,65,67,48,56,56,332,80,36,-1,-1,-1,-1,-1,-1,8.18
3,237,55,45,255,49,30,58,84,76,-1,-1,-1,-1,-1,-1,9.73
3,213,49,59,330,84,74,98,65,72,-1,-1,-1,-1,-1,-1,8.82
3,248,46,39,8,46,55,141,67,64,-1,-1,-1,-1,-1,-1,8.24
4,121,80,39,234,90,36,351,86,50,118,40,75,-1,-1,-1,9.74
5,257,46,74,332,68,69,260,73,51,305,82,33,275,75,72,9.1
5,215,64,72,267,75,58,276,81,72,274,41,79,287,90,53,8.07
4,266,81,74,255,44,56,300,61,51,245,79,32,-1,-1,-1,8.94
4,224,43,37,103,52,45,331,83,50,226,50,32,-1,-1,-1,8.17
3,2,57,64,143,46,60,62,48,40,-1,-1,-1,-1,-1,-1,4.23
3,59,43,75,167,62,76,291,76,73,-1,-1,-1,-1,-1,-1,8.1
3,41,41,56,48,84,34,42,69,62,-1,-1,-1,-1,-1,-1,9.17
5,213,67,37,329,82,56,92,76,56,210,68,66,341,73,47,8.23
5,238,74,53,276,64,33,336,66,61,73,72,33,265,60,36,3.76
4,162,75,65,290,46,74,45,51,61,152,66,33,-1,-1,-1,9.55
5,18,41,32,149,41,67,253,41,47,10,72,32,150,54,59,8.39
5,229,62,75,352,73,56,115,66,67,230,81,50,351,43,79,8.9
5,2,69,80,208,76,64,325,61,43,358,72,73,344,89,68,8.67
4,82,73,44,270,79,49,129,74,62,351,63,42,-1,-1,-1,4.04
5,285,85,80,265,74,65,115,67,58,264,72,69,226,68,31,9.89
3,331,55,31,48,83,60,99,61,40,-1,-1,-1,-1,-1,-1,4.13
4,341,61,67,99,53,38,207,61,33,337,84,39,-1,-1,-1,8.32
4,324,60,72,162,62,40,259,68,41,239,48,75,-1,-1,-1,5.26
4,50,55,41,60,85,42,54,69,44,57,43,60,-1,-1,-1,9.5
5,82,81,60,200,84,61,329,49,53,82,45,72,198,60,50,8.72
4,56,65,65,70,41,69,86,80,47,87,68,57,-1,-1,-1,8.26
5,229,76,78,225,77,78,220,88,41,226,49,61,224,45,77,9.39
4,260,50,79,252,52,39,258,49,70,255,41,30,-1,-1,-1,9.59
5,80,44,62,83,79,43,77,90,72,81,45,68,84,80,43,8.62
4,218,88,60,212,55,62,109,55,34,192,77,57,-1,-1,-1,4.42
3,323,88,70,103,44,53,253,57,75,-1,-1,-1,-1,-1,-1,4.03
5,58,65,47,157,53,75,354,81,46,105,70,65,82,85,60,4.25
5,356,58,75,216,86,74,87,48,57,232,52,51,272,70,31,9.66
4,48,69,57,11,69,41,297,59,59,17,54,40,-1,-1,-1,4.22
3,41,46,60,149,61,56,238,88,32,-1,-1,-1,-1,-1,-1,3.68
4,323,78,58,75,84,34,233,82,37,87,81,59,-1,-1,-1,8.74
3,304,56,56,141,73,50,348,86,51,-1,-1,-1,-1,-1,-1,3.69
3,330,73,75,81,44,43,197,59,67,-1,-1,-1,-1,-1,-1,8.54
4,205,47,63,138,77,34,194,54,43,145,63,63,-1,-1,-1,8.59
3,28,41,58,144,70,37,269,85,32,-1,-1,-1,-1,-1,-1,8.92
3,120,73,40,225,89,66,345,63,45,-1,-1,-1,-1,-1,-1,8.06
4,72,44,75,66,89,50,66,79,52,66,41,48,-1,-1,-1,8.87
3,350,74,64,180,40,66,203,79,64,-1,-1,-1,-1,-1,-1,8.81
4,25,53,32,26,45,63,26,49,72,26,56,64,-1,-1,-1,10.0
4,166,71,69,185,64,69,35,86,80,360,74,46,-1,-1,-1,8.78
3,172,78,42,218,77,72,197,68,52,-1,-1,-1,-1,-1,-1,8.47
4,226,71,78,358,59,50,121,84,33,228,51,55,-1,-1,-1,9.38
4,140,81,42,59,60,59,173,53,51,68,66,52,-1,-1,-1,4.3
5,273,65,75,283,70,42,281,82,60,277,62,54,281,73,60,8.89
3,312,59,59,296,55,66,290,56,53,-1,-1,-1,-1,-1,-1,8.12
3,198,52,52,324,76,57,66,53,57,-1,-1,-1,-1,-1,-1,8.23
3,288,57,48,51,77,66,170,68,34,-1,-1,-1,-1,-1,-1,8.97
4,12,79,37,6,54,67,8,78,67,4,85,59,-1,-1,-1,9.44
3,359,80,58,317,80,58,89,70,37,-1,-1,-1,-1,-1,-1,3.56
5,2,46,53,228,80,57,22,74,39,323,90,73,114,90,51,8.41
3,26,84,32,62,56,36,38,82,50,-1,-1,-1,-1,-1,-1,8.7
5,60,69,43,57,71,67,55,88,37,63,40,66,63,87,62,8.84
5,140,66,47,242,74,76,22,51,33,131,64,33,244,84,49,4.76
4,129,82,37,44,50,47,290,74,33,240,84,32,-1,-1,-1,8.81
4,18,68,52,279,74,44,351,76,57,348,58,53,-1,-1,-1,4.33
4,17,59,34,6,55,62,166,56,67,56,40,42,-1,-1,-1,8.33
4,325,48,31,69,65,33,184,59,50,189,40,51,-1,-1,-1,8.51
4,131,40,49,266,58,35,23,62,80,141,87,57,-1,-1,-1,9.66
3,307,43,71,308,61,76,358,90,52,-1,-1,-1,-1,-1,-1,8.8
4,231,78,60,230,78,39,232,63,33,233,65,56,-1,-1,-1,8.86
3,40,88,50,183,59,79,226,65,37,-1,-1,-1,-1,-1,-1,10.0
4,277,69,55,325,88,78,126,63,50,177,82,75,-1,-1,-1,4.02
5,269,45,74,21,49,64,145,44,52,256,73,77,30,77,50,8.05
4,84,62,73,83,42,69,124,67,75,143,44,44,-1,-1,-1,8.11
5,138,40,67,268,51,46,13,73,40,134,54,53,261,54,36,8.1
3,133,88,54,267,62,62,15,76,63,-1,-1,-1,-1,-1,-1,8.22
5,269,73,31,270,59,32,262,81,67,268,52,39,266,50,36,8.52
4,147,82,42,45,55,65,91,46,71,41,59,74,-1,-1,-1,4.09
5,267,73,67,140,83,56,218,68,49,199,81,61,304,66,72,4.5
3,354,89,34,119,89,46,227,55,49,-1,-1,-1,-1,-1,-1,8.56
3,59,42,76,196,50,45,305,78,75,-1,-1,-1,-1,-1,-1,8.13
5,208,57,61,240,81,47,218,76,42,212,66,73,215,77,59,8.23
5,227,84,57,306,66,30,61,88,77,272,70,61,274,52,45,9.42
5,139,82,46,256,85,59,27,51,59,138,65,43,267,44,30,8.81
5,202,55,47,315,49,44,77,58,38,205,52,76,318,88,78,9.07
4,165,84,54,120,56,49,10,67,72,240,82,39,-1,-1,-1,8.99
3,309,69,37,352,51,40,218,87,44,-1,-1,-1,-1,-1,-1,3.71
5,214,71,62,215,42,44,233,88,66,221,40,35,228,56,71,8.78
5,46,50,46,39,51,53,46,57,66,47,41,33,48,65,51,8.78
5,239,64,62,238,58,71,246,49,54,235,58,49,250,80,60,8.98
5,246,50,50,216,79,68,235,63,52,211,42,60,202,67,38,8.32
4,140,48,63,262,74,64,20,76,60,152,76,67,-1,-1,-1,8.97
4,307,62,41,45,85,52,329,54,66,46,80,61,-1,-1,-1,4.44
5,257,50,37,257,62,58,256,52,51,253,55,30,256,54,34,8.76
5,327,48,49,69,68,77,44,60,43,82,69,34,183,54,41,3.67
4,208,79,76,205,73,73,199,71,46,203,51,72,-1,-1,-1,8.86
3,116,42,47,248,63,55,357,88,36,-1,-1,-1,-1,-1,-1,8.06
4,30,81,79,111,55,30,178,43,52,261,41,42,-1,-1,-1,9.34
3,69,81,35,110,62,53,83,61,53,-1,-1,-1,-1,-1,-1,8.2
3,334,81,48,95,90,36,220,87,42,-1,-1,-1,-1,-1,-1,8.24
5,127,68,32,238,69,43,0,85,78,123,63,33,240,53,48,9.05
4,7,44,77,217,44,39,187,44,61,192,67,68,-1,-1,-1,8.75
4,139,56,79,105,61,73,130,48,33,123,69,74,-1,-1,-1,9.07
4,138,48,30,135,85,49,144,66,36,141,82,52,-1,-1,-1,9.07
3,56,78,68,57,73,50,62,53,33,-1,-1,-1,-1,-1,-1,9.3
5,187,85,68,171,47,70,209,63,69,152,56,57,205,76,40,8.62
5,188,66,64,296,42,77,71,76,68,189,55,55,307,54,60,8.21
5,65,66,44,42,67,76,43,71,52,99,57,37,99,46,67,8.07
5,127,44,38,243,57,76,354,87,52,128,74,71,241,47,61,8.05
3,31,58,73,239,41,68,71,65,56,-1,-1,-1,-1,-1,-1,4.05
4,262,82,74,205,44,41,209,52,60,244,59,37,-1,-1,-1,8.22
4,289,62,51,50,67,72,182,61,65,284,46,36,-1,-1,-1,8.8
5,238,74,72,277,40,34,263,79,33,242,61,47,259,75,69,9.16
5,21,68,32,299,72,52,158,58,56,315,59,50,153,83,74,4.4
5,45,52,76,51,86,65,43,55,51,45,52,77,45,54,39,8.86
4,42,57,73,93,53,67,33,82,49,85,90,66,-1,-1,-1,8.16
4,115,90,40,16,84,46,217,65,52,262,42,64,-1,-1,-1,8.15
4,267,81,55,38,45,34,29,58,52,37,74,46,-1,-1,-1,8.1
3,43,85,50,195,68,74,105,81,72,-1,-1,-1,-1,-1,-1,4.14
3,250,74,30,16,59,48,142,75,55,-1,-1,-1,-1,-1,-1,8.17
4,145,49,43,354,49,69,9,51,33,352,55,61,-1,-1,-1,4.1
5,349,40,75,30,79,42,272,85,41,316,41,76,345,86,57,4.59
4,289,66,72,320,59,49,63,52,78,67,54,70,-1,-1,-1,4.45
3,215,63,33,150,49,64,341,85,61,-1,-1,-1,-1,-1,-1,8.69
5,329,73,37,100,47,69,191,82,34,116,90,42,273,50,48,3.8
4,233,47,52,194,83,73,190,64,74,251,90,58,-1,-1,-1,8.61
3,94,73,35,79,87,64,15,40,39,-1,-1,-1,-1,-1,-1,8.8
5,292,89,49,295,83,33,298,69,41,297,58,70,295,51,67,8.55
4,317,44,50,279,68,67,48,43,78,199,53,75,-1,-1,-1,3.5
4,46,60,37,331,61,77,139,75,38,321,71,67,-1,-1,-1,9.81
4,166,45,50,159,77,72,164,58,57,167,76,73,-1,-1,-1,9.01
5,78,52,78,148,83,76,272,68,34,242,44,56,61,90,33,4.69
4,156,53,61,162,42,55,155,87,40,160,86,56,-1,-1,-1,9.5
3,322,51,69,321,66,56,321,60,68,-1,-1,-1,-1,-1,-1,8.91
5,185,42,57,187,67,61,188,76,30,185,83,65,192,69,37,8.55
3,353,74,32,351,50,45,346,81,73,-1,-1,-1,-1,-1,-1,9.63
3,160,80,38,162,47,60,232,41,73,-1,-1,-1,-1,-1,-1,8.28
3,276,57,49,290,47,46,263,42,80,-1,-1,-1,-1,-1,-1,9.12
3,341,49,54,305,80,53,337,74,75,-1,-1,-1,-1,-1,-1,8.19
5,236,74,63,19,77,36,338,79,42,50,77,31,340,77,75,10.0
4,348,58,73,10,67,75,357,59,59,1,77,46,-1,-1,-1,8.86
5,6,74,42,353,84,75,350,78,72,3,81,47,3,89,80,9.77
4,126,47,74,127,46,34,131,67,69,137,67,64,-1,-1,-1,10.0
4,289,75,68,298,73,44,353,75,67,308,47,68,-1,-1,-1,8.56
5,173,88,52,119,61,63,44,69,68,319,60,32,166,73,56,3.97
4,22,63,79,20,72,73,28,58,46,21,59,47,-1,-1,-1,8.86
3,42,75,47,313,61,55,49,60,66,-1,-1,-1,-1,-1,-1,3.91
4,203,73,67,203,82,77,201,48,67,196,78,57,-1,-1,-1,8.97
4,141,44,56,144,59,61,143,86,78,142,41,78,-1,-1,-1,8.54
4,181,86,37,298,90,72,57,83,48,177,61,78,-1,-1,-1,9.66
4,286,52,78,43,84,65,167,87,55,276,63,56,-1,-1,-1,8.42
3,280,45,35,23,90,59,147,43,65,-1,-1,-1,-1,-1,-1,8.31
4,4,73,68,113,55,76,318,73,50,116,48,60,-1,-1,-1,3.61
5,315,65,42,81,83,57,208,61,52,329,55,71,85,84,79,8.62
3,119,86,46,239,67,75,3,82,70,-1,-1,-1,-1,-1,-1,8.96
4,252,44,49,16,52,73,141,89,64,257,48,60,-1,-1,-1,8.99
3,232,59,79,359,69,57,105,55,79,-1,-1,-1,-1,-1,-1,8.0
3,24,56,34,306,84,46,258,84,45,-1,-1,-1,-1,-1,-1,3.98
4,141,75,35,0,85,43,165,65,46,243,60,39,-1,-1,-1,8.25
4,41,82,40,160,82,30,273,64,40,37,60,57,-1,-1,-1,8.83
3,167,41,75,276,81,69,52,69,58,-1,-1,-1,-1,-1,-1,8.29
4,260,80,73,339,79,64,255,64,72,193,83,59,-1,-1,-1,4.22
3,10,42,36,11,79,55,16,65,62,-1,-1,-1,-1,-1,-1,9.27
4,94,75,45,195,86,59,256,79,49,202,55,80,-1,-1,-1,4.42
3,48,60,73,40,83,76,30,68,43,-1,-1,-1,-1,-1,-1,9.22
5,298,88,39,332,79,60,296,88,47,332,48,59,289,64,79,8.77
4,122,68,67,267,71,60,166,62,40,273,85,60,-1,-1,-1,4.06
3,276,74,32,258,74,52,238,62,70,-1,-1,-1,-1,-1,-1,9.66
3,238,59,64,158,75,62,137,48,64,-1,-1,-1,-1,-1,-1,3.9
3,310,44,47,73,89,75,191,83,42,-1,-1,-1,-1,-1,-1,8.38
4,90,46,76,315,70,41,128,52,34,126,70,55,-1,-1,-1,10.0
3,258,83,38,3,78,30,259,64,54,-1,-1,-1,-1,-1,-1,4.46
3,251,43,46,273,77,55,301,45,30,-1,-1,-1,-1,-1,-1,8.63
4,20,63,36,22,81,35,19,67,72,24,58,66,-1,-1,-1,9.85
3,308,63,52,74,40,54,194,43,45,-1,-1,-1,-1,-1,-1,8.22
4,333,52,36,247,63,32,292,57,50,30,65,61,-1,-1,-1,4.46
4,10,44,32,324,40,65,11,61,48,84,76,43,-1,-1,-1,3.58
4,20,83,61,134,80,49,246,82,41,12,58,59,-1,-1,-1,8.48
4,180,71,74,268,47,51,141,68,49,184,85,77,-1,-1,-1,3.62
3,7,88,52,291,85,32,106,76,42,-1,-1,-1,-1,-1,-1,8.85
5,115,66,75,121,61,30,118,86,73,115,87,51,119,90,61,9.64
5,74,87,54,81,89,52,75,67,64,81,44,33,78,62,65,9.11
3,306,64,74,153,68,38,14,77,76,-1,-1,-1,-1,-1,-1,4.77
4,333,63,68,24,75,35,288,87,47,190,70,52,-1,-1,-1,4.47
4,346,45,73,337,49,53,36,86,68,334,86,46,-1,-1,-1,8.11
4,341,50,59,341,78,36,339,49,32,338,62,33,-1,-1,-1,9.1
4,190,73,55,99,43,41,257,57,71,109,77,63,-1,-1,-1,4.43
3,280,66,44,29,42,62,166,74,48,-1,-1,-1,-1,-1,-1,8.21
5,126,43,50,84,44,74,139,42,41,51,44,47,164,41,71,4.23
5,206,56,53,86,40,70,257,43,72,169,48,58,77,63,54,9.17
3,55,77,46,40,42,61,92,57,74,-1,-1,-1,-1,-1,-1,8.81
5,99,58,30,213,62,65,276,69,63,206,44,49,121,43,47,9.05
5,239,84,59,241,64,63,237,47,38,235,66,70,236,40,53,9.21
4,134,43,42,187,81,74,204,79,38,177,41,50,-1,-1,-1,8.29
3,106,58,79,225,87,53,341,80,55,-1,-1,-1,-1,-1,-1,8.9
4,282,77,59,280,83,72,242,49,50,261,45,64,-1,-1,-1,8.72
3,78,60,50,98,59,75,81,71,69,-1,-1,-1,-1,-1,-1,8.18
4,21,68,57,210,48,32,74,81,75,220,47,33,-1,-1,-1,4.97
3,91,79,43,98,81,67,91,78,57,-1,-1,-1,-1,-1,-1,9.31
5,243,44,45,251,52,38,249,76,61,250,73,30,252,85,35,9.06
3,207,59,74,340,88,60,86,42,74,-1,-1,-1,-1,-1,-1,8.25
4,156,42,48,296,75,66,51,84,67,165,61,31,-1,-1,-1,8.01
3,53,58,53,353,46,31,112,75,57,-1,-1,-1,-1,-1,-1,4.46
4,239,61,69,182,70,38,335,42,50,183,55,46,-1,-1,-1,3.71
3,194,57,63,173,61,73,164,61,47,-1,-1,-1,-1,-1,-1,8.48
3,302,86,67,290,80,80,273,74,41,-1,-1,-1,-1,-1,-1,9.08
3,352,73,39,352,87,33,353,83,39,-1,-1,-1,-1,-1,-1,9.22
4,161,62,30,255,87,77,114,48,38,297,90,33,-1,-1,-1,9.97
3,98,40,80,263,65,63,277,72,77,-1,-1,-1,-1,-1,-1,8.53
5,79,74,75,198,45,70,328,52,44,79,58,42,206,70,32,9.38
4,205,70,68,203,47,51,208,59,34,201,55,45,-1,-1,-1,8.56
3,42,63,62,110,82,60,60,55,61,-1,-1,-1,-1,-1,-1,8.79
5,14,43,45,16,82,44,16,40,66,9,56,65,16,48,46,9.32
5,29,69,62,14,52,45,12,85,37,23,55,49,63,63,78,8.35
5,350,61,36,14,44,63,4,67,47,10,88,74,336,57,72,8.44
3,111,50,35,84,41,50,144,61,62,-1,-1,-1,-1,-1,-1,8.18
3,249,84,55,6,62,41,132,57,42,-1,-1,-1,-1,-1,-1,8.65
4,12,50,67,66,70,59,169,83,45,152,89,41,-1,-1,-1,4.38
5,165,69,69,169,81,50,275,80,34,118,77,45,164,54,67,4.29
5,295,77,46,291,52,74,292,71,47,293,55,56,300,88,66,9.47
3,246,70,47,212,45,72,294,40,74,-1,-1,-1,-1,-1,-1,8.89
3,229,85,65,226,70,72,231,40,64,-1,-1,-1,-1,-1,-1,8.6
4,100,65,54,276,83,32,189,40,55,220,56,58,-1,-1,-1,9.09
3,66,77,77,282,77,62,38,50,37,-1,-1,-1,-1,-1,-1,9.84
3,328,88,41,329,55,60,330,64,40,-1,-1,-1,-1,-1,-1,9.48
4,294,64,62,99,46,66,228,61,32,105,56,68,-1,-1,-1,8.78
5,42,78,77,12,57,55,347,42,56,328,62,60,342,68,56,8.66
3,151,73,47,152,55,39,152,75,69,-1,-1,-1,-1,-1,-1,9.35
5,258,78,49,173,81,40,276,47,46,184,45,56,75,53,66,3.66
5,0,40,39,332,61,50,7,51,49,22,82,76,356,47,73,8.73
5,237,46,72,199,67,68,207,62,68,177,65,76,209,76,33,9.27
3,162,77,61,166,42,36,127,56,80,-1,-1,-1,-1,-1,-1,9.94
5,358,71,70,123,64,46,243,52,36,6,81,47,124,63,49,8.58
3,243,81,36,215,48,68,237,79,39,-1,-1,-1,-1,-1,-1,8.44
3,221,51,32,261,41,54,218,72,60,-1,-1,-1,-1,-1,-1,8.78
4,202,80,76,187,84,37,355,79,63,194,65,46,-1,-1,-1,4.76
4,359,75,77,344,85,37,31,87,74,334,68,36,-1,-1,-1,9.28
4,310,76,65,63,50,65,184,85,79,303,67,63,-1,-1,-1,8.92
5,280,86,53,319,57,53,307,69,66,186,84,75,46,46,67,3.79
4,80,47,69,0,69,62,134,52,34,344,48,48,-1,-1,-1,4.34
5,212,40,74,133,57,38,120,44,49,130,75,62,292,77,60,8.96
4,233,41,68,233,78,75,233,80,77,234,70,68,-1,-1,-1,9.4
3,159,69,78,159,57,58,134,68,62,-1,-1,-1,-1,-1,-1,8.63
3,20,68,51,131,72,41,245,79,76,-1,-1,-1,-1,-1,-1,8.11
4,83,62,59,245,77,32,281,52,38,133,53,54,-1,-1,-1,8.68
5,318,64,65,97,54,35,131,67,53,103,80,35,74,88,55,8.98
3,303,70,72,324,73,57,234,84,35,-1,-1,-1,-1,-1,-1,5.43
4,40,78,36,21,64,71,97,84,52,44,52,77,-1,-1,-1,9.85
5,252,76,75,256,64,34,251,56,56,255,61,36,250,55,50,8.56
3,170,69,41,168,57,77,162,42,60,-1,-1,-1,-1,-1,-1,9.31
5,241,74,67,190,67,52,156,76,36,35,84,53,208,52,76,8.15
3,86,41,73,205,48,71,323,41,52,-1,-1,-1,-1,-1,-1,8.76
4,191,90,46,294,51,59,70,81,79,180,64,35,-1,-1,-1,9.15
3,270,40,32,208,43,63,204,49,34,-1,-1,-1,-1,-1,-1,8.58
5,83,51,77,197,51,75,322,75,62,77,52,63,191,50,32,9.13
4,154,46,30,268,40,63,32,84,57,159,74,33,-1,-1,-1,8.32
4,4,55,31,3,90,37,6,52,30,2,58,77,-1,-1,-1,9.82
5,132,77,47,164,48,60,164,55,41,138,80,59,135,56,77,8.8
4,114,87,33,340,86,78,135,76,77,135,80,72,-1,-1,-1,5.2
5,121,70,66,131,70,61,121,40,49,128,87,55,96,44,57,8.76
5,346,82,53,210,46,30,283,80,59,206,89,61,348,52,41,4.01
5,331,60,40,88,47,76,200,58,68,317,81,54,76,78,36,9.21
5,289,75,52,136,86,70,281,73,42,133,64,73,223,64,37,3.87
3,46,81,75,44,81,50,40,78,51,-1,-1,-1,-1,-1,-1,9.25
5,343,84,68,359,48,72,332,50,80,8,65,44,335,54,43,9.25
4,317,49,44,250,85,63,194,44,39,249,79,78,-1,-1,-1,5.13
5,164,87,56,269,79,70,174,59,33,271,66,47,171,46,72,4.31
4,60,85,44,293,82,52,46,75,67,303,42,38,-1,-1,-1,3.52
4,77,72,78,344,80,78,336,74,64,20,89,33,-1,-1,-1,4.63
5,74,89,58,72,62,38,77,78,53,74,87,38,81,76,62,8.79
5,113,55,33,134,52,40,135,61,61,111,89,67,127,90,67,8.28
4,270,57,30,106,40,77,323,79,50,103,74,60,-1,-1,-1,5.16
4,82,68,78,85,64,47,85,55,73,88,42,79,-1,-1,-1,9.21
5,183,64,49,297,46,51,54,72,31,181,88,41,308,76,39,8.6
5,172,67,76,175,74,44,169,72,72,176,41,43,179,51,49,9.44
5,240,84,51,241,65,72,248,54,58,184,74,59,214,52,42,8.4
3,243,47,46,243,58,33,248,52,56,-1,-1,-1,-1,-1,-1,9.06
3,5,45,55,111,48,47,231,79,74,-1,-1,-1,-1,-1,-1,8.98
5,34,40,73,38,45,73,38,56,68,37,79,68,38,56,62,8.96
5,166,60,56,96,65,63,340,40,65,215,47,37,358,67,44,8.68
3,51,42,30,182,88,61,294,56,74,-1,-1,-1,-1,-1,-1,9.84
3,105,65,48,201,72,75,163,74,59,-1,-1,-1,-1,-1,-1,3.7
5,21,79,30,266,75,47,108,53,74,269,90,44,81,70,30,9.69
5,300,62,75,242,90,44,213,50,43,242,84,31,63,76,51,8.67
5,31,83,38,214,88,38,174,78,36,218,60,55,95,71,68,8.98
3,282,70,66,282,76,66,282,78,74,-1,-1,-1,-1,-1,-1,9.02
5,168,40,73,148,83,57,174,57,75,148,57,72,197,40,75,8.87
4,96,54,70,136,62,60,106,50,61,96,76,51,-1,-1,-1,8.95
3,49,43,40,285,60,52,122,61,30,-1,-1,-1,-1,-1,-1,8.18
5,271,78,56,25,59,59,148,77,41,273,71,77,28,90,74,8.79
4,280,64,35,42,88,51,152,46,43,271,63,65,-1,-1,-1,8.58
4,60,62,52,175,52,70,303,90,46,60,40,71,-1,-1,-1,8.52
3,268,64,41,31,54,57,160,52,42,-1,-1,-1,-1,-1,-1,8.72
4,102,60,56,147,46,68,147,48,78,92,47,40,-1,-1,-1,8.65
5,55,90,51,100,82,47,19,64,75,339,62,80,191,66,32,5.06
4,157,68,71,270,56,41,57,42,49,243,86,55,-1,-1,-1,3.56
4,133,85,54,263,69,51,12,64,56,150,45,39,-1,-1,-1,8.82
4,31,49,48,268,40,57,284,54,42,244,81,58,-1,-1,-1,3.7
5,180,52,31,314,45,67,63,49,57,178,71,49,304,41,43,8.15
5,352,74,33,116,75,60,239,66,74,350,83,77,109,50,52,9.44
3,16,80,39,148,83,35,139,83,69,-1,-1,-1,-1,-1,-1,9.67
3,328,71,61,350,70,67,323,48,38,-1,-1,-1,-1,-1,-1,8.67
3,13,71,66,359,80,36,311,52,35,-1,-1,-1,-1,-1,-1,8.69
3,180,51,37,159,51,40,112,48,58,-1,-1,-1,-1,-1,-1,8.03
3,293,49,70,49,72,58,172,69,39,-1,-1,-1,-1,-1,-1,8.72
3,241,68,53,345,75,47,277,42,65,-1,-1,-1,-1,-1,-1,4.18
4,194,40,54,226,65,43,191,62,43,236,54,80,-1,-1,-1,9.93
3,47,77,38,45,46,60,42,50,54,-1,-1,-1,-1,-1,-1,9.48
3,160,67,30,255,52,69,5,71,80,-1,-1,-1,-1,-1,-1,9.63
3,136,58,38,126,80,66,132,73,76,-1,-1,-1,-1,-1,-1,9.55
5,57,58,64,48,66,39,54,40,67,51,53,41,50,87,34,8.82
5,218,80,72,212,47,70,217,70,55,211,82,52,215,46,51,8.76
5,227,54,61,231,72,73,202,50,80,242,65,59,188,40,59,8.67
5,125,82,49,184,40,69,174,86,40,154,43,64,127,56,67,8.77
3,300,56,49,246,48,47,246,66,44,-1,-1,-1,-1,-1,-1,8.59
3,146,69,73,83,51,48,136,73,56,-1,-1,-1,-1,-1,-1,8.11
5,303,79,52,258,81,51,288,41,76,303,87,39,276,41,57,8.11
3,170,85,67,303,59,59,54,57,36,-1,-1,-1,-1,-1,-1,8.93
3,111,80,72,237,48,66,1,87,40,-1,-1,-1,-1,-1,-1,8.08
4,333,68,30,105,80,49,218,47,39,341,64,67,-1,-1,-1,8.99
4,320,51,80,328,49,41,329,89,79,321,56,58,-1,-1,-1,9.99
4,57,40,73,168,81,55,306,59,35,200,85,57,-1,-1,-1,8.43
3,111,58,31,235,57,64,349,80,74,-1,-1,-1,-1,-1,-1,9.42
5,119,44,49,238,73,65,359,64,39,138,53,38,251,76,72,8.13
4,64,52,67,138,60,37,110,90,64,70,88,39,-1,-1,-1,8.25
4,142,64,78,219,66,41,39,61,80,145,90,43,-1,-1,-1,9.88
3,301,82,36,219,81,46,170,55,61,-1,-1,-1,-1,-1,-1,3.92
5,353,64,41,112,54,80,244,84,59,351,58,57,118,84,63,8.16
5,107,64,47,100,66,43,104,65,35,102,69,40,100,49,70,9.15
5,177,84,72,40,82,32,27,49,30,32,53,70,280,61,70,4.68
3,16,84,75,153,54,75,42,81,50,-1,-1,-1,-1,-1,-1,8.5
3,216,55,51,324,77,76,96,51,71,-1,-1,-1,-1,-1,-1,8.91
4,84,81,36,78,44,76,69,55,39,45,44,46,-1,-1,-1,9.7
5,329,60,36,301,64,62,341,89,75,19,85,48,17,78,68,8.9
3,286,78,37,294,77,45,255,54,54,-1,-1,-1,-1,-1,-1,8.12
3,293,88,69,142,45,63,328,52,36,-1,-1,-1,-1,-1,-1,8.75
3,108,50,50,112,67,31,117,43,65,-1,-1,-1,-1,-1,-1,8.91
5,185,63,79,175,41,64,175,61,57,175,45,40,182,62,41,8.53
3,114,67,39,118,65,32,113,40,50,-1,-1,-1,-1,-1,-1,8.82
5,270,53,50,275,61,74,310,65,67,313,58,64,289,42,55,8.59
3,20,76,48,49,66,60,3,68,36,-1,-1,-1,-1,-1,-1,8.4
4,112,71,51,341,81,52,283,42,30,342,57,58,-1,-1,-1,9.24
5,169,44,49,116,50,38,138,83,43,141,62,57,158,80,45,8.38
5,273,78,80,51,69,75,171,44,59,273,74,76,41,55,74,8.17
5,34,75,64,35,81,73,288,74,39,28,43,34,220,51,68,9.6
4,332,60,57,354,58,50,42,51,64,335,69,57,-1,-1,-1,8.98
4,288,60,65,301,65,78,298,42,77,271,81,31,-1,-1,-1,9.68
5,317,52,34,301,45,78,260,45,77,255,63,78,260,77,40,9.52
4,28,72,65,43,40,36,357,85,38,355,75,37,-1,-1,-1,8.87
5,145,69,53,265,40,32,14,48,44,145,90,57,269,68,80,9.65
5,203,48,57,202,90,32,199,45,33,198,42,32,201,82,67,9.38
5,145,48,35,189,72,41,141,58,33,149,40,40,169,68,65,8.31
5,231,60,65,236,68,48,234,80,58,238,65,47,230,78,34,9.24
5,41,88,43,115,41,78,274,48,36,12,56,79,33,54,68,4.74
5,228,82,54,228,81,74,226,78,34,229,49,34,220,80,50,9.05
3,182,84,76,297,63,46,118,73,34,-1,-1,-1,-1,-1,-1,9.76
5,205,81,52,207,50,80,201,46,65,205,48,43,203,86,36,10.0
5,113,40,53,225,81,73,177,86,67,270,56,66,215,67,75,4.42
4,17,90,36,125,85,68,244,88,57,10,76,41,-1,-1,-1,8.47
5,339,47,49,293,88,63,63,88,74,319,42,39,39,54,73,4.38
5,146,84,54,152,88,45,141,61,45,82,84,77,122,83,38,8.8
3,145,74,50,72,71,35,126,84,36,-1,-1,-1,-1,-1,-1,8.23
4,206,52,72,221,43,31,213,43,58,221,67,47,-1,-1,-1,10.0
4,172,82,59,293,45,76,44,79,59,170,81,41,-1,-1,-1,8.5
4,167,72,55,130,40,44,174,53,76,145,79,48,-1,-1,-1,8.45
5,294,42,53,226,77,44,148,62,36,221,73,32,254,65,77,4.71
3,17,46,34,219,47,41,185,40,52,-1,-1,-1,-1,-1,-1,3.62
3,321,55,58,320,71,43,325,83,40,-1,-1,-1,-1,-1,-1,8.82
3,305,69,76,279,63,49,254,81,54,-1,-1,-1,-1,-1,-1,8.29
5,122,59,36,245,90,32,358,72,76,129,42,39,251,44,40,9.63
4,313,51,51,312,90,65,310,75,38,311,58,49,-1,-1,-1,9.09
5,48,63,58,96,60,59,213,76,62,90,70,34,300,82,34,8.46
4,338,75,53,343,47,31,336,43,58,338,43,63,-1,-1,-1,9.36
3,167,80,74,160,50,34,160,71,74,-1,-1,-1,-1,-1,-1,10.0
3,147,50,59,149,84,44,151,73,68,-1,-1,-1,-1,-1,-1,9.4
5,162,61,44,204,68,54,192,89,80,204,82,63,158,53,76,8.93
4,246,66,61,352,88,78,115,73,59,243,69,56,-1,-1,-1,8.33
4,119,54,30,291,41,59,342,89,55,284,73,56,-1,-1,-1,3.66
4,33,46,30,78,58,60,186,62,55,85,83,60,-1,-1,-1,4.32
3,37,59,73,285,55,57,285,79,44,-1,-1,-1,-1,-1,-1,8.85
3,200,87,67,129,66,36,201,85,37,-1,-1,-1,-1,-1,-1,8.44
4,175,56,44,87,46,40,191,85,75,102,76,57,-1,-1,-1,4.14
5,76,63,77,83,45,46,82,47,39,75,74,70,76,56,79,10.0
4,242,41,31,2,63,58,110,89,64,232,63,78,-1,-1,-1,9.33
5,71,45,52,112,41,38,309,42,60,29,73,33,295,63,43,8.56
5,225,46,76,331,83,72,89,44,65,222,63,42,337,47,60,8.22
3,276,45,50,45,43,54,160,65,43,-1,-1,-1,-1,-1,-1,8.33
5,295,41,65,65,62,40,180,56,41,306,52,43,59,63,53,8.72
5,17,42,42,22,61,49,314,58,70,27,88,75,338,79,33,9.32
3,86,80,56,207,76,32,332,75,50,-1,-1,-1,-1,-1,-1,8.93
5,84,78,45,81,57,39,79,40,42,83,86,73,80,57,36,9.1
3,263,77,63,309,59,42,218,88,73,-1,-1,-1,-1,-1,-1,3.62
4,141,83,67,137,64,70,137,41,32,140,84,73,-1,-1,-1,10.0
4,227,54,74,275,43,37,246,45,57,235,83,34,-1,-1,-1,9.28
5,345,62,36,277,82,70,355,50,34,226,60,74,342,78,62,5.23
3,158,58,53,152,78,72,130,44,35,-1,-1,-1,-1,-1,-1,9.89
5,42,54,40,42,65,65,44,42,58,38,45,69,43,64,53,8.72
4,105,64,61,228,83,31,343,59,55,115,77,67,-1,-1,-1,8.07
5,218,48,59,340,78,64,159,88,36,6,41,70,91,69,52,8.9
3,314,43,63,324,58,39,321,53,70,-1,-1,-1,-1,-1,-1,9.14
4,272,74,78,311,50,52,233,88,49,232,71,40,-1,-1,-1,8.37
4,269,59,73,257,60,66,284,88,53,289,44,34,-1,-1,-1,8.8
3,5,66,58,10,46,66,3,86,77,-1,-1,-1,-1,-1,-1,9.29
4,287,68,57,287,46,58,290,60,63,294,90,69,-1,-1,-1,9.38
4,323,58,64,159,82,41,224,77,73,326,60,79,-1,-1,-1,4.06
4,223,48,64,311,49,33,126,61,79,315,49,76,-1,-1,-1,10.0
4,312,77,39,204,56,72,43,56,35,211,78,77,-1,-1,-1,5.4
5,126,88,78,128,87,61,131,66,41,133,64,76,135,72,34,10.0
3,186,43,37,246,49,55,246,77,59,-1,-1,-1,-1,-1,-1,8.79
4,164,84,69,101,86,55,155,44,53,101,51,76,-1,-1,-1,8.12
4,48,74,56,206,53,42,326,78,69,205,75,53,-1,-1,-1,8.14
3,65,67,62,46,66,61,35,89,58,-1,-1,-1,-1,-1,-1,8.16
3,163,86,49,324,54,79,177,46,55,-1,-1,-1,-1,-1,-1,4.23
4,238,48,72,229,81,61,236,77,32,232,70,71,-1,-1,-1,10.0
3,326,42,37,55,78,47,273,89,78,-1,-1,-1,-1,-1,-1,4.82
3,163,84,66,284,72,33,274,70,34,-1,-1,-1,-1,-1,-1,9.97
5,13,45,46,8,57,31,8,56,66,15,60,37,12,90,32,9.06
3,33,50,30,33,44,79,26,61,55,-1,-1,-1,-1,-1,-1,9.65
4,123,86,45,243,77,31,7,58,37,132,57,33,-1,-1,-1,8.57
5,244,74,77,240,81,35,243,59,66,238,81,64,245,44,72,8.77
3,36,42,38,239,58,79,230,41,73,-1,-1,-1,-1,-1,-1,5.28
4,95,56,50,99,41,74,99,61,78,101,84,32,-1,-1,-1,10.0
5,31,83,37,87,52,48,182,44,44,99,89,56,137,40,44,3.98
5,336,61,33,333,83,43,334,55,44,329,81,79,329,52,44,9.63
5,345,51,45,105,75,56,218,89,74,339,42,39,105,90,58,8.58
3,344,42,48,326,82,71,323,42,76,-1,-1,-1,-1,-1,-1,8.82
3,7,78,44,91,56,72,233,54,57,-1,-1,-1,-1,-1,-1,4.17
3,289,73,44,61,43,46,176,46,33,-1,-1,-1,-1,-1,-1,8.78
4,39,60,32,162,44,76,273,59,40,35,82,45,-1,-1,-1,9.61
3,135,55,65,136,78,32,130,82,34,-1,-1,-1,-1,-1,-1,9.67
4,15,47,61,189,90,60,21,58,45,305,45,77,-1,-1,-1,8.06
3,207,43,78,209,60,71,164,69,73,-1,-1,-1,-1,-1,-1,8.66
4,295,79,59,142,72,32,189,90,32,149,84,30,-1,-1,-1,4.03
4,69,59,64,195,50,51,310,42,75,70,52,32,-1,-1,-1,9.59
4,274,47,42,27,51,38,155,76,42,265,72,76,-1,-1,-1,9.16
4,12,58,36,148,62,43,267,52,48,13,69,58,-1,-1,-1,8.37
4,316,77,72,61,64,67,186,74,36,315,52,79,-1,-1,-1,9.21
5,203,71,57,65,89,45,196,56,44,50,53,53,97,67,32,4.38
4,308,44,38,311,47,54,7,44,53,14,54,49,-1,-1,-1,8.0
5,199,47,34,152,88,37,171,48,30,170,80,68,199,66,70,9.23
4,225,40,35,170,54,68,195,45,58,253,77,57,-1,-1,-1,8.75
3,207,43,47,331,87,41,101,85,30,-1,-1,-1,-1,-1,-1,8.04
4,201,50,48,325,81,63,71,42,45,196,51,60,-1,-1,-1,8.75
3,280,79,63,280,61,75,286,67,55,-1,-1,-1,-1,-1,-1,8.75
3,356,56,53,1,53,65,358,67,67,-1,-1,-1,-1,-1,-1,8.62
3,213,46,70,337,42,38,299,44,73,-1,-1,-1,-1,-1,-1,4.81
5,148,65,41,114,44,65,8,71,40,122,67,31,296,47,74,4.67
4,150,78,31,147,48,57,154,65,72,148,76,35,-1,-1,-1,9.55
3,3,43,47,118,73,58,242,88,74,-1,-1,-1,-1,-1,-1,8.99
3,125,48,49,307,76,52,172,75,52,-1,-1,-1,-1,-1,-1,8.64
4,309,46,49,323,42,59,311,80,73,266,64,65,-1,-1,-1,8.48
4,118,87,48,110,54,39,329,46,37,138,76,63,-1,-1,-1,4.4
4,216,74,54,274,57,36,219,72,48,350,72,48,-1,-1,-1,4.05
4,212,44,66,222,90,33,179,77,52,196,62,80,-1,-1,-1,9.07
3,269,85,73,308,49,47,277,41,61,-1,-1,-1,-1,-1,-1,8.32
3,71,61,53,9,83,55,146,68,54,-1,-1,-1,-1,-1,-1,3.78
5,321,47,80,275,67,55,316,72,76,292,84,68,345,80,68,8.27
5,176,76,62,288,79,57,56,90,78,169,60,64,278,50,63,8.67
4,6,81,47,5,61,49,3,53,35,3,88,52,-1,-1,-1,9.04
5,204,88,40,325,60,55,96,45,63,208,83,39,331,88,64,8.91
4,75,40,75,6,62,69,146,68,35,79,40,55,-1,-1,-1,5.08
3,5,80,80,7,52,35,9,68,68,-1,-1,-1,-1,-1,-1,9.64
3,339,85,72,85,54,65,215,78,58,-1,-1,-1,-1,-1,-1,8.67
3,205,41,44,100,83,70,153,45,61,-1,-1,-1,-1,-1,-1,3.53
5,158,75,33,61,67,45,18,51,80,42,71,68,102,65,60,4.91
4,339,47,44,308,83,74,302,83,47,347,62,69,-1,-1,-1,8.48
5,199,47,58,194,50,80,200,55,57,198,70,36,200,59,47,8.7
5,149,51,62,315,72,74,21,48,67,303,51,79,7,43,31,9.04
4,178,65,56,181,52,40,186,77,80,183,90,58,-1,-1,-1,8.97
5,330,50,55,247,84,43,172,56,31,351,51,47,327,75,63,9.34
4,284,53,45,29,68,37,23,70,64,328,47,64,-1,-1,-1,3.66
3,4,44,76,203,47,52,1,53,57,-1,-1,-1,-1,-1,-1,3.55
3,158,78,49,88,77,69,284,70,79,-1,-1,-1,-1,-1,-1,8.67
5,105,45,32,106,85,50,144,40,64,117,48,66,112,73,45,8.98
3,164,55,74,269,59,72,36,72,45,-1,-1,-1,-1,-1,-1,8.25
4,354,58,35,49,89,58,333,42,69,147,76,47,-1,-1,-1,9.28
4,220,76,64,343,71,66,95,59,44,219,56,34,-1,-1,-1,8.04
3,289,54,40,45,69,80,166,87,51,-1,-1,-1,-1,-1,-1,9.67
3,234,71,47,233,57,80,242,75,64,-1,-1,-1,-1,-1,-1,8.81
4,30,72,49,138,72,74,256,81,70,13,41,69,-1,-1,-1,8.65
3,33,56,39,130,63,46,136,43,49,-1,-1,-1,-1,-1,-1,3.62
5,108,71,40,107,75,66,110,57,66,109,59,63,104,66,57,8.61
5,177,80,53,178,51,72,172,58,69,178,65,42,174,86,55,8.87
3,70,88,51,73,63,71,76,69,40,-1,-1,-1,-1,-1,-1,8.67
5,124,81,78,245,58,80,0,80,40,117,88,49,241,71,75,9.37
3,322,53,76,74,66,33,206,56,46,-1,-1,-1,-1,-1,-1,9.65
5,69,59,32,127,73,32,122,67,41,69,56,34,91,61,35,8.5
4,139,56,38,83,65,59,83,50,58,121,47,74,-1,-1,-1,8.12
4,122,68,37,229,89,34,48,54,33,138,85,79,-1,-1,-1,10.0
3,325,47,72,335,54,49,334,48,74,-1,-1,-1,-1,-1,-1,9.47
5,100,59,80,207,69,42,326,47,78,96,57,80,214,71,78,8.02
3,247,79,76,356,82,37,111,76,67,-1,-1,-1,-1,-1,-1,9.3
4,183,89,69,319,61,59,67,76,71,201,89,69,-1,-1,-1,8.16
5,167,66,74,173,69,53,171,57,78,169,89,61,169,42,68,8.86
4,322,69,60,67,57,45,186,86,51,311,66,75,-1,-1,-1,8.11
4,340,67,52,18,81,53,240,87,38,18,59,49,-1,-1,-1,3.88
5,123,75,56,174,55,46,29,47,55,241,84,71,8,64,60,8.55
4,104,47,63,188,77,70,98,61,40,191,69,60,-1,-1,-1,3.88
5,299,67,72,191,44,37,142,62,30,48,77,37,54,50,45,3.84
5,270,59,54,267,42,74,269,68,57,264,81,60,265,43,49,8.63
5,288,71,38,306,51,56,290,83,53,308,61,38,342,62,32,8.12
5,345,87,37,327,47,69,317,86,44,318,68,57,330,68,52,8.13
3,19,86,74,21,46,56,20,84,75,-1,-1,-1,-1,-1,-1,9.14
4,235,58,44,297,46,77,293,52,33,161,66,79,-1,-1,-1,4.98
5,284,78,56,184,74,33,316,44,56,184,82,36,268,90,38,4.47
5,100,44,68,215,70,39,348,54,72,100,87,62,231,83,64,8.35
5,299,64,51,304,70,78,287,75,49,277,78,50,269,44,39,8.95
4,105,51,62,227,43,36,342,51,75,104,77,39,-1,-1,-1,9.63
4,309,60,80,318,57,44,319,48,42,313,41,30,-1,-1,-1,9.84
3,335,90,54,334,54,67,339,70,50,-1,-1,-1,-1,-1,-1,8.85
4,21,83,59,28,90,69,20,50,46,28,81,74,-1,-1,-1,8.91
5,339,89,49,341,42,76,343,42,57,335,46,80,335,43,60,8.77
4,359,77,59,355,46,67,2,57,70,359,43,58,-1,-1,-1,9.08
4,210,48,73,341,44,56,88,59,33,217,85,54,-1,-1,-1,8.11
4,172,41,50,305,58,45,61,81,67,172,50,56,-1,-1,-1,8.79
3,72,41,30,24,42,34,19,57,39,-1,-1,-1,-1,-1,-1,8.45
3,194,67,45,189,78,40,256,63,41,-1,-1,-1,-1,-1,-1,8.24
4,89,40,73,61,66,35,95,46,41,62,55,51,-1,-1,-1,8.94
5,106,86,77,157,47,53,119,87,65,111,53,47,105,59,41,8.28
4,353,61,39,51,41,47,353,86,58,356,47,59,-1,-1,-1,8.44
4,3,90,30,356,59,53,355,71,76,4,62,72,-1,-1,-1,10.0
4,125,53,67,340,58,46,58,61,64,351,61,64,-1,-1,-1,4.18
4,182,44,37,37,63,57,93,63,33,37,56,51,-1,-1,-1,4.2
4,160,54,78,223,82,47,202,45,55,320,75,63,-1,-1,-1,3.91
4,106,48,30,110,67,58,107,48,44,101,81,78,-1,-1,-1,9.77
3,56,50,33,173,83,34,293,88,67,-1,-1,-1,-1,-1,-1,9.19
4,122,90,42,236,73,65,3,61,62,117,68,74,-1,-1,-1,8.31
5,229,64,69,229,40,71,231,88,77,231,88,59,233,56,69,9.28
3,66,45,55,355,53,45,78,58,78,-1,-1,-1,-1,-1,-1,8.44
5,289,40,39,322,89,64,5,59,37,316,61,72,152,53,54,4.03
4,52,85,77,215,61,36,262,44,65,119,44,64,-1,-1,-1,5.44
3,104,77,64,25,43,40,333,53,40,-1,-1,-1,-1,-1,-1,4.34
5,94,74,60,31,69,47,121,84,70,187,42,74,52,82,66,3.86
3,230,74,77,71,86,72,99,61,78,-1,-1,-1,-1,-1,-1,4.41
5,172,62,74,311,62,46,326,82,52,120,71,78,344,73,61,4.44
3,124,82,47,313,46,66,65,58,42,-1,-1,-1,-1,-1,-1,8.79
4,230,49,58,266,80,53,279,86,38,230,44,56,-1,-1,-1,8.93
3,344,59,37,345,41,57,343,65,75,-1,-1,-1,-1,-1,-1,10.0
3,40,56,52,39,80,77,38,66,33,-1,-1,-1,-1,-1,-1,9.9
4,68,68,39,44,59,60,16,44,45,21,68,71,-1,-1,-1,8.4
3,55,86,61,286,72,64,73,46,50,-1,-1,-1,-1,-1,-1,8.43
5,54,77,57,287,65,46,164,47,66,289,75,42,327,76,35,8.76
3,186,64,67,98,70,79,198,74,53,-1,-1,-1,-1,-1,-1,4.29
4,323,75,35,31,69,42,87,41,73,224,68,47,-1,-1,-1,3.83
3,301,90,72,186,74,44,15,50,55,-1,-1,-1,-1,-1,-1,8.82
4,289,43,35,63,52,39,184,84,67,287,73,75,-1,-1,-1,9.32
5,153,55,63,321,63,67,134,54,53,319,75,73,216,82,68,9.38
3,312,60,34,319,59,75,305,64,52,-1,-1,-1,-1,-1,-1,10.0
3,225,40,61,307,78,71,157,65,51,-1,-1,-1,-1,-1,-1,3.67
5,180,71,43,169,90,57,190,77,58,197,75,66,140,89,32,8.13
4,195,55,35,188,87,48,166,65,41,205,47,67,-1,-1,-1,8.23
5,175,87,73,172,46,75,175,47,33,177,80,73,171,61,36,10.0
4,248,75,52,248,64,59,249,55,70,251,54,31,-1,-1,-1,8.92
4,116,43,60,96,40,53,13,73,53,290,67,62,-1,-1,-1,9.17
3,291,89,35,293,45,79,241,74,73,-1,-1,-1,-1,-1,-1,9.04
5,156,67,66,120,45,80,125,87,39,182,55,57,137,55,49,8.18
4,66,45,67,196,53,60,310,73,47,72,74,44,-1,-1,-1,8.66
5,117,42,61,243,68,47,17,67,66,124,59,70,246,85,37,8.06
4,65,73,50,182,56,72,292,73,38,49,82,80,-1,-1,-1,9.49
3,245,50,80,225,58,52,209,85,58,-1,-1,-1,-1,-1,-1,8.15
5,346,59,68,347,71,78,347,53,58,346,57,69,342,80,51,9.0
5,199,58,40,276,49,35,165,83,30,172,89,78,231,84,37,4.86
3,273,68,71,29,83,78,145,76,66,-1,-1,-1,-1,-1,-1,8.34
4,306,80,62,68,60,71,198,65,38,306,80,68,-1,-1,-1,8.83
5,55,48,80,83,40,66,57,82,73,77,42,67,83,65,59,8.7
4,177,63,30,295,40,60,334,79,79,232,70,70,-1,-1,-1,5.11
3,223,51,61,220,41,59,218,43,62,-1,-1,-1,-1,-1,-1,8.8
4,253,88,79,241,61,60,201,55,73,250,56,68,-1,-1,-1,8.63
3,169,82,58,179,48,65,166,76,33,-1,-1,-1,-1,-1,-1,8.69
4,220,42,80,221,61,56,220,80,66,214,81,32,-1,-1,-1,10.0
3,298,80,48,251,57,54,89,54,78,-1,-1,-1,-1,-1,-1,4.07
4,249,69,55,248,64,39,247,72,61,204,46,64,-1,-1,-1,8.52
4,181,76,74,219,90,74,223,62,54,178,53,65,-1,-1,-1,8.88
4,359,47,39,138,86,68,244,68,59,14,47,61,-1,-1,-1,8.99
5,44,66,35,6,48,72,335,78,49,15,72,69,350,46,72,8.46
4,285,67,57,38,88,64,149,87,63,280,77,60,-1,-1,-1,8.59
4,181,42,39,122,47,72,42,84,42,134,48,35,-1,-1,-1,4.18
3,139,80,44,353,75,62,218,87,45,-1,-1,-1,-1,-1,-1,3.65
3,138,44,73,75,87,37,32,76,45,-1,-1,-1,-1,-1,-1,4.52
5,235,55,48,239,41,57,235,58,61,233,89,37,236,90,57,8.69
4,331,66,70,26,72,38,175,46,40,199,76,67,-1,-1,-1,3.59
4,29,56,61,36,84,36,30,57,36,34,88,33,-1,-1,-1,9.15
4,146,78,42,294,84,43,312,58,33,140,56,70,-1,-1,-1,9.0
5,218,82,68,219,87,30,210,64,38,204,76,39,230,40,35,8.65
4,182,82,70,180,79,57,186,77,79,189,50,52,-1,-1,-1,9.4
3,292,86,68,263,74,50,273,71,80,-1,-1,-1,-1,-1,-1,8.24
3,25,44,42,25,55,59,33,87,67,-1,-1,-1,-1,-1,-1,9.26
4,95,79,68,97,47,76,98,77,39,95,60,63,-1,-1,-1,8.9
5,15,56,52,25,74,38,12,89,71,0,45,66,357,46,72,8.28
4,251,79,63,193,71,45,147,68,37,204,49,80,-1,-1,-1,4.58
3,230,75,78,226,41,66,226,74,77,-1,-1,-1,-1,-1,-1,8.7
4,259,71,34,69,58,64,159,80,74,147,57,37,-1,-1,-1,9.82
4,275,74,47,277,73,47,285,65,70,284,50,44,-1,-1,-1,9.18
3,195,48,36,324,70,66,68,47,75,-1,-1,-1,-1,-1,-1,9.3
4,316,57,66,320,79,71,314,85,56,314,81,67,-1,-1,-1,8.76
4,76,45,55,78,52,33,41,52,77,64,49,76,-1,-1,-1,9.08
5,15,57,64,21,88,73,13,70,56,21,70,31,19,43,58,9.3
5,157,70,69,52,45,68,332,71,37,187,77,36,290,40,51,4.11
5,360,79,33,301,42,59,234,87,36,318,66,33,272,80,64,3.94
5,121,77,51,126,73,30,124,52,39,125,40,61,122,86,33,9.31
3,170,51,64,254,61,64,335,64,66,-1,-1,-1,-1,-1,-1,4.0
4,341,63,73,345,73,77,352,62,78,299,46,31,-1,-1,-1,9.49
4,130,65,80,350,43,42,115,73,33,341,46,77,-1,-1,-1,9.76
4,61,49,66,7,52,72,58,58,79,7,87,57,-1,-1,-1,8.03
4,138,84,53,266,54,40,97,54,49,261,71,38,-1,-1,-1,8.27
3,94,89,53,204,48,64,321,59,34,-1,-1,-1,-1,-1,-1,8.43
4,134,52,66,97,43,46,125,54,59,109,70,72,-1,-1,-1,8.12
4,153,57,50,266,55,42,18,83,50,149,85,51,-1,-1,-1,8.93
5,38,62,34,33,52,74,35,68,47,36,86,71,40,75,76,9.61
3,121,42,50,274,54,37,102,44,39,-1,-1,-1,-1,-1,-1,9.41
5,149,79,75,118,43,30,321,68,78,169,58,65,148,60,75,4.64
4,5,52,69,12,75,49,8,58,31,11,43,69,-1,-1,-1,10.0
4,229,61,72,228,84,45,233,82,31,226,79,60,-1,-1,-1,10.0
3,171,60,67,281,62,54,41,86,76,-1,-1,-1,-1,-1,-1,8.77
3,84,78,50,81,72,38,89,67,35,-1,-1,-1,-1,-1,-1,8.56
3,42,89,55,47,65,66,76,52,43,-1,-1,-1,-1,-1,-1,8.62
3,95,50,35,249,55,59,160,62,68,-1,-1,-1,-1,-1,-1,3.64
3,352,63,63,184,42,50,196,82,44,-1,-1,-1,-1,-1,-1,3.6
5,168,46,50,149,71,70,144,53,60,170,86,68,198,51,73,8.87
4,62,75,60,58,71,78,56,42,49,57,48,77,-1,-1,-1,9.07
3,119,55,46,243,75,73,355,88,75,-1,-1,-1,-1,-1,-1,8.53
5,211,66,78,215,52,70,215,63,66,211,47,70,216,46,59,8.55
3,316,53,46,312,61,63,318,62,39,-1,-1,-1,-1,-1,-1,9.23
4,91,89,40,54,58,41,83,45,67,62,85,74,-1,-1,-1,9.46
5,13,77,71,258,60,64,220,47,49,250,69,65,181,46,62,8.57
3,11,89,64,25,74,58,340,61,35,-1,-1,-1,-1,-1,-1,8.46
4,110,41,75,286,63,54,222,47,74,293,52,31,-1,-1,-1,10.0
5,326,83,47,324,70,67,324,57,64,318,81,48,316,48,47,9.34
4,81,51,51,93,49,38,149,90,61,87,68,41,-1,-1,-1,8.22
3,33,56,47,9,52,64,288,42,63,-1,-1,-1,-1,-1,-1,4.47
3,212,69,67,211,88,73,211,63,51,-1,-1,-1,-1,-1,-1,9.22
5,45,57,36,167,42,30,274,43,30,49,48,34,168,50,62,8.92
3,24,82,77,20,48,58,21,59,33,-1,-1,-1,-1,-1,-1,9.71
4,11,65,45,13,71,52,5,71,35,10,66,34,-1,-1,-1,9.25
5,248,48,43,100,40,49,94,59,37,219,67,38,353,83,68,8.47
5,326,55,61,276,72,40,274,59,61,273,75,80,256,72,75,8.56
5,25,86,34,32,78,49,55,61,35,74,83,30,11,61,59,8.09
3,193,90,59,192,59,58,191,47,63,-1,-1,-1,-1,-1,-1,9.48
4,81,69,51,97,73,66,54,41,61,116,76,49,-1,-1,-1,8.41
4,331,56,50,350,57,74,238,61,42,45,74,45,-1,-1,-1,4.04
5,209,77,49,105,55,60,13,70,58,291,52,69,295,48,31,3.5
4,158,62,31,357,87,41,331,61,67,345,45,63,-1,-1,-1,8.53
4,53,61,54,1,58,63,359,83,62,358,82,52,-1,-1,-1,8.86
4,152,69,60,148,45,42,150,88,36,152,52,53,-1,-1,-1,8.84
4,345,80,33,89,47,69,47,53,34,33,50,32,-1,-1,-1,5.13
4,132,41,72,91,64,79,86,55,58,105,61,49,-1,-1,-1,8.83
3,313,67,33,19,84,57,2,63,62,-1,-1,-1,-1,-1,-1,8.38
5,254,71,62,255,77,48,253,79,68,258,65,63,256,61,77,9.18
5,275,44,37,248,83,56,258,54,43,270,44,44,305,88,48,8.4
5,217,56,38,307,51,31,227,78,38,310,74,57,29,72,80,10.0
3,139,59,38,151,89,70,315,75,71,-1,-1,-1,-1,-1,-1,10.0
4,86,86,31,129,79,63,323,76,80,256,43,40,-1,-1,-1,9.83
3,251,61,31,248,69,78,252,64,42,-1,-1,-1,-1,-1,-1,10.0
5,159,51,47,168,44,30,165,74,55,164,52,36,166,77,46,9.47
4,218,51,51,250,45,38,287,71,52,217,50,58,-1,-1,-1,8.54
3,306,59,73,310,54,77,322,65,58,-1,-1,-1,-1,-1,-1,8.81
5,116,78,64,172,56,55,156,88,39,112,58,71,163,90,41,8.1
4,97,45,74,104,75,40,95,86,42,102,42,41,-1,-1,-1,9.03
3,283,72,61,27,42,38,164,56,52,-1,-1,-1,-1,-1,-1,8.13
3,268,81,47,232,68,65,232,40,61,-1,-1,-1,-1,-1,-1,8.01
5,139,42,39,143,49,52,141,50,68,138,62,39,143,48,73,8.65
3,60,53,56,191,54,38,314,68,72,-1,-1,-1,-1,-1,-1,8.37
3,171,45,59,218,66,55,173,61,56,-1,-1,-1,-1,-1,-1,8.47
4,102,69,63,190,82,80,266,48,39,187,65,52,-1,-1,-1,5.24
5,81,61,72,43,61,40,344,77,62,183,64,70,145,61,34,5.14
4,150,72,42,143,72,46,291,60,61,49,74,66,-1,-1,-1,8.02
4,331,44,79,101,82,63,224,40,41,330,89,66,-1,-1,-1,8.96
5,158,74,30,161,76,40,154,75,50,152,80,47,154,80,34,8.73
3,257,48,56,138,49,38,133,75,49,-1,-1,-1,-1,-1,-1,8.91
5,218,70,55,221,80,74,223,61,80,219,64,60,226,43,45,8.94
5,212,69,54,176,64,64,225,61,59,4,49,63,148,82,66,4.06
3,15,56,66,12,70,75,354,59,48,-1,-1,-1,-1,-1,-1,8.74
4,248,82,64,241,88,42,245,90,65,244,69,33,-1,-1,-1,9.15
4,114,74,40,232,83,53,2,46,76,117,87,65,-1,-1,-1,8.39
5,355,62,56,353,46,34,359,68,40,358,45,44,0,66,49,9.18
4,138,75,79,229,79,37,199,45,80,248,54,33,-1,-1,-1,4.73
3,89,73,55,76,64,64,88,71,78,-1,-1,-1,-1,-1,-1,8.66
3,297,79,59,238,84,33,300,43,62,-1,-1,-1,-1,-1,-1,8.45
4,48,41,35,175,88,37,292,81,39,44,43,42,-1,-1,-1,8.4
4,171,47,62,290,70,70,40,71,80,165,68,48,-1,-1,-1,8.31
4,28,64,57,33,65,46,36,78,62,26,74,50,-1,-1,-1,9.23
3,202,42,70,158,55,71,13,68,34,-1,-1,-1,-1,-1,-1,9.57
3,272,57,69,156,60,53,186,61,44,-1,-1,-1,-1,-1,-1,3.77
4,256,75,45,276,45,41,319,70,75,87,40,77,-1,-1,-1,9.93
3,4,40,64,27,68,58,350,49,31,-1,-1,-1,-1,-1,-1,8.39
4,116,48,57,227,88,71,56,61,62,325,48,76,-1,-1,-1,8.17
4,258,53,47,189,61,54,198,50,62,191,40,57,-1,-1,-1,8.89
4,71,66,39,323,58,48,60,58,32,324,90,58,-1,-1,-1,4.11
3,265,76,42,211,44,68,303,41,34,-1,-1,-1,-1,-1,-1,3.84
4,43,78,42,138,75,63,149,54,44,138,40,61,-1,-1,-1,3.79
3,191,69,53,79,44,50,300,54,80,-1,-1,-1,-1,-1,-1,8.62
4,316,44,70,311,77,55,315,40,65,310,89,38,-1,-1,-1,8.81
3,249,49,55,314,56,31,150,40,42,-1,-1,-1,-1,-1,-1,4.44
3,301,81,40,79,72,31,185,84,64,-1,-1,-1,-1,-1,-1,8.02
5,184,76,69,189,43,39,188,78,42,187,53,44,189,81,74,8.51
4,348,51,35,355,88,77,353,69,46,356,68,79,-1,-1,-1,10.0
5,278,41,60,102,85,52,351,52,35,276,51,50,168,62,74,8.04
3,27,56,34,27,72,72,25,40,47,-1,-1,-1,-1,-1,-1,9.51
4,338,58,37,174,60,51,300,74,55,325,79,54,-1,-1,-1,8.57
4,181,62,37,142,88,66,306,80,66,143,45,46,-1,-1,-1,8.68
4,184,54,68,306,49,36,60,53,30,189,85,33,-1,-1,-1,9.61
5,210,71,71,298,41,50,191,51,61,299,64,54,235,47,55,3.96
4,214,51,80,217,78,74,211,81,61,213,85,77,-1,-1,-1,9.4
5,64,67,79,145,62,55,306,72,63,208,63,62,334,64,42,4.38
3,244,68,45,249,49,56,278,64,67,-1,-1,-1,-1,-1,-1,8.44
5,118,67,38,238,50,80,353,56,53,115,88,74,247,51,49,9.19
3,315,80,56,6,66,34,240,88,34,-1,-1,-1,-1,-1,-1,4.02
4,284,55,40,285,67,54,113,78,66,295,60,65,-1,-1,-1,9.35
3,169,58,45,151,53,75,105,55,46,-1,-1,-1,-1,-1,-1,8.39
4,332,69,42,331,56,51,334,87,80,333,53,79,-1,-1,-1,9.77
4,280,82,47,258,55,38,253,48,42,263,59,38,-1,-1,-1,8.82
4,307,54,64,303,56,53,308,74,64,304,80,62,-1,-1,-1,9.28
4,77,41,56,56,82,73,52,82,64,33,44,31,-1,-1,-1,9.99
5,16,63,51,310,59,45,49,62,63,22,50,32,279,86,65,4.35
3,118,50,36,113,49,66,120,86,72,-1,-1,-1,-1,-1,-1,10.0
3,181,82,38,299,52,30,63,75,44,-1,-1,-1,-1,-1,-1,8.98
4,27,53,63,88,44,71,52,57,47,129,42,47,-1,-1,-1,4.11
5,193,74,64,54,48,38,198,75,61,6,67,51,307,72,70,4.12
4,345,85,48,338,88,60,346,83,66,343,88,31,-1,-1,-1,9.06
4,18,89,69,21,41,73,76,56,73,44,61,70,-1,-1,-1,8.11
3,235,75,77,224,52,66,265,45,46,-1,-1,-1,-1,-1,-1,8.06
5,225,55,55,99,73,32,182,62,50,255,83,57,111,89,59,4.1
4,223,74,59,231,64,71,280,66,66,249,48,42,-1,-1,-1,8.41
5,348,78,53,344,41,53,347,80,40,350,90,64,348,49,78,8.96
3,263,62,58,176,89,30,296,57,51,-1,-1,-1,-1,-1,-1,4.28
3,97,68,52,101,84,61,101,64,73,-1,-1,-1,-1,-1,-1,8.86
4,163,65,53,56,75,52,87,72,59,110,48,59,-1,-1,-1,4.29
5,127,48,61,104,55,41,3,56,59,113,50,62,95,77,52,4.15
4,142,43,77,326,42,36,295,57,31,329,70,48,-1,-1,-1,10.0
4,333,76,48,83,67,46,217,61,30,332,80,55,-1,-1,-1,8.62
4,3,77,44,358,81,32,358,47,59,2,79,38,-1,-1,-1,9.19
4,142,68,80,76,87,48,353,65,34,79,44,32,-1,-1,-1,5.26
3,298,85,79,304,53,71,285,90,48,-1,-1,-1,-1,-1,-1,9.28
5,255,46,70,326,87,40,229,48,44,213,70,41,264,85,67,3.89
5,93,89,80,210,65,41,318,63,46,94,56,70,203,89,38,4.7
4,17,49,38,206,84,77,84,48,55,204,61,50,-1,-1,-1,8.98
4,89,46,43,138,56,50,122,69,57,112,61,63,-1,-1,-1,8.07
5,333,51,70,335,54,80,337,79,70,339,80,53,342,55,54,8.66
3,121,53,63,124,82,63,134,84,44,-1,-1,-1,-1,-1,-1,8.7
5,148,89,48,148,85,60,148,54,52,149,72,48,140,72,79,8.54
5,69,52,68,64,58,37,69,75,70,75,64,72,74,83,48,9.48
5,24,90,61,214,45,57,68,51,69,180,45,37,217,78,60,8.89
4,315,75,43,79,74,71,203,60,70,310,55,48,-1,-1,-1,8.81
5,139,52,66,135,52,43,140,89,52,140,42,53,138,58,78,8.88
4,279,90,73,273,71,62,251,60,77,312,73,75,-1,-1,-1,8.72
5,317,53,41,319,87,74,309,76,44,244,88,67,291,84,67,8.94
3,252,74,60,12,63,68,133,82,62,-1,-1,-1,-1,-1,-1,8.72
4,177,53,51,170,49,53,212,86,71,166,81,78,-1,-1,-1,8.07
3,88,58,70,201,43,70,322,57,62,-1,-1,-1,-1,-1,-1,8.68
4,264,73,58,9,65,34,126,80,36,244,84,44,-1,-1,-1,8.7
5,6,52,42,344,65,70,340,61,49,340,67,71,347,79,71,8.33
4,128,61,38,132,88,49,136,66,44,127,78,65,-1,-1,-1,9.07
4,152,46,70,164,87,53,142,71,31,184,47,67,-1,-1,-1,9.55
3,350,47,56,162,45,42,224,62,53,-1,-1,-1,-1,-1,-1,9.41
5,3,45,66,115,42,32,253,83,38,4,48,62,118,53,31,9.5
5,83,46,58,80,80,59,88,84,64,88,87,35,87,85,73,8.58
5,226,71,47,171,55,73,227,46,49,221,71,67,222,72,51,8.61
3,219,63,64,293,81,57,168,65,31,-1,-1,-1,-1,-1,-1,4.07
5,175,57,78,303,57,42,69,79,52,172,41,69,301,69,31,9.56
5,224,75,52,134,53,32,75,50,78,201,76,75,109,49,36,5.49
3,140,64,66,128,84,64,170,60,52,-1,-1,-1,-1,-1,-1,8.99
4,279,57,52,338,45,41,215,66,38,338,76,56,-1,-1,-1,3.68
3,124,76,49,94,53,53,65,76,65,-1,-1,-1,-1,-1,-1,8.55
5,177,51,73,2,52,74,216,82,56,257,43,45,172,60,33,10.0
